ISO-10303-21;
HEADER;
FILE_DESCRIPTION (( 'STEP AP214' ),
    '1' );
FILE_NAME ('1.3´ç240ÆÁÄ»º¸½Ó2.STEP',
    '2025-04-05T14:38:58',
    ( '' ),
    ( '' ),
    'SwSTEP 2.0',
    'SolidWorks 2024',
    '' );
FILE_SCHEMA (( 'AUTOMOTIVE_DESIGN' ));
ENDSEC;

DATA;
#1 = DIRECTION ( 'NONE',  ( -0.000000000000000000, -1.000000000000000000, 7.379191939847947013E-17 ) ) ;
#2 = LINE ( 'NONE', #1980, #2823 ) ;
#3 = CARTESIAN_POINT ( 'NONE',  ( -13.08000000000000362, -0.7999999999999973799, -6.110000000000000320 ) ) ;
#4 = LINE ( 'NONE', #2905, #2541 ) ;
#5 = ORIENTED_EDGE ( 'NONE', *, *, #2719, .F. ) ;
#6 = APPLICATION_PROTOCOL_DEFINITION ( 'draft international standard', 'automotive_design', 1998, #1144 ) ;
#7 = FILL_AREA_STYLE ('',( #2202 ) ) ;
#8 = CARTESIAN_POINT ( 'NONE',  ( -4.490000000000004654, -1.799999999999997158, -3.109999999999999432 ) ) ;
#9 = CARTESIAN_POINT ( 'NONE',  ( -1.340000000000004299, -1.794999999999997042, -3.109999999999999432 ) ) ;
#10 = ORIENTED_EDGE ( 'NONE', *, *, #41, .T. ) ;
#11 = FILL_AREA_STYLE ('',( #1203 ) ) ;
#12 = ADVANCED_FACE ( 'NONE', ( #2349 ), #1898, .F. ) ;
#13 = CARTESIAN_POINT ( 'NONE',  ( -5.890000000000003233, -1.794999999999997042, -3.109999999999999432 ) ) ;
#14 = COLOUR_RGB ( '',0.4039215686274509887, 0.3176470588235293935, 0.000000000000000000 ) ;
#15 = COLOUR_RGB ( '',0.4039215686274509887, 0.3176470588235293935, 0.000000000000000000 ) ;
#16 = VECTOR ( 'NONE', #1253, 1000.000000000000000 ) ;
#17 = CARTESIAN_POINT ( 'NONE',  ( -0.2900000000000064193, -1.794999999999997042, -3.109999999999999432 ) ) ;
#18 = DIRECTION ( 'NONE',  ( 0.000000000000000000, -7.228014483236695816E-17, -1.000000000000000000 ) ) ;
#19 = LINE ( 'NONE', #432, #1198 ) ;
#20 = ORIENTED_EDGE ( 'NONE', *, *, #1130, .F. ) ;
#21 = PRESENTATION_LAYER_ASSIGNMENT (  '', '', ( #1567 ) ) ;
#22 = CARTESIAN_POINT ( 'NONE',  ( 13.07999999999999652, 1.500000000000000000, -14.60999999999999943 ) ) ;
#23 = FACE_OUTER_BOUND ( 'NONE', #2805, .T. ) ;
#24 = VECTOR ( 'NONE', #2468, 1000.000000000000000 ) ;
#25 = PRESENTATION_STYLE_ASSIGNMENT (( #2538 ) ) ;
#26 = CARTESIAN_POINT ( 'NONE',  ( 0.000000000000000000, -1.794999999999996820, 1.297353011012679153E-16 ) ) ;
#27 = ORIENTED_EDGE ( 'NONE', *, *, #2934, .F. ) ;
#28 = SURFACE_STYLE_USAGE ( .BOTH. , #244 ) ;
#29 = SURFACE_STYLE_FILL_AREA ( #2460 ) ;
#30 = VERTEX_POINT ( 'NONE', #436 ) ;
#31 = CARTESIAN_POINT ( 'NONE',  ( 0.7599999999999950129, -1.794999999999997264, -6.110000000000000320 ) ) ;
#32 = DIRECTION ( 'NONE',  ( -0.000000000000000000, -1.000000000000000000, 7.379191939847947013E-17 ) ) ;
#33 = ORIENTED_EDGE ( 'NONE', *, *, #2132, .F. ) ;
#34 = EDGE_CURVE ( 'NONE', #177, #2698, #3190, .T. ) ;
#35 = DIRECTION ( 'NONE',  ( 0.000000000000000000, -7.228014483236695816E-17, -1.000000000000000000 ) ) ;
#36 = AXIS2_PLACEMENT_3D ( 'NONE', #3079, #108, #568 ) ;
#37 = LINE ( 'NONE', #2706, #174 ) ;
#38 = SURFACE_SIDE_STYLE ('',( #2218 ) ) ;
#39 = PRESENTATION_STYLE_ASSIGNMENT (( #1268 ) ) ;
#40 = CARTESIAN_POINT ( 'NONE',  ( 0.4099999999999937028, -1.794999999999997042, -3.109999999999999432 ) ) ;
#41 = EDGE_CURVE ( 'NONE', #1636, #1041, #1940, .T. ) ;
#42 = PRESENTATION_LAYER_ASSIGNMENT (  '', '', ( #1222 ) ) ;
#43 = CARTESIAN_POINT ( 'NONE',  ( -2.740000000000003766, -1.794999999999997042, -3.109999999999999432 ) ) ;
#44 = ORIENTED_EDGE ( 'NONE', *, *, #2589, .F. ) ;
#45 = CARTESIAN_POINT ( 'NONE',  ( 0.05999999999999495320, -1.794999999999997042, -3.109999999999999432 ) ) ;
#46 = LINE ( 'NONE', #1036, #2982 ) ;
#47 = DIRECTION ( 'NONE',  ( -0.000000000000000000, -1.000000000000000000, 7.379191939847947013E-17 ) ) ;
#48 = EDGE_CURVE ( 'NONE', #1885, #257, #1200, .T. ) ;
#49 = CARTESIAN_POINT ( 'NONE',  ( -13.08000000000000362, 1.500000000000000000, -14.60999999999999943 ) ) ;
#50 = PLANE ( 'NONE',  #2998 ) ;
#51 = CARTESIAN_POINT ( 'NONE',  ( -13.08000000000000362, 0.000000000000000000, -14.60999999999999943 ) ) ;
#52 = ORIENTED_EDGE ( 'NONE', *, *, #2758, .T. ) ;
#53 = SURFACE_SIDE_STYLE ('',( #3011 ) ) ;
#54 = EDGE_CURVE ( 'NONE', #1575, #1103, #1397, .T. ) ;
#55 = UNCERTAINTY_MEASURE_WITH_UNIT (LENGTH_MEASURE( 1.000000000000000082E-05 ), #2759, 'distance_accuracy_value', 'NONE');
#56 = UNCERTAINTY_MEASURE_WITH_UNIT (LENGTH_MEASURE( 1.000000000000000082E-05 ), #1343, 'distance_accuracy_value', 'NONE');
#57 = CARTESIAN_POINT ( 'NONE',  ( -3.090000000000004743, -1.794999999999997042, -3.109999999999999432 ) ) ;
#58 = CARTESIAN_POINT ( 'NONE',  ( 2.779999999999997584, -0.8000000000000000444, -14.86415607913129477 ) ) ;
#59 = AXIS2_PLACEMENT_3D ( 'NONE', #1852, #2062, #2916 ) ;
#60 = DIRECTION ( 'NONE',  ( 0.000000000000000000, -1.475838387969588910E-16, -1.000000000000000000 ) ) ;
#61 = ORIENTED_EDGE ( 'NONE', *, *, #1116, .F. ) ;
#62 = PRESENTATION_LAYER_ASSIGNMENT (  '', '', ( #1451 ) ) ;
#63 = SURFACE_STYLE_FILL_AREA ( #289 ) ;
#64 = VERTEX_POINT ( 'NONE', #1151 ) ;
#65 = FILL_AREA_STYLE ('',( #353 ) ) ;
#66 = PLANE ( 'NONE',  #2437 ) ;
#67 = ORIENTED_EDGE ( 'NONE', *, *, #825, .T. ) ;
#68 = ADVANCED_FACE ( 'NONE', ( #2669 ), #2933, .F. ) ;
#69 = LINE ( 'NONE', #1742, #648 ) ;
#70 = SURFACE_STYLE_USAGE ( .BOTH. , #2262 ) ;
#71 = LINE ( 'NONE', #1075, #2321 ) ;
#72 = ORIENTED_EDGE ( 'NONE', *, *, #1341, .F. ) ;
#73 = VECTOR ( 'NONE', #943, 1000.000000000000000 ) ;
#74 = CARTESIAN_POINT ( 'NONE',  ( -9.620000000000002771, -1.599999999999997646, -5.110000000000000320 ) ) ;
#75 = DIRECTION ( 'NONE',  ( 1.000000000000000000, 0.000000000000000000, 0.000000000000000000 ) ) ;
#76 = VECTOR ( 'NONE', #2251, 1000.000000000000000 ) ;
#77 = CARTESIAN_POINT ( 'NONE',  ( -12.08000000000000362, -0.7999999999999974909, -7.110000000000000320 ) ) ;
#78 = MECHANICAL_DESIGN_GEOMETRIC_PRESENTATION_REPRESENTATION (  '', ( #2276 ), #777 ) ;
#79 = DIRECTION ( 'NONE',  ( -0.000000000000000000, -1.000000000000000000, 7.379191939847947013E-17 ) ) ;
#80 = EDGE_CURVE ( 'NONE', #1960, #1168, #676, .T. ) ;
#81 = STYLED_ITEM ( 'NONE', ( #354 ), #1876 ) ;
#82 = DIRECTION ( 'NONE',  ( 0.000000000000000000, -1.000000000000000000, 1.475838387969588910E-16 ) ) ;
#83 = ORIENTED_EDGE ( 'NONE', *, *, #3066, .F. ) ;
#84 = COLOUR_RGB ( '',0.4039215686274509887, 0.3176470588235293935, 0.000000000000000000 ) ;
#85 = COLOUR_RGB ( '',0.4039215686274509887, 0.3176470588235293935, 0.000000000000000000 ) ;
#86 = ORIENTED_EDGE ( 'NONE', *, *, #154, .F. ) ;
#87 = DIRECTION ( 'NONE',  ( -1.000000000000000000, 0.000000000000000000, -0.000000000000000000 ) ) ;
#88 = ORIENTED_EDGE ( 'NONE', *, *, #580, .T. ) ;
#89 = DIRECTION ( 'NONE',  ( 0.000000000000000000, 7.228014483236695816E-17, 1.000000000000000000 ) ) ;
#90 = CARTESIAN_POINT ( 'NONE',  ( 0.4099999999999945910, -1.794999999999997264, -6.110000000000000320 ) ) ;
#91 = VERTEX_POINT ( 'NONE', #1682 ) ;
#92 = DIRECTION ( 'NONE',  ( 0.000000000000000000, -7.228014483236695816E-17, -1.000000000000000000 ) ) ;
#93 = CARTESIAN_POINT ( 'NONE',  ( -2.040000000000003588, -1.794999999999997042, -3.109999999999999432 ) ) ;
#94 = SURFACE_STYLE_FILL_AREA ( #2056 ) ;
#95 = LINE ( 'NONE', #1092, #1702 ) ;
#96 = SURFACE_STYLE_FILL_AREA ( #2491 ) ;
#97 = VERTEX_POINT ( 'NONE', #2397 ) ;
#98 = PRESENTATION_LAYER_ASSIGNMENT (  '', '', ( #2512 ) ) ;
#99 = EDGE_CURVE ( 'NONE', #2670, #1069, #2861, .T. ) ;
#100 = EDGE_CURVE ( 'NONE', #2679, #1401, #205, .T. ) ;
#101 = COLOUR_RGB ( '',0.4039215686274509887, 0.3176470588235293935, 0.000000000000000000 ) ;
#102 = EDGE_CURVE ( 'NONE', #276, #894, #918, .T. ) ;
#103 = VERTEX_POINT ( 'NONE', #1648 ) ;
#104 =( LENGTH_UNIT ( ) NAMED_UNIT ( * ) SI_UNIT ( .MILLI., .METRE. ) );
#105 = FILL_AREA_STYLE ('',( #1763 ) ) ;
#106 = ORIENTED_EDGE ( 'NONE', *, *, #2450, .T. ) ;
#107 = CARTESIAN_POINT ( 'NONE',  ( -3.440000000000003499, -1.794999999999997264, -6.110000000000000320 ) ) ;
#108 = DIRECTION ( 'NONE',  ( 0.000000000000000000, -7.379191939847947013E-17, -1.000000000000000000 ) ) ;
#109 = FILL_AREA_STYLE ('',( #1586 ) ) ;
#110 = SURFACE_SIDE_STYLE ('',( #348 ) ) ;
#111 = ORIENTED_EDGE ( 'NONE', *, *, #1684, .F. ) ;
#112 = VECTOR ( 'NONE', #191, 1000.000000000000000 ) ;
#113 = ORIENTED_EDGE ( 'NONE', *, *, #389, .T. ) ;
#114 = VECTOR ( 'NONE', #2829, 1000.000000000000000 ) ;
#115 = PLANE ( 'NONE',  #351 ) ;
#116 = EDGE_CURVE ( 'NONE', #1885, #929, #3116, .T. ) ;
#117 = LINE ( 'NONE', #2307, #2164 ) ;
#118 = ORIENTED_EDGE ( 'NONE', *, *, #2934, .T. ) ;
#119 = DIRECTION ( 'NONE',  ( -1.000000000000000000, -0.000000000000000000, -0.000000000000000000 ) ) ;
#120 = DIRECTION ( 'NONE',  ( 0.000000000000000000, 0.000000000000000000, 1.000000000000000000 ) ) ;
#121 = CARTESIAN_POINT ( 'NONE',  ( -5.890000000000003233, -1.794999999999997264, -6.110000000000000320 ) ) ;
#122 = FACE_OUTER_BOUND ( 'NONE', #3052, .T. ) ;
#123 = CARTESIAN_POINT ( 'NONE',  ( 11.70000000000000284, 1.399999999999999911, 13.27999999999999936 ) ) ;
#124 = ORIENTED_EDGE ( 'NONE', *, *, #2181, .T. ) ;
#125 = VECTOR ( 'NONE', #2532, 1000.000000000000000 ) ;
#126 = PRESENTATION_LAYER_ASSIGNMENT (  '', '', ( #1310 ) ) ;
#127 = FACE_OUTER_BOUND ( 'NONE', #2212, .T. ) ;
#128 = COLOUR_RGB ( '',0.4039215686274509887, 0.3176470588235293935, 0.000000000000000000 ) ;
#129 = VERTEX_POINT ( 'NONE', #904 ) ;
#130 = STYLED_ITEM ( 'NONE', ( #1453 ), #1957 ) ;
#131 = LINE ( 'NONE', #602, #2929 ) ;
#132 =( NAMED_UNIT ( * ) PLANE_ANGLE_UNIT ( ) SI_UNIT ( $, .RADIAN. ) );
#133 = DIRECTION ( 'NONE',  ( -1.000000000000000000, 0.000000000000000000, 0.000000000000000000 ) ) ;
#134 = ORIENTED_EDGE ( 'NONE', *, *, #256, .F. ) ;
#135 =( LENGTH_UNIT ( ) NAMED_UNIT ( * ) SI_UNIT ( .MILLI., .METRE. ) );
#136 = EDGE_CURVE ( 'NONE', #455, #2602, #3170, .T. ) ;
#137 = PRESENTATION_STYLE_ASSIGNMENT (( #180 ) ) ;
#138 = FILL_AREA_STYLE ('',( #3068 ) ) ;
#139 = PRODUCT ( '1.3\X2\5bf8\X0\240\X2\5c4f5e55710a63a5\X0\2', '1.3\X2\5bf8\X0\240\X2\5c4f5e55710a63a5\X0\2', '', ( #1505 ) ) ;
#140 = ADVANCED_FACE ( 'NONE', ( #1635 ), #974, .F. ) ;
#141 = DIRECTION ( 'NONE',  ( -0.000000000000000000, 0.000000000000000000, 1.000000000000000000 ) ) ;
#142 = ORIENTED_EDGE ( 'NONE', *, *, #154, .T. ) ;
#143 = LINE ( 'NONE', #1175, #2582 ) ;
#144 = MECHANICAL_DESIGN_GEOMETRIC_PRESENTATION_REPRESENTATION (  '', ( #1533 ), #1164 ) ;
#145 = EDGE_LOOP ( 'NONE', ( #2302, #2552, #2599, #2744 ) ) ;
#146 = FACE_OUTER_BOUND ( 'NONE', #2761, .T. ) ;
#147 = VECTOR ( 'NONE', #1944, 1000.000000000000000 ) ;
#148 = FILL_AREA_STYLE ('',( #2340 ) ) ;
#149 = ORIENTED_EDGE ( 'NONE', *, *, #116, .F. ) ;
#150 = ADVANCED_FACE ( 'NONE', ( #518 ), #2945, .F. ) ;
#151 = CARTESIAN_POINT ( 'NONE',  ( 25.99001538693280366, -0.8000000000000000444, -14.86415607913129477 ) ) ;
#152 = DIRECTION ( 'NONE',  ( 0.000000000000000000, 1.000000000000000000, -7.379191939847947013E-17 ) ) ;
#153 = DIRECTION ( 'NONE',  ( 1.000000000000000000, 0.000000000000000000, 0.000000000000000000 ) ) ;
#154 = EDGE_CURVE ( 'NONE', #924, #1456, #2000, .T. ) ;
#155 = FILL_AREA_STYLE_COLOUR ( '', #878 ) ;
#156 = ORIENTED_EDGE ( 'NONE', *, *, #1568, .F. ) ;
#157 = FILL_AREA_STYLE ('',( #3144 ) ) ;
#158 = ORIENTED_EDGE ( 'NONE', *, *, #1435, .F. ) ;
#159 =( LENGTH_UNIT ( ) NAMED_UNIT ( * ) SI_UNIT ( .MILLI., .METRE. ) );
#160 = DIRECTION ( 'NONE',  ( 0.000000000000000000, 0.000000000000000000, -1.000000000000000000 ) ) ;
#161 = ORIENTED_EDGE ( 'NONE', *, *, #496, .T. ) ;
#162 = EDGE_CURVE ( 'NONE', #873, #2058, #2964, .T. ) ;
#163 = EDGE_LOOP ( 'NONE', ( #694, #3040, #559, #3035 ) ) ;
#164 = DIRECTION ( 'NONE',  ( 0.000000000000000000, 1.000000000000000000, -7.228014483236695816E-17 ) ) ;
#165 = SURFACE_SIDE_STYLE ('',( #1352 ) ) ;
#166 = EDGE_CURVE ( 'NONE', #1749, #3077, #253, .T. ) ;
#167 = DIRECTION ( 'NONE',  ( 0.000000000000000000, 1.000000000000000000, -7.379191939847947013E-17 ) ) ;
#168 = AXIS2_PLACEMENT_3D ( 'NONE', #541, #1528, #1478 ) ;
#169 = AXIS2_PLACEMENT_3D ( 'NONE', #45, #2225, #1777 ) ;
#170 = ORIENTED_EDGE ( 'NONE', *, *, #385, .F. ) ;
#171 = VECTOR ( 'NONE', #1799, 1000.000000000000000 ) ;
#172 = MECHANICAL_DESIGN_GEOMETRIC_PRESENTATION_REPRESENTATION (  '', ( #1202 ), #1063 ) ;
#173 =( GEOMETRIC_REPRESENTATION_CONTEXT ( 3 ) GLOBAL_UNCERTAINTY_ASSIGNED_CONTEXT ( ( #931 ) ) GLOBAL_UNIT_ASSIGNED_CONTEXT ( ( #1706, #192, #1184 ) ) REPRESENTATION_CONTEXT ( 'NONE', 'WORKASPACE' ) );
#174 = VECTOR ( 'NONE', #1967, 1000.000000000000000 ) ;
#175 = CARTESIAN_POINT ( 'NONE',  ( -9.620000000000002771, -1.799999999999997380, -6.110000000000000320 ) ) ;
#176 =( LENGTH_UNIT ( ) NAMED_UNIT ( * ) SI_UNIT ( .MILLI., .METRE. ) );
#177 = VERTEX_POINT ( 'NONE', #1526 ) ;
#178 = UNCERTAINTY_MEASURE_WITH_UNIT (LENGTH_MEASURE( 1.000000000000000082E-05 ), #2967, 'distance_accuracy_value', 'NONE');
#179 = VERTEX_POINT ( 'NONE', #1246 ) ;
#180 = SURFACE_STYLE_USAGE ( .BOTH. , #670 ) ;
#181 = FACE_OUTER_BOUND ( 'NONE', #948, .T. ) ;
#182 = PLANE ( 'NONE',  #324 ) ;
#183 = FILL_AREA_STYLE ('',( #2377 ) ) ;
#184 = PLANE ( 'NONE',  #3020 ) ;
#185 = EDGE_CURVE ( 'NONE', #534, #2592, #2186, .T. ) ;
#186 = DIRECTION ( 'NONE',  ( 0.000000000000000000, -7.379191939847947013E-17, -1.000000000000000000 ) ) ;
#187 = EDGE_LOOP ( 'NONE', ( #88, #3070, #124, #2032 ) ) ;
#188 = EDGE_CURVE ( 'NONE', #2249, #1997, #2995, .T. ) ;
#189 = ADVANCED_FACE ( 'NONE', ( #2730 ), #1011, .F. ) ;
#190 = VECTOR ( 'NONE', #197, 1000.000000000000000 ) ;
#191 = DIRECTION ( 'NONE',  ( -2.891205793294678326E-16, 7.228014483236695816E-17, 1.000000000000000000 ) ) ;
#192 =( NAMED_UNIT ( * ) PLANE_ANGLE_UNIT ( ) SI_UNIT ( $, .RADIAN. ) );
#193 = ORIENTED_EDGE ( 'NONE', *, *, #233, .T. ) ;
#194 =( GEOMETRIC_REPRESENTATION_CONTEXT ( 3 ) GLOBAL_UNCERTAINTY_ASSIGNED_CONTEXT ( ( #1284 ) ) GLOBAL_UNIT_ASSIGNED_CONTEXT ( ( #2400, #2478, #228 ) ) REPRESENTATION_CONTEXT ( 'NONE', 'WORKASPACE' ) );
#195 = ORIENTED_EDGE ( 'NONE', *, *, #2469, .F. ) ;
#196 =( NAMED_UNIT ( * ) PLANE_ANGLE_UNIT ( ) SI_UNIT ( $, .RADIAN. ) );
#197 = DIRECTION ( 'NONE',  ( 0.000000000000000000, -7.228014483236695816E-17, -1.000000000000000000 ) ) ;
#198 = FILL_AREA_STYLE ('',( #2156 ) ) ;
#199 = DIRECTION ( 'NONE',  ( -0.000000000000000000, -0.000000000000000000, 1.000000000000000000 ) ) ;
#200 = ORIENTED_EDGE ( 'NONE', *, *, #757, .T. ) ;
#201 = LINE ( 'NONE', #1245, #3140 ) ;
#202 = UNCERTAINTY_MEASURE_WITH_UNIT (LENGTH_MEASURE( 1.000000000000000082E-05 ), #1556, 'distance_accuracy_value', 'NONE');
#203 = CARTESIAN_POINT ( 'NONE',  ( -5.890000000000003233, -1.794999999999997042, -3.109999999999999432 ) ) ;
#204 = CARTESIAN_POINT ( 'NONE',  ( 0.4099999999999937028, -1.794999999999997042, -3.109999999999999432 ) ) ;
#205 = LINE ( 'NONE', #2145, #2591 ) ;
#206 = ORIENTED_EDGE ( 'NONE', *, *, #1287, .T. ) ;
#207 = PRESENTATION_STYLE_ASSIGNMENT (( #1434 ) ) ;
#208 = LINE ( 'NONE', #3154, #1449 ) ;
#209 = ORIENTED_EDGE ( 'NONE', *, *, #185, .F. ) ;
#210 = EDGE_CURVE ( 'NONE', #1921, #2249, #2930, .T. ) ;
#211 = ORIENTED_EDGE ( 'NONE', *, *, #99, .T. ) ;
#212 = DIRECTION ( 'NONE',  ( -2.891205793294678326E-16, 7.228014483236695816E-17, 1.000000000000000000 ) ) ;
#213 = STYLED_ITEM ( 'NONE', ( #39 ), #1606 ) ;
#214 = SURFACE_SIDE_STYLE ('',( #952 ) ) ;
#215 = DIRECTION ( 'NONE',  ( -0.000000000000000000, -0.000000000000000000, 1.000000000000000000 ) ) ;
#216 = ORIENTED_EDGE ( 'NONE', *, *, #849, .T. ) ;
#217 = PRODUCT_DEFINITION ( 'æœ', '', #2604, #2994 ) ;
#218 = SHAPE_DEFINITION_REPRESENTATION ( #2815, #305 ) ;
#219 = CARTESIAN_POINT ( 'NONE',  ( 25.99001538693280366, -1.799999999999997380, -3.109999999999999876 ) ) ;
#220 = SURFACE_STYLE_USAGE ( .BOTH. , #2087 ) ;
#221 = SURFACE_STYLE_FILL_AREA ( #1219 ) ;
#222 = CARTESIAN_POINT ( 'NONE',  ( 1.109999999999994769, -1.794999999999997264, -6.110000000000000320 ) ) ;
#223 = DIRECTION ( 'NONE',  ( -0.000000000000000000, -2.398237380450581547E-16, -1.000000000000000000 ) ) ;
#224 = ORIENTED_EDGE ( 'NONE', *, *, #1021, .F. ) ;
#225 =( GEOMETRIC_REPRESENTATION_CONTEXT ( 3 ) GLOBAL_UNCERTAINTY_ASSIGNED_CONTEXT ( ( #1402 ) ) GLOBAL_UNIT_ASSIGNED_CONTEXT ( ( #691, #2362, #892 ) ) REPRESENTATION_CONTEXT ( 'NONE', 'WORKASPACE' ) );
#226 = AXIS2_PLACEMENT_3D ( 'NONE', #1668, #2077, #2594 ) ;
#227 =( GEOMETRIC_REPRESENTATION_CONTEXT ( 3 ) GLOBAL_UNCERTAINTY_ASSIGNED_CONTEXT ( ( #1169 ) ) GLOBAL_UNIT_ASSIGNED_CONTEXT ( ( #1264, #760, #551 ) ) REPRESENTATION_CONTEXT ( 'NONE', 'WORKASPACE' ) );
#228 =( NAMED_UNIT ( * ) SI_UNIT ( $, .STERADIAN. ) SOLID_ANGLE_UNIT ( ) );
#229 = STYLED_ITEM ( 'NONE', ( #2332 ), #1810 ) ;
#230 = ORIENTED_EDGE ( 'NONE', *, *, #311, .F. ) ;
#231 = CARTESIAN_POINT ( 'NONE',  ( -6.240000000000002878, -1.794999999999997042, -3.109999999999999432 ) ) ;
#232 = VECTOR ( 'NONE', #662, 1000.000000000000000 ) ;
#233 = EDGE_CURVE ( 'NONE', #828, #1401, #1267, .T. ) ;
#234 = CARTESIAN_POINT ( 'NONE',  ( -6.590000000000003411, -1.799999999999997158, -3.109999999999999432 ) ) ;
#235 = ORIENTED_EDGE ( 'NONE', *, *, #696, .T. ) ;
#236 = EDGE_CURVE ( 'NONE', #1924, #1034, #988, .T. ) ;
#237 = CARTESIAN_POINT ( 'NONE',  ( -6.940000000000001279, -1.794999999999997042, -3.109999999999999432 ) ) ;
#238 = CARTESIAN_POINT ( 'NONE',  ( 2.779999999999995808, 0.2000000000000007327, -14.60999999999999943 ) ) ;
#239 = LINE ( 'NONE', #22, #1724 ) ;
#240 = UNCERTAINTY_MEASURE_WITH_UNIT (LENGTH_MEASURE( 1.000000000000000082E-05 ), #2359, 'distance_accuracy_value', 'NONE');
#241 = SURFACE_STYLE_FILL_AREA ( #864 ) ;
#242 = PLANE ( 'NONE',  #168 ) ;
#243 = VECTOR ( 'NONE', #3189, 1000.000000000000000 ) ;
#244 = SURFACE_SIDE_STYLE ('',( #2757 ) ) ;
#245 = DIRECTION ( 'NONE',  ( -1.000000000000000000, 0.000000000000000000, 0.000000000000000000 ) ) ;
#246 = ORIENTED_EDGE ( 'NONE', *, *, #2974, .F. ) ;
#247 = LINE ( 'NONE', #231, #887 ) ;
#248 = DIRECTION ( 'NONE',  ( -1.000000000000000000, 0.000000000000000000, -0.000000000000000000 ) ) ;
#249 = DIRECTION ( 'NONE',  ( 2.891205793294678326E-16, 0.000000000000000000, -1.000000000000000000 ) ) ;
#250 = ORIENTED_EDGE ( 'NONE', *, *, #210, .F. ) ;
#251 = DIRECTION ( 'NONE',  ( 1.000000000000000000, 0.000000000000000000, 0.000000000000000000 ) ) ;
#252 = CARTESIAN_POINT ( 'NONE',  ( -0.9900000000000056533, -1.799999999999997158, -3.109999999999999432 ) ) ;
#253 = LINE ( 'NONE', #2254, #2708 ) ;
#254 = DIRECTION ( 'NONE',  ( -1.000000000000000000, -0.000000000000000000, -0.000000000000000000 ) ) ;
#255 = CARTESIAN_POINT ( 'NONE',  ( -5.540000000000002700, -1.794999999999997264, -6.110000000000000320 ) ) ;
#256 = EDGE_CURVE ( 'NONE', #64, #1721, #37, .T. ) ;
#257 = VERTEX_POINT ( 'NONE', #711 ) ;
#258 = FACE_OUTER_BOUND ( 'NONE', #1250, .T. ) ;
#259 = LINE ( 'NONE', #274, #598 ) ;
#260 = LINE ( 'NONE', #2925, #1775 ) ;
#261 = ORIENTED_EDGE ( 'NONE', *, *, #1768, .T. ) ;
#262 = EDGE_CURVE ( 'NONE', #1988, #1893, #1697, .T. ) ;
#263 = PRESENTATION_LAYER_ASSIGNMENT (  '', '', ( #1759 ) ) ;
#264 = DIRECTION ( 'NONE',  ( -2.891205793294678326E-16, 7.228014483236695816E-17, 1.000000000000000000 ) ) ;
#265 = CARTESIAN_POINT ( 'NONE',  ( -8.620000000000002771, -1.599999999999997424, -4.109999999999999432 ) ) ;
#266 = LINE ( 'NONE', #540, #2476 ) ;
#267 = LINE ( 'NONE', #990, #2159 ) ;
#268 = ORIENTED_EDGE ( 'NONE', *, *, #562, .F. ) ;
#269 = LINE ( 'NONE', #945, #2868 ) ;
#270 = EDGE_CURVE ( 'NONE', #1982, #2773, #489, .T. ) ;
#271 = PLANE ( 'NONE',  #920 ) ;
#272 = STYLED_ITEM ( 'NONE', ( #976 ), #2290 ) ;
#273 = EDGE_CURVE ( 'NONE', #809, #854, #2216, .T. ) ;
#274 = CARTESIAN_POINT ( 'NONE',  ( -13.08000000000000362, 0.2000000000000007327, -14.86415607913129477 ) ) ;
#275 = DIRECTION ( 'NONE',  ( 0.000000000000000000, -7.228014483236695816E-17, -1.000000000000000000 ) ) ;
#276 = VERTEX_POINT ( 'NONE', #57 ) ;
#277 = COLOUR_RGB ( '',0.4039215686274509887, 0.3176470588235293935, 0.000000000000000000 ) ;
#278 = CARTESIAN_POINT ( 'NONE',  ( -0.2900000000000055311, -1.794999999999997264, -6.110000000000000320 ) ) ;
#279 = AXIS2_PLACEMENT_3D ( 'NONE', #1665, #186, #693 ) ;
#280 = DIRECTION ( 'NONE',  ( 0.000000000000000000, -7.228014483236695816E-17, -1.000000000000000000 ) ) ;
#281 = COLOUR_RGB ( '',0.4039215686274509887, 0.3176470588235293935, 0.000000000000000000 ) ;
#282 = UNCERTAINTY_MEASURE_WITH_UNIT (LENGTH_MEASURE( 1.000000000000000082E-05 ), #363, 'distance_accuracy_value', 'NONE');
#283 = DIRECTION ( 'NONE',  ( -0.000000000000000000, 0.000000000000000000, 1.000000000000000000 ) ) ;
#284 = LINE ( 'NONE', #2454, #582 ) ;
#285 = VECTOR ( 'NONE', #2239, 1000.000000000000000 ) ;
#286 = FILL_AREA_STYLE_COLOUR ( '', #1597 ) ;
#287 = FACE_OUTER_BOUND ( 'NONE', #3194, .T. ) ;
#288 = ORIENTED_EDGE ( 'NONE', *, *, #385, .T. ) ;
#289 = FILL_AREA_STYLE ('',( #526 ) ) ;
#290 = PRESENTATION_STYLE_ASSIGNMENT (( #2498 ) ) ;
#291 = EDGE_CURVE ( 'NONE', #1749, #30, #239, .T. ) ;
#292 = CARTESIAN_POINT ( 'NONE',  ( -1.690000000000003944, -1.794999999999997264, -6.110000000000000320 ) ) ;
#293 = LINE ( 'NONE', #3006, #2217 ) ;
#294 = ORIENTED_EDGE ( 'NONE', *, *, #3081, .F. ) ;
#295 = VECTOR ( 'NONE', #2135, 1000.000000000000000 ) ;
#296 = DIRECTION ( 'NONE',  ( -0.000000000000000000, -1.000000000000000000, 2.398237380450581547E-16 ) ) ;
#297 = PRESENTATION_LAYER_ASSIGNMENT (  '', '', ( #861 ) ) ;
#298 = CARTESIAN_POINT ( 'NONE',  ( -6.240000000000002878, -1.799999999999997380, -6.110000000000000320 ) ) ;
#299 = LINE ( 'NONE', #1031, #498 ) ;
#300 = LINE ( 'NONE', #2255, #2415 ) ;
#301 =( NAMED_UNIT ( * ) SI_UNIT ( $, .STERADIAN. ) SOLID_ANGLE_UNIT ( ) );
#302 = AXIS2_PLACEMENT_3D ( 'NONE', #1488, #2915, #698 ) ;
#303 =( NAMED_UNIT ( * ) PLANE_ANGLE_UNIT ( ) SI_UNIT ( $, .RADIAN. ) );
#304 = ORIENTED_EDGE ( 'NONE', *, *, #3034, .T. ) ;
#305 = ADVANCED_BREP_SHAPE_REPRESENTATION ( '1.3\X2\5bf8\X0\240\X2\5c4f5e55710a63a5\X0\2', ( #2873, #3029 ), #814 ) ;
#306 = PRESENTATION_STYLE_ASSIGNMENT (( #1531 ) ) ;
#307 = ORIENTED_EDGE ( 'NONE', *, *, #102, .F. ) ;
#308 = FILL_AREA_STYLE_COLOUR ( '', #396 ) ;
#309 = SURFACE_STYLE_USAGE ( .BOTH. , #2986 ) ;
#310 = CARTESIAN_POINT ( 'NONE',  ( 1.779999999999996030, -1.799999999999997380, -4.110000000000001208 ) ) ;
#311 = EDGE_CURVE ( 'NONE', #2789, #2853, #346, .T. ) ;
#312 = DIRECTION ( 'NONE',  ( 0.000000000000000000, -1.000000000000000000, 0.000000000000000000 ) ) ;
#313 = PLANE ( 'NONE',  #379 ) ;
#314 = DIRECTION ( 'NONE',  ( -1.000000000000000000, 0.000000000000000000, 0.000000000000000000 ) ) ;
#315 = ORIENTED_EDGE ( 'NONE', *, *, #2381, .F. ) ;
#316 = PRESENTATION_STYLE_ASSIGNMENT (( #2253 ) ) ;
#317 = UNCERTAINTY_MEASURE_WITH_UNIT (LENGTH_MEASURE( 1.000000000000000082E-05 ), #2439, 'distance_accuracy_value', 'NONE');
#318 = CARTESIAN_POINT ( 'NONE',  ( -1.340000000000004299, -1.794999999999997042, -3.109999999999999432 ) ) ;
#319 = CARTESIAN_POINT ( 'NONE',  ( 0.4099999999999937028, -1.799999999999997158, -3.109999999999999432 ) ) ;
#320 = STYLED_ITEM ( 'NONE', ( #1224 ), #1571 ) ;
#321 = ORIENTED_EDGE ( 'NONE', *, *, #502, .T. ) ;
#322 = ORIENTED_EDGE ( 'NONE', *, *, #1300, .T. ) ;
#323 = CARTESIAN_POINT ( 'NONE',  ( -11.69999999999999574, 1.399999999999999911, 13.27999999999999936 ) ) ;
#324 = AXIS2_PLACEMENT_3D ( 'NONE', #2830, #2579, #2315 ) ;
#325 = DIRECTION ( 'NONE',  ( 0.000000000000000000, 1.000000000000000000, -7.228014483236695816E-17 ) ) ;
#326 = SURFACE_STYLE_FILL_AREA ( #105 ) ;
#327 = ORIENTED_EDGE ( 'NONE', *, *, #2626, .T. ) ;
#328 =( GEOMETRIC_REPRESENTATION_CONTEXT ( 3 ) GLOBAL_UNCERTAINTY_ASSIGNED_CONTEXT ( ( #1653 ) ) GLOBAL_UNIT_ASSIGNED_CONTEXT ( ( #2447, #1712, #1673 ) ) REPRESENTATION_CONTEXT ( 'NONE', 'WORKASPACE' ) );
#329 = COLOUR_RGB ( '',0.4039215686274509887, 0.3176470588235293935, 0.000000000000000000 ) ;
#330 = LINE ( 'NONE', #1984, #1513 ) ;
#331 = EDGE_CURVE ( 'NONE', #3147, #1580, #1363, .T. ) ;
#332 = CARTESIAN_POINT ( 'NONE',  ( -6.240000000000002878, -1.799999999999997380, -3.109999999999999876 ) ) ;
#333 = STYLED_ITEM ( 'NONE', ( #2678 ), #2361 ) ;
#334 =( GEOMETRIC_REPRESENTATION_CONTEXT ( 3 ) GLOBAL_UNCERTAINTY_ASSIGNED_CONTEXT ( ( #1283 ) ) GLOBAL_UNIT_ASSIGNED_CONTEXT ( ( #1946, #3024, #2743 ) ) REPRESENTATION_CONTEXT ( 'NONE', 'WORKASPACE' ) );
#335 = EDGE_CURVE ( 'NONE', #1456, #2404, #3012, .T. ) ;
#336 = CIRCLE ( 'NONE', #1468, 1.000000000000000888 ) ;
#337 = DIRECTION ( 'NONE',  ( -0.000000000000000000, -1.000000000000000000, 7.379191939847947013E-17 ) ) ;
#338 = ORIENTED_EDGE ( 'NONE', *, *, #1626, .T. ) ;
#339 = VECTOR ( 'NONE', #2507, 1000.000000000000000 ) ;
#340 = VECTOR ( 'NONE', #3072, 1000.000000000000000 ) ;
#341 = ORIENTED_EDGE ( 'NONE', *, *, #1811, .T. ) ;
#342 = PRESENTATION_STYLE_ASSIGNMENT (( #2551 ) ) ;
#343 = FILL_AREA_STYLE_COLOUR ( '', #3058 ) ;
#344 = ORIENTED_EDGE ( 'NONE', *, *, #523, .T. ) ;
#345 = DIRECTION ( 'NONE',  ( 0.000000000000000000, 2.168404344971008868E-16, 1.000000000000000000 ) ) ;
#346 = LINE ( 'NONE', #1584, #2550 ) ;
#347 =( NAMED_UNIT ( * ) SI_UNIT ( $, .STERADIAN. ) SOLID_ANGLE_UNIT ( ) );
#348 = SURFACE_STYLE_FILL_AREA ( #1033 ) ;
#349 = ORIENTED_EDGE ( 'NONE', *, *, #262, .F. ) ;
#350 = EDGE_CURVE ( 'NONE', #2120, #1690, #1555, .T. ) ;
#351 = AXIS2_PLACEMENT_3D ( 'NONE', #1516, #1822, #1578 ) ;
#352 = ORIENTED_EDGE ( 'NONE', *, *, #1793, .T. ) ;
#353 = FILL_AREA_STYLE_COLOUR ( '', #101 ) ;
#354 = PRESENTATION_STYLE_ASSIGNMENT (( #2809 ) ) ;
#355 = ORIENTED_EDGE ( 'NONE', *, *, #1378, .T. ) ;
#356 = CARTESIAN_POINT ( 'NONE',  ( -4.140000000000003233, -1.794999999999997042, -3.109999999999999432 ) ) ;
#357 =( NAMED_UNIT ( * ) PLANE_ANGLE_UNIT ( ) SI_UNIT ( $, .RADIAN. ) );
#358 = LINE ( 'NONE', #1392, #1502 ) ;
#359 = VERTEX_POINT ( 'NONE', #1334 ) ;
#360 =( LENGTH_UNIT ( ) NAMED_UNIT ( * ) SI_UNIT ( .MILLI., .METRE. ) );
#361 = ORIENTED_EDGE ( 'NONE', *, *, #2652, .F. ) ;
#362 =( GEOMETRIC_REPRESENTATION_CONTEXT ( 3 ) GLOBAL_UNCERTAINTY_ASSIGNED_CONTEXT ( ( #1677 ) ) GLOBAL_UNIT_ASSIGNED_CONTEXT ( ( #1013, #2287, #765 ) ) REPRESENTATION_CONTEXT ( 'NONE', 'WORKASPACE' ) );
#363 =( LENGTH_UNIT ( ) NAMED_UNIT ( * ) SI_UNIT ( .MILLI., .METRE. ) );
#364 = VECTOR ( 'NONE', #1460, 1000.000000000000000 ) ;
#365 = EDGE_CURVE ( 'NONE', #2126, #2308, #2536, .T. ) ;
#366 = FACE_OUTER_BOUND ( 'NONE', #145, .T. ) ;
#367 = FILL_AREA_STYLE ('',( #2369 ) ) ;
#368 = VERTEX_POINT ( 'NONE', #1090 ) ;
#369 = SURFACE_SIDE_STYLE ('',( #3078 ) ) ;
#370 = EDGE_CURVE ( 'NONE', #894, #1360, #2268, .T. ) ;
#371 = DIRECTION ( 'NONE',  ( 0.000000000000000000, -7.228014483236695816E-17, -1.000000000000000000 ) ) ;
#372 = SURFACE_SIDE_STYLE ('',( #2576 ) ) ;
#373 = SURFACE_STYLE_USAGE ( .BOTH. , #2577 ) ;
#374 = VECTOR ( 'NONE', #2709, 1000.000000000000000 ) ;
#375 = PRESENTATION_LAYER_ASSIGNMENT (  '', '', ( #578 ) ) ;
#376 = DIRECTION ( 'NONE',  ( 1.000000000000000000, 0.000000000000000000, 0.000000000000000000 ) ) ;
#377 = VERTEX_POINT ( 'NONE', #332 ) ;
#378 = STYLED_ITEM ( 'NONE', ( #137 ), #484 ) ;
#379 = AXIS2_PLACEMENT_3D ( 'NONE', #1228, #1263, #2727 ) ;
#380 = LINE ( 'NONE', #1395, #232 ) ;
#381 = COLOUR_RGB ( '',0.4039215686274509887, 0.3176470588235293935, 0.000000000000000000 ) ;
#382 = ORIENTED_EDGE ( 'NONE', *, *, #1549, .F. ) ;
#383 = VECTOR ( 'NONE', #2874, 1000.000000000000000 ) ;
#384 = FILL_AREA_STYLE ('',( #975 ) ) ;
#385 = EDGE_CURVE ( 'NONE', #1960, #1237, #1803, .T. ) ;
#386 =( NAMED_UNIT ( * ) PLANE_ANGLE_UNIT ( ) SI_UNIT ( $, .RADIAN. ) );
#387 = CARTESIAN_POINT ( 'NONE',  ( -6.940000000000001279, -1.794999999999997264, -6.110000000000000320 ) ) ;
#388 = ORIENTED_EDGE ( 'NONE', *, *, #2608, .F. ) ;
#389 = EDGE_CURVE ( 'NONE', #655, #411, #1044, .T. ) ;
#390 = COLOUR_RGB ( '',0.4039215686274509887, 0.3176470588235293935, 0.000000000000000000 ) ;
#391 = CARTESIAN_POINT ( 'NONE',  ( 25.99001538693280366, -0.8000000000000000444, -14.86415607913129477 ) ) ;
#392 = ORIENTED_EDGE ( 'NONE', *, *, #417, .F. ) ;
#393 = LINE ( 'NONE', #1119, #1616 ) ;
#394 = VECTOR ( 'NONE', #1139, 1000.000000000000000 ) ;
#395 = VERTEX_POINT ( 'NONE', #2563 ) ;
#396 = COLOUR_RGB ( '',0.4039215686274509887, 0.3176470588235293935, 0.000000000000000000 ) ;
#397 = SURFACE_STYLE_USAGE ( .BOTH. , #458 ) ;
#398 = PLANE ( 'NONE',  #2806 ) ;
#399 = VERTEX_POINT ( 'NONE', #93 ) ;
#400 = ORIENTED_EDGE ( 'NONE', *, *, #1070, .T. ) ;
#401 = ADVANCED_FACE ( 'NONE', ( #1080 ), #593, .F. ) ;
#402 = SURFACE_SIDE_STYLE ('',( #1855 ) ) ;
#403 = SURFACE_SIDE_STYLE ('',( #658 ) ) ;
#404 = DIRECTION ( 'NONE',  ( -1.000000000000000000, -0.000000000000000000, -0.000000000000000000 ) ) ;
#405 = EDGE_LOOP ( 'NONE', ( #1382, #2303, #1807, #2638 ) ) ;
#406 = LINE ( 'NONE', #420, #383 ) ;
#407 = SURFACE_STYLE_USAGE ( .BOTH. , #1901 ) ;
#408 = ORIENTED_EDGE ( 'NONE', *, *, #1171, .F. ) ;
#409 = MECHANICAL_DESIGN_GEOMETRIC_PRESENTATION_REPRESENTATION (  '', ( #1815 ), #514 ) ;
#410 = LINE ( 'NONE', #2129, #2682 ) ;
#411 = VERTEX_POINT ( 'NONE', #2298 ) ;
#412 = ORIENTED_EDGE ( 'NONE', *, *, #998, .T. ) ;
#413 = DIRECTION ( 'NONE',  ( -0.000000000000000000, -1.000000000000000000, 7.379191939847947013E-17 ) ) ;
#414 = SURFACE_SIDE_STYLE ('',( #2903 ) ) ;
#415 = ADVANCED_FACE ( 'NONE', ( #830 ), #803, .F. ) ;
#416 = DIRECTION ( 'NONE',  ( 0.000000000000000000, 0.000000000000000000, -1.000000000000000000 ) ) ;
#417 = EDGE_CURVE ( 'NONE', #768, #487, #2066, .T. ) ;
#418 = ORIENTED_EDGE ( 'NONE', *, *, #331, .F. ) ;
#419 = EDGE_CURVE ( 'NONE', #1103, #30, #2068, .T. ) ;
#420 = CARTESIAN_POINT ( 'NONE',  ( -0.9900000000000056533, -1.799999999999997158, -3.109999999999999432 ) ) ;
#421 = VECTOR ( 'NONE', #2489, 1000.000000000000000 ) ;
#422 = CARTESIAN_POINT ( 'NONE',  ( 13.07999999999999652, 1.500000000000000000, 14.60999999999999943 ) ) ;
#423 =( GEOMETRIC_REPRESENTATION_CONTEXT ( 3 ) GLOBAL_UNCERTAINTY_ASSIGNED_CONTEXT ( ( #2505 ) ) GLOBAL_UNIT_ASSIGNED_CONTEXT ( ( #135, #607, #3053 ) ) REPRESENTATION_CONTEXT ( 'NONE', 'WORKASPACE' ) );
#424 = ORIENTED_EDGE ( 'NONE', *, *, #1994, .F. ) ;
#425 = AXIS2_PLACEMENT_3D ( 'NONE', #1114, #853, #1102 ) ;
#426 = VECTOR ( 'NONE', #1542, 1000.000000000000000 ) ;
#427 =( NAMED_UNIT ( * ) PLANE_ANGLE_UNIT ( ) SI_UNIT ( $, .RADIAN. ) );
#428 = ORIENTED_EDGE ( 'NONE', *, *, #1848, .F. ) ;
#429 = UNCERTAINTY_MEASURE_WITH_UNIT (LENGTH_MEASURE( 1.000000000000000082E-05 ), #1857, 'distance_accuracy_value', 'NONE');
#430 = VERTEX_POINT ( 'NONE', #2079 ) ;
#431 = CARTESIAN_POINT ( 'NONE',  ( -4.840000000000002522, -1.794999999999997264, -6.110000000000000320 ) ) ;
#432 = CARTESIAN_POINT ( 'NONE',  ( 13.07999999999999652, 1.500000000000000000, 14.60999999999999943 ) ) ;
#433 = EDGE_LOOP ( 'NONE', ( #193, #2876, #2297, #2257 ) ) ;
#434 = FACE_OUTER_BOUND ( 'NONE', #905, .T. ) ;
#435 = PRESENTATION_LAYER_ASSIGNMENT (  '', '', ( #810 ) ) ;
#436 = CARTESIAN_POINT ( 'NONE',  ( 13.07999999999999652, 0.000000000000000000, -14.60999999999999943 ) ) ;
#437 = ORIENTED_EDGE ( 'NONE', *, *, #1974, .F. ) ;
#438 = EDGE_CURVE ( 'NONE', #368, #809, #657, .T. ) ;
#439 =( GEOMETRIC_REPRESENTATION_CONTEXT ( 3 ) GLOBAL_UNCERTAINTY_ASSIGNED_CONTEXT ( ( #2238 ) ) GLOBAL_UNIT_ASSIGNED_CONTEXT ( ( #1621, #2435, #1218 ) ) REPRESENTATION_CONTEXT ( 'NONE', 'WORKASPACE' ) );
#440 = SURFACE_SIDE_STYLE ('',( #1089 ) ) ;
#441 = CIRCLE ( 'NONE', #3073, 0.8000000000000003775 ) ;
#442 = DIRECTION ( 'NONE',  ( -1.000000000000000000, 0.000000000000000000, -0.000000000000000000 ) ) ;
#443 = EDGE_LOOP ( 'NONE', ( #2138, #1056, #349, #1166 ) ) ;
#444 = VECTOR ( 'NONE', #1560, 1000.000000000000000 ) ;
#445 = VERTEX_POINT ( 'NONE', #2642 ) ;
#446 = DIRECTION ( 'NONE',  ( 0.000000000000000000, 1.000000000000000000, -2.398237380450581547E-16 ) ) ;
#447 = SURFACE_SIDE_STYLE ('',( #985 ) ) ;
#448 = EDGE_LOOP ( 'NONE', ( #1120, #2519, #2651, #1376 ) ) ;
#449 = LINE ( 'NONE', #1026, #643 ) ;
#450 = LINE ( 'NONE', #1443, #364 ) ;
#451 = UNCERTAINTY_MEASURE_WITH_UNIT (LENGTH_MEASURE( 1.000000000000000082E-05 ), #1947, 'distance_accuracy_value', 'NONE');
#452 = DIRECTION ( 'NONE',  ( 0.000000000000000000, -2.168404344971008868E-16, -1.000000000000000000 ) ) ;
#453 =( NAMED_UNIT ( * ) SI_UNIT ( $, .STERADIAN. ) SOLID_ANGLE_UNIT ( ) );
#454 = DIRECTION ( 'NONE',  ( -1.000000000000000000, -0.000000000000000000, -0.000000000000000000 ) ) ;
#455 = VERTEX_POINT ( 'NONE', #1628 ) ;
#456 = ADVANCED_FACE ( 'NONE', ( #1422 ), #3123, .F. ) ;
#457 = EDGE_CURVE ( 'NONE', #2569, #1794, #1824, .T. ) ;
#458 = SURFACE_SIDE_STYLE ('',( #2605 ) ) ;
#459 = SURFACE_STYLE_USAGE ( .BOTH. , #2104 ) ;
#460 = STYLED_ITEM ( 'NONE', ( #342 ), #1432 ) ;
#461 = ORIENTED_EDGE ( 'NONE', *, *, #365, .T. ) ;
#462 = EDGE_CURVE ( 'NONE', #2126, #1019, #2883, .T. ) ;
#463 = CARTESIAN_POINT ( 'NONE',  ( -6.590000000000003411, -1.799999999999997158, -3.109999999999999432 ) ) ;
#464 = MECHANICAL_DESIGN_GEOMETRIC_PRESENTATION_REPRESENTATION (  '', ( #1451 ), #3059 ) ;
#465 =( NAMED_UNIT ( * ) SI_UNIT ( $, .STERADIAN. ) SOLID_ANGLE_UNIT ( ) );
#466 = ORIENTED_EDGE ( 'NONE', *, *, #696, .F. ) ;
#467 = LINE ( 'NONE', #237, #3118 ) ;
#468 = DIRECTION ( 'NONE',  ( 0.000000000000000000, 1.000000000000000000, -0.000000000000000000 ) ) ;
#469 = CARTESIAN_POINT ( 'NONE',  ( -2.390000000000005009, -1.794999999999997042, -3.109999999999999432 ) ) ;
#470 = SURFACE_SIDE_STYLE ('',( #241 ) ) ;
#471 = DIRECTION ( 'NONE',  ( -2.891205793294678326E-16, 7.228014483236695816E-17, 1.000000000000000000 ) ) ;
#472 = CARTESIAN_POINT ( 'NONE',  ( -13.08000000000000362, 1.500000000000000000, 14.60999999999999943 ) ) ;
#473 =( LENGTH_UNIT ( ) NAMED_UNIT ( * ) SI_UNIT ( .MILLI., .METRE. ) );
#474 = AXIS2_PLACEMENT_3D ( 'NONE', #2637, #1905, #1436 ) ;
#475 = VECTOR ( 'NONE', #1249, 1000.000000000000000 ) ;
#476 = PLANE ( 'NONE',  #1079 ) ;
#477 = PRESENTATION_LAYER_ASSIGNMENT (  '', '', ( #1873 ) ) ;
#478 = CARTESIAN_POINT ( 'NONE',  ( 25.99001538693280366, 0.2000000000000007327, -14.86415607913129477 ) ) ;
#479 =( LENGTH_UNIT ( ) NAMED_UNIT ( * ) SI_UNIT ( .MILLI., .METRE. ) );
#480 = AXIS2_PLACEMENT_3D ( 'NONE', #3076, #635, #2606 ) ;
#481 = EDGE_LOOP ( 'NONE', ( #2610, #986, #2913, #2854 ) ) ;
#482 = VECTOR ( 'NONE', #1655, 1000.000000000000000 ) ;
#483 = DIRECTION ( 'NONE',  ( -0.000000000000000000, 1.000000000000000000, -0.000000000000000000 ) ) ;
#484 = ADVANCED_FACE ( 'NONE', ( #1613 ), #2108, .F. ) ;
#485 = MECHANICAL_DESIGN_GEOMETRIC_PRESENTATION_REPRESENTATION (  '', ( #1874 ), #2015 ) ;
#486 = CARTESIAN_POINT ( 'NONE',  ( 0.4099999999999937028, -1.794999999999997042, -3.109999999999999432 ) ) ;
#487 = VERTEX_POINT ( 'NONE', #1870 ) ;
#488 = LINE ( 'NONE', #709, #2949 ) ;
#489 = LINE ( 'NONE', #1483, #1828 ) ;
#490 = DIRECTION ( 'NONE',  ( -0.000000000000000000, -1.000000000000000000, 7.379191939847947013E-17 ) ) ;
#491 =( NAMED_UNIT ( * ) PLANE_ANGLE_UNIT ( ) SI_UNIT ( $, .RADIAN. ) );
#492 = LINE ( 'NONE', #1919, #2100 ) ;
#493 = ORIENTED_EDGE ( 'NONE', *, *, #1534, .F. ) ;
#494 = VECTOR ( 'NONE', #2788, 1000.000000000000000 ) ;
#495 = SURFACE_STYLE_FILL_AREA ( #2971 ) ;
#496 = EDGE_CURVE ( 'NONE', #894, #2120, #2855, .T. ) ;
#497 = SURFACE_STYLE_USAGE ( .BOTH. , #3175 ) ;
#498 = VECTOR ( 'NONE', #1302, 1000.000000000000000 ) ;
#499 = ORIENTED_EDGE ( 'NONE', *, *, #2132, .T. ) ;
#500 = LINE ( 'NONE', #2179, #1104 ) ;
#501 = EDGE_LOOP ( 'NONE', ( #327, #2011, #1546, #113 ) ) ;
#502 = EDGE_CURVE ( 'NONE', #2076, #1552, #2373, .T. ) ;
#503 = DIRECTION ( 'NONE',  ( -1.000000000000000000, -0.000000000000000000, -0.000000000000000000 ) ) ;
#504 = CARTESIAN_POINT ( 'NONE',  ( -4.490000000000004654, -1.799999999999997158, -3.109999999999999432 ) ) ;
#505 =( LENGTH_UNIT ( ) NAMED_UNIT ( * ) SI_UNIT ( .MILLI., .METRE. ) );
#506 = ORIENTED_EDGE ( 'NONE', *, *, #2520, .F. ) ;
#507 = CARTESIAN_POINT ( 'NONE',  ( -6.240000000000002878, -1.794999999999997042, -3.109999999999999432 ) ) ;
#508 = DIRECTION ( 'NONE',  ( -1.000000000000000000, 0.000000000000000000, 0.000000000000000000 ) ) ;
#509 = PLANE ( 'NONE',  #1241 ) ;
#510 = DIRECTION ( 'NONE',  ( -0.000000000000000000, -0.000000000000000000, -1.000000000000000000 ) ) ;
#511 = LINE ( 'NONE', #292, #2431 ) ;
#512 = LINE ( 'NONE', #2482, #2802 ) ;
#513 = VERTEX_POINT ( 'NONE', #3178 ) ;
#514 =( GEOMETRIC_REPRESENTATION_CONTEXT ( 3 ) GLOBAL_UNCERTAINTY_ASSIGNED_CONTEXT ( ( #1428 ) ) GLOBAL_UNIT_ASSIGNED_CONTEXT ( ( #2499, #1274, #2248 ) ) REPRESENTATION_CONTEXT ( 'NONE', 'WORKASPACE' ) );
#515 = DIRECTION ( 'NONE',  ( -1.000000000000000000, 0.000000000000000000, 0.000000000000000000 ) ) ;
#516 = SURFACE_STYLE_USAGE ( .BOTH. , #2729 ) ;
#517 = VECTOR ( 'NONE', #2857, 1000.000000000000000 ) ;
#518 = FACE_OUTER_BOUND ( 'NONE', #1618, .T. ) ;
#519 = EDGE_CURVE ( 'NONE', #2853, #2249, #2957, .T. ) ;
#520 = FACE_OUTER_BOUND ( 'NONE', #1644, .T. ) ;
#521 = CARTESIAN_POINT ( 'NONE',  ( -9.620000000000002771, -1.599999999999997868, -6.110000000000001208 ) ) ;
#522 = CARTESIAN_POINT ( 'NONE',  ( 2.779999999999997584, 0.2000000000000007327, -14.60999999999999943 ) ) ;
#523 = EDGE_CURVE ( 'NONE', #859, #768, #950, .T. ) ;
#524 = PLANE ( 'NONE',  #852 ) ;
#525 = EDGE_LOOP ( 'NONE', ( #2291, #3097, #134, #1230, #2492, #1009, #2465, #1109, #1821, #664 ) ) ;
#526 = FILL_AREA_STYLE_COLOUR ( '', #3103 ) ;
#527 = CARTESIAN_POINT ( 'NONE',  ( -13.08000000000000362, 1.500000000000000000, -14.60999999999999943 ) ) ;
#528 = FILL_AREA_STYLE ('',( #719 ) ) ;
#529 =( LENGTH_UNIT ( ) NAMED_UNIT ( * ) SI_UNIT ( .MILLI., .METRE. ) );
#530 = STYLED_ITEM ( 'NONE', ( #1272 ), #1181 ) ;
#531 = SURFACE_SIDE_STYLE ('',( #3179 ) ) ;
#532 = LINE ( 'NONE', #1477, #171 ) ;
#533 = CARTESIAN_POINT ( 'NONE',  ( -3.440000000000003499, -1.794999999999997042, -3.109999999999999432 ) ) ;
#534 = VERTEX_POINT ( 'NONE', #2921 ) ;
#535 = LINE ( 'NONE', #554, #3149 ) ;
#536 =( GEOMETRIC_REPRESENTATION_CONTEXT ( 3 ) GLOBAL_UNCERTAINTY_ASSIGNED_CONTEXT ( ( #911 ) ) GLOBAL_UNIT_ASSIGNED_CONTEXT ( ( #529, #1782, #2514 ) ) REPRESENTATION_CONTEXT ( 'NONE', 'WORKASPACE' ) );
#537 = UNCERTAINTY_MEASURE_WITH_UNIT (LENGTH_MEASURE( 1.000000000000000082E-05 ), #1915, 'distance_accuracy_value', 'NONE');
#538 = CARTESIAN_POINT ( 'NONE',  ( -11.69999999999999574, 1.399999999999999911, -10.11999999999999744 ) ) ;
#539 =( LENGTH_UNIT ( ) NAMED_UNIT ( * ) SI_UNIT ( .MILLI., .METRE. ) );
#540 = CARTESIAN_POINT ( 'NONE',  ( -0.2900000000000064193, -1.794999999999997042, -3.109999999999999432 ) ) ;
#541 = CARTESIAN_POINT ( 'NONE',  ( 0.000000000000000000, -1.794999999999996820, 1.297353011012679153E-16 ) ) ;
#542 = EDGE_LOOP ( 'NONE', ( #1576, #1244, #1297, #741 ) ) ;
#543 = CARTESIAN_POINT ( 'NONE',  ( -13.08000000000000362, 0.1999999999999999833, -14.86415607913129477 ) ) ;
#544 = EDGE_CURVE ( 'NONE', #359, #97, #2675, .T. ) ;
#545 = AXIS2_PLACEMENT_3D ( 'NONE', #1806, #2288, #1557 ) ;
#546 = SURFACE_STYLE_FILL_AREA ( #811 ) ;
#547 = DIRECTION ( 'NONE',  ( 0.000000000000000000, -1.000000000000000000, 0.000000000000000000 ) ) ;
#548 = ORIENTED_EDGE ( 'NONE', *, *, #910, .F. ) ;
#549 = CARTESIAN_POINT ( 'NONE',  ( -13.08000000000000362, 0.2000000000000007327, -14.60999999999999943 ) ) ;
#550 = SURFACE_STYLE_FILL_AREA ( #2009 ) ;
#551 =( NAMED_UNIT ( * ) SI_UNIT ( $, .STERADIAN. ) SOLID_ANGLE_UNIT ( ) );
#552 = ORIENTED_EDGE ( 'NONE', *, *, #895, .F. ) ;
#553 = PRESENTATION_LAYER_ASSIGNMENT (  '', '', ( #2979 ) ) ;
#554 = CARTESIAN_POINT ( 'NONE',  ( -0.6400000000000051203, -1.794999999999997042, -3.109999999999999432 ) ) ;
#555 = STYLED_ITEM ( 'NONE', ( #2279 ), #3003 ) ;
#556 =( LENGTH_UNIT ( ) NAMED_UNIT ( * ) SI_UNIT ( .MILLI., .METRE. ) );
#557 = DIRECTION ( 'NONE',  ( -0.000000000000000000, -1.000000000000000000, 7.379191939847947013E-17 ) ) ;
#558 = STYLED_ITEM ( 'NONE', ( #1952 ), #3083 ) ;
#559 = ORIENTED_EDGE ( 'NONE', *, *, #2344, .T. ) ;
#560 = ORIENTED_EDGE ( 'NONE', *, *, #3132, .T. ) ;
#561 = FACE_OUTER_BOUND ( 'NONE', #1827, .T. ) ;
#562 = EDGE_CURVE ( 'NONE', #513, #2404, #2154, .T. ) ;
#563 = EDGE_CURVE ( 'NONE', #2728, #91, #1457, .T. ) ;
#564 = LINE ( 'NONE', #2824, #2570 ) ;
#565 = VERTEX_POINT ( 'NONE', #1927 ) ;
#566 = CARTESIAN_POINT ( 'NONE',  ( -3.790000000000003588, -1.794999999999997264, -6.110000000000000320 ) ) ;
#567 = CARTESIAN_POINT ( 'NONE',  ( 2.779999999999997584, -0.8000000000000000444, -14.86415607913129477 ) ) ;
#568 = DIRECTION ( 'NONE',  ( 0.000000000000000000, 1.000000000000000000, -7.379191939847947013E-17 ) ) ;
#569 = FILL_AREA_STYLE ('',( #2787 ) ) ;
#570 = COLOUR_RGB ( '',0.4039215686274509887, 0.3176470588235293935, 0.000000000000000000 ) ;
#571 = LINE ( 'NONE', #1833, #494 ) ;
#572 = ORIENTED_EDGE ( 'NONE', *, *, #2559, .T. ) ;
#573 = EDGE_LOOP ( 'NONE', ( #2618, #2831, #2607, #1908 ) ) ;
#574 =( GEOMETRIC_REPRESENTATION_CONTEXT ( 3 ) GLOBAL_UNCERTAINTY_ASSIGNED_CONTEXT ( ( #1147 ) ) GLOBAL_UNIT_ASSIGNED_CONTEXT ( ( #2406, #2191, #1015 ) ) REPRESENTATION_CONTEXT ( 'NONE', 'WORKASPACE' ) );
#575 = CARTESIAN_POINT ( 'NONE',  ( -6.940000000000001279, -1.799999999999997824, -6.110000000000000320 ) ) ;
#576 = FACE_OUTER_BOUND ( 'NONE', #2107, .T. ) ;
#577 = ORIENTED_EDGE ( 'NONE', *, *, #335, .F. ) ;
#578 = STYLED_ITEM ( 'NONE', ( #1999 ), #1084 ) ;
#579 = PLANE ( 'NONE',  #226 ) ;
#580 = EDGE_CURVE ( 'NONE', #2969, #630, #247, .T. ) ;
#581 = CARTESIAN_POINT ( 'NONE',  ( -3.440000000000003499, -1.794999999999997042, -3.109999999999999432 ) ) ;
#582 = VECTOR ( 'NONE', #254, 1000.000000000000000 ) ;
#583 = CARTESIAN_POINT ( 'NONE',  ( -0.6400000000000051203, -1.794999999999997264, -6.110000000000000320 ) ) ;
#584 = VECTOR ( 'NONE', #1007, 1000.000000000000000 ) ;
#585 =( NAMED_UNIT ( * ) SI_UNIT ( $, .STERADIAN. ) SOLID_ANGLE_UNIT ( ) );
#586 = DIRECTION ( 'NONE',  ( 0.000000000000000000, 0.000000000000000000, -1.000000000000000000 ) ) ;
#587 = ORIENTED_EDGE ( 'NONE', *, *, #1890, .T. ) ;
#588 = VECTOR ( 'NONE', #264, 1000.000000000000000 ) ;
#589 = ORIENTED_EDGE ( 'NONE', *, *, #2567, .F. ) ;
#590 = ADVANCED_FACE ( 'NONE', ( #1709 ), #2167, .T. ) ;
#591 = DIRECTION ( 'NONE',  ( 1.000000000000000000, 0.000000000000000000, 0.000000000000000000 ) ) ;
#592 = VERTEX_POINT ( 'NONE', #1737 ) ;
#593 = PLANE ( 'NONE',  #2966 ) ;
#594 = FILL_AREA_STYLE_COLOUR ( '', #1020 ) ;
#595 = LINE ( 'NONE', #1572, #1663 ) ;
#596 = CARTESIAN_POINT ( 'NONE',  ( -3.090000000000004743, -1.794999999999997042, -3.109999999999999432 ) ) ;
#597 = ORIENTED_EDGE ( 'NONE', *, *, #291, .F. ) ;
#598 = VECTOR ( 'NONE', #510, 1000.000000000000000 ) ;
#599 =( GEOMETRIC_REPRESENTATION_CONTEXT ( 3 ) GLOBAL_UNCERTAINTY_ASSIGNED_CONTEXT ( ( #1541 ) ) GLOBAL_UNIT_ASSIGNED_CONTEXT ( ( #104, #1051, #1836 ) ) REPRESENTATION_CONTEXT ( 'NONE', 'WORKASPACE' ) );
#600 = EDGE_CURVE ( 'NONE', #776, #761, #1681, .T. ) ;
#601 = ORIENTED_EDGE ( 'NONE', *, *, #1851, .F. ) ;
#602 = CARTESIAN_POINT ( 'NONE',  ( -1.690000000000004832, -1.794999999999997042, -3.109999999999999432 ) ) ;
#603 = EDGE_CURVE ( 'NONE', #1690, #276, #692, .T. ) ;
#604 = CARTESIAN_POINT ( 'NONE',  ( 0.000000000000000000, -1.794999999999996820, 1.297353011012679153E-16 ) ) ;
#605 = CARTESIAN_POINT ( 'NONE',  ( -5.190000000000003055, -1.794999999999997264, -6.110000000000000320 ) ) ;
#606 = ORIENTED_EDGE ( 'NONE', *, *, #3132, .F. ) ;
#607 =( NAMED_UNIT ( * ) PLANE_ANGLE_UNIT ( ) SI_UNIT ( $, .RADIAN. ) );
#608 =( LENGTH_UNIT ( ) NAMED_UNIT ( * ) SI_UNIT ( .MILLI., .METRE. ) );
#609 = FILL_AREA_STYLE_COLOUR ( '', #277 ) ;
#610 = DIRECTION ( 'NONE',  ( 1.000000000000000000, 0.000000000000000000, 0.000000000000000000 ) ) ;
#611 = ORIENTED_EDGE ( 'NONE', *, *, #2497, .T. ) ;
#612 = EDGE_CURVE ( 'NONE', #1415, #1960, #2456, .T. ) ;
#613 = DIRECTION ( 'NONE',  ( 0.000000000000000000, 1.000000000000000000, -7.228014483236695816E-17 ) ) ;
#614 = VECTOR ( 'NONE', #1669, 1000.000000000000000 ) ;
#615 = EDGE_LOOP ( 'NONE', ( #322, #1524, #2939, #1325 ) ) ;
#616 = EDGE_CURVE ( 'NONE', #2602, #399, #492, .T. ) ;
#617 = VECTOR ( 'NONE', #2044, 1000.000000000000000 ) ;
#618 = DIRECTION ( 'NONE',  ( 0.000000000000000000, -7.228014483236695816E-17, -1.000000000000000000 ) ) ;
#619 = ORIENTED_EDGE ( 'NONE', *, *, #2118, .F. ) ;
#620 = DIRECTION ( 'NONE',  ( -1.000000000000000000, 0.000000000000000000, 0.000000000000000000 ) ) ;
#621 = AXIS2_PLACEMENT_3D ( 'NONE', #26, #2242, #1485 ) ;
#622 = VECTOR ( 'NONE', #3145, 1000.000000000000000 ) ;
#623 = PRESENTATION_STYLE_ASSIGNMENT (( #2841 ) ) ;
#624 = ORIENTED_EDGE ( 'NONE', *, *, #896, .F. ) ;
#625 = VECTOR ( 'NONE', #32, 1000.000000000000000 ) ;
#626 = VECTOR ( 'NONE', #1514, 1000.000000000000000 ) ;
#627 = CARTESIAN_POINT ( 'NONE',  ( -5.540000000000002700, -1.794999999999997264, -6.110000000000000320 ) ) ;
#628 = VECTOR ( 'NONE', #1864, 1000.000000000000000 ) ;
#629 = VECTOR ( 'NONE', #1447, 1000.000000000000000 ) ;
#630 = VERTEX_POINT ( 'NONE', #937 ) ;
#631 = AXIS2_PLACEMENT_3D ( 'NONE', #2150, #922, #1688 ) ;
#632 =( NAMED_UNIT ( * ) SI_UNIT ( $, .STERADIAN. ) SOLID_ANGLE_UNIT ( ) );
#633 = EDGE_CURVE ( 'NONE', #1225, #1797, #1971, .T. ) ;
#634 = DIRECTION ( 'NONE',  ( 0.000000000000000000, -1.000000000000000000, 0.000000000000000000 ) ) ;
#635 = DIRECTION ( 'NONE',  ( 0.000000000000000000, -1.000000000000000000, 0.000000000000000000 ) ) ;
#636 = EDGE_LOOP ( 'NONE', ( #2942, #1137, #355, #1868 ) ) ;
#637 = ORIENTED_EDGE ( 'NONE', *, *, #2951, .F. ) ;
#638 = SURFACE_STYLE_USAGE ( .BOTH. , #402 ) ;
#639 = FILL_AREA_STYLE_COLOUR ( '', #1581 ) ;
#640 = CARTESIAN_POINT ( 'NONE',  ( -1.690000000000003944, -1.799999999999997380, -6.110000000000000320 ) ) ;
#641 =( NAMED_UNIT ( * ) PLANE_ANGLE_UNIT ( ) SI_UNIT ( $, .RADIAN. ) );
#642 = ORIENTED_EDGE ( 'NONE', *, *, #1517, .T. ) ;
#643 = VECTOR ( 'NONE', #515, 1000.000000000000000 ) ;
#644 = FACE_OUTER_BOUND ( 'NONE', #1152, .T. ) ;
#645 = PRESENTATION_LAYER_ASSIGNMENT (  '', '', ( #2822 ) ) ;
#646 = CARTESIAN_POINT ( 'NONE',  ( -2.040000000000003588, -1.799999999999997158, -3.109999999999999432 ) ) ;
#647 = ORIENTED_EDGE ( 'NONE', *, *, #1476, .T. ) ;
#648 = VECTOR ( 'NONE', #2208, 1000.000000000000000 ) ;
#649 = ADVANCED_FACE ( 'NONE', ( #2668 ), #1199, .F. ) ;
#650 = FILL_AREA_STYLE ('',( #2383 ) ) ;
#651 =( NAMED_UNIT ( * ) SI_UNIT ( $, .STERADIAN. ) SOLID_ANGLE_UNIT ( ) );
#652 = ORIENTED_EDGE ( 'NONE', *, *, #1393, .T. ) ;
#653 = EDGE_CURVE ( 'NONE', #592, #1794, #2396, .T. ) ;
#654 = UNCERTAINTY_MEASURE_WITH_UNIT (LENGTH_MEASURE( 1.000000000000000082E-05 ), #1189, 'distance_accuracy_value', 'NONE');
#655 = VERTEX_POINT ( 'NONE', #222 ) ;
#656 = EDGE_CURVE ( 'NONE', #399, #1885, #959, .T. ) ;
#657 = LINE ( 'NONE', #2658, #482 ) ;
#658 = SURFACE_STYLE_FILL_AREA ( #900 ) ;
#659 = CARTESIAN_POINT ( 'NONE',  ( -0.6400000000000051203, -1.799999999999997380, -3.109999999999999876 ) ) ;
#660 = ORIENTED_EDGE ( 'NONE', *, *, #2535, .T. ) ;
#661 = UNCERTAINTY_MEASURE_WITH_UNIT (LENGTH_MEASURE( 1.000000000000000082E-05 ), #3031, 'distance_accuracy_value', 'NONE');
#662 = DIRECTION ( 'NONE',  ( -2.891205793294678326E-16, 7.228014483236695816E-17, 1.000000000000000000 ) ) ;
#663 = DIRECTION ( 'NONE',  ( 0.000000000000000000, 0.000000000000000000, -1.000000000000000000 ) ) ;
#664 = ORIENTED_EDGE ( 'NONE', *, *, #457, .T. ) ;
#665 = COLOUR_RGB ( '',1.000000000000000000, 0.8901960784313724950, 0.000000000000000000 ) ;
#666 = PRESENTATION_LAYER_ASSIGNMENT (  '', '', ( #2736 ) ) ;
#667 = FILL_AREA_STYLE_COLOUR ( '', #2050 ) ;
#668 = ORIENTED_EDGE ( 'NONE', *, *, #438, .F. ) ;
#669 = ORIENTED_EDGE ( 'NONE', *, *, #2516, .F. ) ;
#670 = SURFACE_SIDE_STYLE ('',( #1439 ) ) ;
#671 = ORIENTED_EDGE ( 'NONE', *, *, #1049, .F. ) ;
#672 = EDGE_CURVE ( 'NONE', #1839, #1448, #1700, .T. ) ;
#673 = DIRECTION ( 'NONE',  ( -1.000000000000000000, 0.000000000000000000, 0.000000000000000000 ) ) ;
#674 = FACE_OUTER_BOUND ( 'NONE', #542, .T. ) ;
#675 = VECTOR ( 'NONE', #724, 1000.000000000000000 ) ;
#676 = LINE ( 'NONE', #1165, #1780 ) ;
#677 = ORIENTED_EDGE ( 'NONE', *, *, #1043, .T. ) ;
#678 = FILL_AREA_STYLE ('',( #2893 ) ) ;
#679 = COLOUR_RGB ( '',0.4039215686274509887, 0.3176470588235293935, 0.000000000000000000 ) ;
#680 = VECTOR ( 'NONE', #2453, 1000.000000000000000 ) ;
#681 = LINE ( 'NONE', #3130, #614 ) ;
#682 = FILL_AREA_STYLE ('',( #2130 ) ) ;
#683 = ORIENTED_EDGE ( 'NONE', *, *, #270, .T. ) ;
#684 = EDGE_LOOP ( 'NONE', ( #1498, #1050, #466, #2123 ) ) ;
#685 = CARTESIAN_POINT ( 'NONE',  ( 0.4099999999999937028, -1.799999999999997158, -3.109999999999999432 ) ) ;
#686 = CARTESIAN_POINT ( 'NONE',  ( -4.840000000000002522, -1.794999999999997264, -6.110000000000000320 ) ) ;
#687 = CARTESIAN_POINT ( 'NONE',  ( -7.620000000000001883, -1.799999999999997602, -4.110000000000000320 ) ) ;
#688 = VERTEX_POINT ( 'NONE', #1466 ) ;
#689 = PLANE ( 'NONE',  #2219 ) ;
#690 = DIRECTION ( 'NONE',  ( -0.000000000000000000, -1.000000000000000000, 7.379191939847947013E-17 ) ) ;
#691 =( LENGTH_UNIT ( ) NAMED_UNIT ( * ) SI_UNIT ( .MILLI., .METRE. ) );
#692 = LINE ( 'NONE', #2688, #838 ) ;
#693 = DIRECTION ( 'NONE',  ( 0.000000000000000000, 1.000000000000000000, -7.379191939847947013E-17 ) ) ;
#694 = ORIENTED_EDGE ( 'NONE', *, *, #2323, .T. ) ;
#695 = EDGE_CURVE ( 'NONE', #863, #2408, #1220, .T. ) ;
#696 = EDGE_CURVE ( 'NONE', #1865, #1071, #571, .T. ) ;
#697 = DIRECTION ( 'NONE',  ( -0.000000000000000000, -1.000000000000000000, 7.379191939847947013E-17 ) ) ;
#698 = DIRECTION ( 'NONE',  ( 0.000000000000000000, 2.168404344971008868E-16, 1.000000000000000000 ) ) ;
#699 = PLANE ( 'NONE',  #2881 ) ;
#700 = ADVANCED_FACE ( 'NONE', ( #2772 ), #524, .T. ) ;
#701 = ORIENTED_EDGE ( 'NONE', *, *, #1729, .F. ) ;
#702 = PRESENTATION_LAYER_ASSIGNMENT (  '', '', ( #558 ) ) ;
#703 = ORIENTED_EDGE ( 'NONE', *, *, #2381, .T. ) ;
#704 = SURFACE_SIDE_STYLE ('',( #2196 ) ) ;
#705 = DIRECTION ( 'NONE',  ( -1.000000000000000000, 0.000000000000000000, -0.000000000000000000 ) ) ;
#706 =( NAMED_UNIT ( * ) SI_UNIT ( $, .STERADIAN. ) SOLID_ANGLE_UNIT ( ) );
#707 = DIRECTION ( 'NONE',  ( 0.000000000000000000, 0.000000000000000000, -1.000000000000000000 ) ) ;
#708 = ORIENTED_EDGE ( 'NONE', *, *, #2405, .F. ) ;
#709 = CARTESIAN_POINT ( 'NONE',  ( -2.040000000000003588, -1.794999999999997042, -3.109999999999999432 ) ) ;
#710 = UNCERTAINTY_MEASURE_WITH_UNIT (LENGTH_MEASURE( 1.000000000000000082E-05 ), #1489, 'distance_accuracy_value', 'NONE');
#711 = CARTESIAN_POINT ( 'NONE',  ( -2.040000000000003588, -1.799999999999997380, -6.110000000000000320 ) ) ;
#712 = UNCERTAINTY_MEASURE_WITH_UNIT (LENGTH_MEASURE( 1.000000000000000082E-05 ), #608, 'distance_accuracy_value', 'NONE');
#713 = APPLICATION_CONTEXT ( 'automotive_design' ) ;
#714 = LINE ( 'NONE', #3168, #1312 ) ;
#715 = EDGE_CURVE ( 'NONE', #2120, #3162, #1324, .T. ) ;
#716 = DIRECTION ( 'NONE',  ( -0.000000000000000000, -1.000000000000000000, 7.379191939847947013E-17 ) ) ;
#717 = PLANE ( 'NONE',  #3015 ) ;
#718 = ADVANCED_FACE ( 'NONE', ( #287 ), #2031, .T. ) ;
#719 = FILL_AREA_STYLE_COLOUR ( '', #665 ) ;
#720 = ORIENTED_EDGE ( 'NONE', *, *, #2847, .F. ) ;
#721 = FILL_AREA_STYLE ('',( #1226 ) ) ;
#722 = DIRECTION ( 'NONE',  ( 2.891205793294678326E-16, 0.000000000000000000, -1.000000000000000000 ) ) ;
#723 = DIRECTION ( 'NONE',  ( -1.000000000000000000, 0.000000000000000000, -0.000000000000000000 ) ) ;
#724 = DIRECTION ( 'NONE',  ( -1.000000000000000000, 0.000000000000000000, 0.000000000000000000 ) ) ;
#725 = ORIENTED_EDGE ( 'NONE', *, *, #3191, .T. ) ;
#726 =( NAMED_UNIT ( * ) SI_UNIT ( $, .STERADIAN. ) SOLID_ANGLE_UNIT ( ) );
#727 = CARTESIAN_POINT ( 'NONE',  ( -12.08000000000000007, -1.599999999999997868, -6.110000000000001208 ) ) ;
#728 = CARTESIAN_POINT ( 'NONE',  ( -11.69999999999999574, 1.399999999999999911, 13.27999999999999936 ) ) ;
#729 = CARTESIAN_POINT ( 'NONE',  ( -9.620000000000002771, -0.7999999999999972689, -5.110000000000000320 ) ) ;
#730 =( LENGTH_UNIT ( ) NAMED_UNIT ( * ) SI_UNIT ( .MILLI., .METRE. ) );
#731 = DIRECTION ( 'NONE',  ( 0.000000000000000000, -1.000000000000000000, 7.228014483236694583E-17 ) ) ;
#732 = ORIENTED_EDGE ( 'NONE', *, *, #331, .T. ) ;
#733 = VECTOR ( 'NONE', #2464, 1000.000000000000000 ) ;
#734 = PRESENTATION_LAYER_ASSIGNMENT (  '', '', ( #1195 ) ) ;
#735 = VECTOR ( 'NONE', #673, 1000.000000000000000 ) ;
#736 = STYLED_ITEM ( 'NONE', ( #306 ), #1254 ) ;
#737 = FILL_AREA_STYLE_COLOUR ( '', #2665 ) ;
#738 = CARTESIAN_POINT ( 'NONE',  ( 0.000000000000000000, 1.399999999999999911, 0.000000000000000000 ) ) ;
#739 = EDGE_CURVE ( 'NONE', #2569, #898, #1270, .T. ) ;
#740 = MECHANICAL_DESIGN_GEOMETRIC_PRESENTATION_REPRESENTATION (  '', ( #2061 ), #2490 ) ;
#741 = ORIENTED_EDGE ( 'NONE', *, *, #2271, .T. ) ;
#742 = VECTOR ( 'NONE', #1843, 1000.000000000000000 ) ;
#743 = FILL_AREA_STYLE_COLOUR ( '', #1023 ) ;
#744 = LINE ( 'NONE', #1491, #2588 ) ;
#745 = ORIENTED_EDGE ( 'NONE', *, *, #1894, .T. ) ;
#746 = CARTESIAN_POINT ( 'NONE',  ( 0.7599999999999950129, -1.799999999999997380, -6.110000000000000320 ) ) ;
#747 = CARTESIAN_POINT ( 'NONE',  ( -13.08000000000000362, -1.599999999999998090, -7.110000000000000320 ) ) ;
#748 = CARTESIAN_POINT ( 'NONE',  ( -2.390000000000005009, -1.794999999999997042, -3.109999999999999432 ) ) ;
#749 = DIRECTION ( 'NONE',  ( -2.891205793294678326E-16, 7.228014483236695816E-17, 1.000000000000000000 ) ) ;
#750 = FILL_AREA_STYLE_COLOUR ( '', #2152 ) ;
#751 = ORIENTED_EDGE ( 'NONE', *, *, #1416, .T. ) ;
#752 = PLANE ( 'NONE',  #2750 ) ;
#753 =( GEOMETRIC_REPRESENTATION_CONTEXT ( 3 ) GLOBAL_UNCERTAINTY_ASSIGNED_CONTEXT ( ( #1029 ) ) GLOBAL_UNIT_ASSIGNED_CONTEXT ( ( #1935, #1698, #726 ) ) REPRESENTATION_CONTEXT ( 'NONE', 'WORKASPACE' ) );
#754 = ORIENTED_EDGE ( 'NONE', *, *, #1768, .F. ) ;
#755 = EDGE_CURVE ( 'NONE', #1071, #1426, #1082, .T. ) ;
#756 = LINE ( 'NONE', #2481, #1798 ) ;
#757 = EDGE_CURVE ( 'NONE', #1456, #1609, #2301, .T. ) ;
#758 = AXIS2_PLACEMENT_3D ( 'NONE', #527, #1182, #2692 ) ;
#759 = CARTESIAN_POINT ( 'NONE',  ( 0.000000000000000000, -1.794999999999996820, 1.297353011012679153E-16 ) ) ;
#760 =( NAMED_UNIT ( * ) PLANE_ANGLE_UNIT ( ) SI_UNIT ( $, .RADIAN. ) );
#761 = VERTEX_POINT ( 'NONE', #1818 ) ;
#762 = EDGE_CURVE ( 'NONE', #1772, #1924, #2800, .T. ) ;
#763 = CARTESIAN_POINT ( 'NONE',  ( -1.690000000000004832, -1.799999999999997158, -3.109999999999999432 ) ) ;
#764 = CARTESIAN_POINT ( 'NONE',  ( -5.540000000000002700, -1.794999999999997042, -3.109999999999999432 ) ) ;
#765 =( NAMED_UNIT ( * ) SI_UNIT ( $, .STERADIAN. ) SOLID_ANGLE_UNIT ( ) );
#766 = CARTESIAN_POINT ( 'NONE',  ( -2.040000000000003588, -1.794999999999997264, -6.110000000000000320 ) ) ;
#767 = DIRECTION ( 'NONE',  ( 2.891205793294678326E-16, 0.000000000000000000, -1.000000000000000000 ) ) ;
#768 = VERTEX_POINT ( 'NONE', #1337 ) ;
#769 = CARTESIAN_POINT ( 'NONE',  ( -5.890000000000003233, -1.799999999999997158, -3.109999999999999432 ) ) ;
#770 =( NAMED_UNIT ( * ) SI_UNIT ( $, .STERADIAN. ) SOLID_ANGLE_UNIT ( ) );
#771 = SURFACE_SIDE_STYLE ('',( #2209 ) ) ;
#772 = EDGE_LOOP ( 'NONE', ( #3082, #597, #1902, #1878 ) ) ;
#773 =( NAMED_UNIT ( * ) PLANE_ANGLE_UNIT ( ) SI_UNIT ( $, .RADIAN. ) );
#774 = PRESENTATION_STYLE_ASSIGNMENT (( #1762 ) ) ;
#775 = DIRECTION ( 'NONE',  ( -0.000000000000000000, -1.000000000000000000, 7.379191939847947013E-17 ) ) ;
#776 = VERTEX_POINT ( 'NONE', #43 ) ;
#777 =( GEOMETRIC_REPRESENTATION_CONTEXT ( 3 ) GLOBAL_UNCERTAINTY_ASSIGNED_CONTEXT ( ( #801 ) ) GLOBAL_UNIT_ASSIGNED_CONTEXT ( ( #3062, #386, #3038 ) ) REPRESENTATION_CONTEXT ( 'NONE', 'WORKASPACE' ) );
#778 = CARTESIAN_POINT ( 'NONE',  ( -0.6400000000000051203, -1.799999999999997380, -6.110000000000000320 ) ) ;
#779 = AXIS2_PLACEMENT_3D ( 'NONE', #1770, #2751, #1527 ) ;
#780 = CARTESIAN_POINT ( 'NONE',  ( -6.590000000000003411, -1.794999999999997042, -3.109999999999999432 ) ) ;
#781 = SURFACE_STYLE_USAGE ( .BOTH. , #38 ) ;
#782 = VECTOR ( 'NONE', #973, 1000.000000000000000 ) ;
#783 =( NAMED_UNIT ( * ) PLANE_ANGLE_UNIT ( ) SI_UNIT ( $, .RADIAN. ) );
#784 = FILL_AREA_STYLE_COLOUR ( '', #1465 ) ;
#785 = ADVANCED_FACE ( 'NONE', ( #1574 ), #2999, .F. ) ;
#786 = ORIENTED_EDGE ( 'NONE', *, *, #825, .F. ) ;
#787 = COLOUR_RGB ( '',1.000000000000000000, 0.8901960784313724950, 0.000000000000000000 ) ;
#788 = VECTOR ( 'NONE', #47, 1000.000000000000000 ) ;
#789 = CARTESIAN_POINT ( 'NONE',  ( 13.07999999999999652, 1.500000000000000000, 14.60999999999999943 ) ) ;
#790 = DIRECTION ( 'NONE',  ( 0.000000000000000000, 7.228014483236695816E-17, 1.000000000000000000 ) ) ;
#791 =( GEOMETRIC_REPRESENTATION_CONTEXT ( 3 ) GLOBAL_UNCERTAINTY_ASSIGNED_CONTEXT ( ( #2121 ) ) GLOBAL_UNIT_ASSIGNED_CONTEXT ( ( #730, #491, #301 ) ) REPRESENTATION_CONTEXT ( 'NONE', 'WORKASPACE' ) );
#792 = PRESENTATION_LAYER_ASSIGNMENT (  '', '', ( #378 ) ) ;
#793 = AXIS2_PLACEMENT_3D ( 'NONE', #2691, #1943, #2935 ) ;
#794 = PLANE ( 'NONE',  #2923 ) ;
#795 = FACE_OUTER_BOUND ( 'NONE', #967, .T. ) ;
#796 = LINE ( 'NONE', #1296, #841 ) ;
#797 = ORIENTED_EDGE ( 'NONE', *, *, #757, .F. ) ;
#798 = PRESENTATION_LAYER_ASSIGNMENT (  '', '', ( #2021 ) ) ;
#799 = LINE ( 'NONE', #2766, #1605 ) ;
#800 =( GEOMETRIC_REPRESENTATION_CONTEXT ( 3 ) GLOBAL_UNCERTAINTY_ASSIGNED_CONTEXT ( ( #3166 ) ) GLOBAL_UNIT_ASSIGNED_CONTEXT ( ( #360, #2480, #1003 ) ) REPRESENTATION_CONTEXT ( 'NONE', 'WORKASPACE' ) );
#801 = UNCERTAINTY_MEASURE_WITH_UNIT (LENGTH_MEASURE( 1.000000000000000082E-05 ), #3062, 'distance_accuracy_value', 'NONE');
#802 = UNCERTAINTY_MEASURE_WITH_UNIT (LENGTH_MEASURE( 1.000000000000000082E-05 ), #969, 'distance_accuracy_value', 'NONE');
#803 = PLANE ( 'NONE',  #1666 ) ;
#804 = DIRECTION ( 'NONE',  ( 1.000000000000000000, 0.000000000000000000, -0.000000000000000000 ) ) ;
#805 = SURFACE_STYLE_USAGE ( .BOTH. , #1094 ) ;
#806 = ORIENTED_EDGE ( 'NONE', *, *, #1356, .T. ) ;
#807 = ADVANCED_FACE ( 'NONE', ( #2083 ), #1381, .F. ) ;
#808 = ADVANCED_FACE ( 'NONE', ( #2615 ), #182, .F. ) ;
#809 = VERTEX_POINT ( 'NONE', #659 ) ;
#810 = STYLED_ITEM ( 'NONE', ( #1790 ), #700 ) ;
#811 = FILL_AREA_STYLE ('',( #308 ) ) ;
#812 = LINE ( 'NONE', #2780, #3136 ) ;
#813 = FACE_OUTER_BOUND ( 'NONE', #501, .T. ) ;
#814 =( GEOMETRIC_REPRESENTATION_CONTEXT ( 3 ) GLOBAL_UNCERTAINTY_ASSIGNED_CONTEXT ( ( #2506 ) ) GLOBAL_UNIT_ASSIGNED_CONTEXT ( ( #3183, #2927, #2943 ) ) REPRESENTATION_CONTEXT ( 'NONE', 'WORKASPACE' ) );
#815 = CARTESIAN_POINT ( 'NONE',  ( -4.840000000000002522, -1.799999999999997380, -6.110000000000000320 ) ) ;
#816 = SURFACE_SIDE_STYLE ('',( #326 ) ) ;
#817 = ORIENTED_EDGE ( 'NONE', *, *, #2405, .T. ) ;
#818 = MECHANICAL_DESIGN_GEOMETRIC_PRESENTATION_REPRESENTATION (  '', ( #2660 ), #1933 ) ;
#819 = DIRECTION ( 'NONE',  ( -0.000000000000000000, -1.000000000000000000, 7.379191939847947013E-17 ) ) ;
#820 = VECTOR ( 'NONE', #312, 1000.000000000000000 ) ;
#821 =( NAMED_UNIT ( * ) SI_UNIT ( $, .STERADIAN. ) SOLID_ANGLE_UNIT ( ) );
#822 = ORIENTED_EDGE ( 'NONE', *, *, #1757, .T. ) ;
#823 = EDGE_LOOP ( 'NONE', ( #1530, #2041, #461, #1118 ) ) ;
#824 = SURFACE_SIDE_STYLE ('',( #546 ) ) ;
#825 = EDGE_CURVE ( 'NONE', #2058, #2900, #2112, .T. ) ;
#826 = DIRECTION ( 'NONE',  ( 1.000000000000000000, 0.000000000000000000, 0.000000000000000000 ) ) ;
#827 = LINE ( 'NONE', #1537, #125 ) ;
#828 = VERTEX_POINT ( 'NONE', #3112 ) ;
#829 = FILL_AREA_STYLE_COLOUR ( '', #329 ) ;
#830 = FACE_OUTER_BOUND ( 'NONE', #1587, .T. ) ;
#831 =( LENGTH_UNIT ( ) NAMED_UNIT ( * ) SI_UNIT ( .MILLI., .METRE. ) );
#832 = VECTOR ( 'NONE', #634, 1000.000000000000000 ) ;
#833 = DIRECTION ( 'NONE',  ( -1.000000000000000000, -0.000000000000000000, -0.000000000000000000 ) ) ;
#834 = ORIENTED_EDGE ( 'NONE', *, *, #2497, .F. ) ;
#835 = ADVANCED_FACE ( 'NONE', ( #2348 ), #2818, .F. ) ;
#836 = ORIENTED_EDGE ( 'NONE', *, *, #2589, .T. ) ;
#837 = DIRECTION ( 'NONE',  ( -0.000000000000000000, -0.000000000000000000, 1.000000000000000000 ) ) ;
#838 = VECTOR ( 'NONE', #991, 1000.000000000000000 ) ;
#839 = CARTESIAN_POINT ( 'NONE',  ( -0.6400000000000051203, -1.794999999999997264, -6.110000000000000320 ) ) ;
#840 = ORIENTED_EDGE ( 'NONE', *, *, #3164, .F. ) ;
#841 = VECTOR ( 'NONE', #2296, 1000.000000000000000 ) ;
#842 = COLOUR_RGB ( '',0.4039215686274509887, 0.3176470588235293935, 0.000000000000000000 ) ;
#843 = FILL_AREA_STYLE ('',( #1817 ) ) ;
#844 =( GEOMETRIC_REPRESENTATION_CONTEXT ( 3 ) GLOBAL_UNCERTAINTY_ASSIGNED_CONTEXT ( ( #2909 ) ) GLOBAL_UNIT_ASSIGNED_CONTEXT ( ( #1140, #3111, #1711 ) ) REPRESENTATION_CONTEXT ( 'NONE', 'WORKASPACE' ) );
#845 = EDGE_CURVE ( 'NONE', #2074, #1426, #1427, .T. ) ;
#846 = FILL_AREA_STYLE_COLOUR ( '', #1577 ) ;
#847 = ORIENTED_EDGE ( 'NONE', *, *, #236, .F. ) ;
#848 = COLOUR_RGB ( '',0.4039215686274509887, 0.3176470588235293935, 0.000000000000000000 ) ;
#849 = EDGE_CURVE ( 'NONE', #399, #2289, #488, .T. ) ;
#850 = ORIENTED_EDGE ( 'NONE', *, *, #370, .F. ) ;
#851 = SURFACE_STYLE_FILL_AREA ( #65 ) ;
#852 = AXIS2_PLACEMENT_3D ( 'NONE', #1304, #82, #60 ) ;
#853 = DIRECTION ( 'NONE',  ( 1.000000000000000000, -0.000000000000000000, -0.000000000000000000 ) ) ;
#854 = VERTEX_POINT ( 'NONE', #252 ) ;
#855 = LINE ( 'NONE', #2812, #2804 ) ;
#856 = CARTESIAN_POINT ( 'NONE',  ( 13.07999999999999652, 0.000000000000000000, 14.60999999999999943 ) ) ;
#857 = MECHANICAL_DESIGN_GEOMETRIC_PRESENTATION_REPRESENTATION (  '', ( #1792 ), #753 ) ;
#858 = ADVANCED_FACE ( 'NONE', ( #987 ), #2664, .T. ) ;
#859 = VERTEX_POINT ( 'NONE', #2394 ) ;
#860 = COLOUR_RGB ( '',0.4039215686274509887, 0.3176470588235293935, 0.000000000000000000 ) ;
#861 = STYLED_ITEM ( 'NONE', ( #2936 ), #2873 ) ;
#862 = FILL_AREA_STYLE_COLOUR ( '', #2065 ) ;
#863 = VERTEX_POINT ( 'NONE', #727 ) ;
#864 = FILL_AREA_STYLE ('',( #1196 ) ) ;
#865 = CARTESIAN_POINT ( 'NONE',  ( -11.69999999999999574, 1.500000000000000000, 13.27999999999999936 ) ) ;
#866 = CARTESIAN_POINT ( 'NONE',  ( 0.7599999999999967892, -1.799999999999997380, -3.109999999999999876 ) ) ;
#867 = ORIENTED_EDGE ( 'NONE', *, *, #34, .F. ) ;
#868 =( LENGTH_UNIT ( ) NAMED_UNIT ( * ) SI_UNIT ( .MILLI., .METRE. ) );
#869 = DIRECTION ( 'NONE',  ( 0.000000000000000000, 2.168404344971008868E-16, 1.000000000000000000 ) ) ;
#870 = PRESENTATION_STYLE_ASSIGNMENT (( #1379 ) ) ;
#871 = CYLINDRICAL_SURFACE ( 'NONE', #2752, 1.000000000000000888 ) ;
#872 =( NAMED_UNIT ( * ) SI_UNIT ( $, .STERADIAN. ) SOLID_ANGLE_UNIT ( ) );
#873 = VERTEX_POINT ( 'NONE', #2184 ) ;
#874 = EDGE_CURVE ( 'NONE', #3162, #978, #201, .T. ) ;
#875 = FILL_AREA_STYLE ('',( #1619 ) ) ;
#876 = VECTOR ( 'NONE', #2306, 1000.000000000000000 ) ;
#877 = ORIENTED_EDGE ( 'NONE', *, *, #2305, .F. ) ;
#878 = COLOUR_RGB ( '',0.4039215686274509887, 0.3176470588235293935, 0.000000000000000000 ) ;
#879 = CARTESIAN_POINT ( 'NONE',  ( -5.890000000000003233, -1.799999999999997380, -6.110000000000000320 ) ) ;
#880 = DIRECTION ( 'NONE',  ( 2.891205793294678326E-16, 0.000000000000000000, -1.000000000000000000 ) ) ;
#881 = ORIENTED_EDGE ( 'NONE', *, *, #3188, .T. ) ;
#882 = ORIENTED_EDGE ( 'NONE', *, *, #2793, .T. ) ;
#883 = DIRECTION ( 'NONE',  ( 0.000000000000000000, 7.228014483236695816E-17, 1.000000000000000000 ) ) ;
#884 = FILL_AREA_STYLE_COLOUR ( '', #1276 ) ;
#885 = CARTESIAN_POINT ( 'NONE',  ( -3.090000000000003855, -1.794999999999997264, -6.110000000000000320 ) ) ;
#886 = MECHANICAL_DESIGN_GEOMETRIC_PRESENTATION_REPRESENTATION (  '', ( #2374 ), #2696 ) ;
#887 = VECTOR ( 'NONE', #982, 1000.000000000000000 ) ;
#888 = VECTOR ( 'NONE', #92, 1000.000000000000000 ) ;
#889 = SURFACE_STYLE_USAGE ( .BOTH. , #916 ) ;
#890 = PRESENTATION_LAYER_ASSIGNMENT (  '', '', ( #272 ) ) ;
#891 = COLOUR_RGB ( '',0.4039215686274509887, 0.3176470588235293935, 0.000000000000000000 ) ;
#892 =( NAMED_UNIT ( * ) SI_UNIT ( $, .STERADIAN. ) SOLID_ANGLE_UNIT ( ) );
#893 = VECTOR ( 'NONE', #1507, 1000.000000000000000 ) ;
#894 = VERTEX_POINT ( 'NONE', #1696 ) ;
#895 = EDGE_CURVE ( 'NONE', #630, #377, #450, .T. ) ;
#896 = EDGE_CURVE ( 'NONE', #2289, #257, #2704, .T. ) ;
#897 = ORIENTED_EDGE ( 'NONE', *, *, #1601, .T. ) ;
#898 = VERTEX_POINT ( 'NONE', #2163 ) ;
#899 = DIRECTION ( 'NONE',  ( 0.000000000000000000, -7.228014483236695816E-17, -1.000000000000000000 ) ) ;
#900 = FILL_AREA_STYLE ('',( #639 ) ) ;
#901 = DIRECTION ( 'NONE',  ( -0.000000000000000000, -1.000000000000000000, 7.379191939847947013E-17 ) ) ;
#902 =( NAMED_UNIT ( * ) PLANE_ANGLE_UNIT ( ) SI_UNIT ( $, .RADIAN. ) );
#903 = EDGE_LOOP ( 'NONE', ( #732, #840, #61, #2633 ) ) ;
#904 = CARTESIAN_POINT ( 'NONE',  ( -11.69999999999999574, 1.399999999999999911, 13.27999999999999936 ) ) ;
#905 = EDGE_LOOP ( 'NONE', ( #1403, #294, #2765, #919 ) ) ;
#906 = AXIS2_PLACEMENT_3D ( 'NONE', #2048, #87, #3036 ) ;
#907 = CARTESIAN_POINT ( 'NONE',  ( 13.07999999999999652, 1.500000000000000000, 14.60999999999999943 ) ) ;
#908 = DIRECTION ( 'NONE',  ( -0.000000000000000000, 0.000000000000000000, 1.000000000000000000 ) ) ;
#909 = VERTEX_POINT ( 'NONE', #238 ) ;
#910 = EDGE_CURVE ( 'NONE', #776, #2131, #2139, .T. ) ;
#911 = UNCERTAINTY_MEASURE_WITH_UNIT (LENGTH_MEASURE( 1.000000000000000082E-05 ), #529, 'distance_accuracy_value', 'NONE');
#912 = VERTEX_POINT ( 'NONE', #3141 ) ;
#913 = FILL_AREA_STYLE_COLOUR ( '', #3152 ) ;
#914 = FACE_OUTER_BOUND ( 'NONE', #1801, .T. ) ;
#915 = DIRECTION ( 'NONE',  ( -0.000000000000000000, 0.000000000000000000, 1.000000000000000000 ) ) ;
#916 = SURFACE_SIDE_STYLE ('',( #1160 ) ) ;
#917 = SURFACE_STYLE_USAGE ( .BOTH. , #1917 ) ;
#918 = LINE ( 'NONE', #3146, #1869 ) ;
#919 = ORIENTED_EDGE ( 'NONE', *, *, #1323, .T. ) ;
#920 = AXIS2_PLACEMENT_3D ( 'NONE', #2022, #1795, #3022 ) ;
#921 = COLOUR_RGB ( '',1.000000000000000000, 0.8901960784313724950, 0.000000000000000000 ) ;
#922 = DIRECTION ( 'NONE',  ( -1.000000000000000000, 0.000000000000000000, -0.000000000000000000 ) ) ;
#923 = ORIENTED_EDGE ( 'NONE', *, *, #1153, .F. ) ;
#924 = VERTEX_POINT ( 'NONE', #1232 ) ;
#925 = FILL_AREA_STYLE ('',( #2612 ) ) ;
#926 = PRESENTATION_STYLE_ASSIGNMENT (( #1125 ) ) ;
#927 = CARTESIAN_POINT ( 'NONE',  ( -4.840000000000002522, -1.794999999999997042, -3.109999999999999432 ) ) ;
#928 = DIRECTION ( 'NONE',  ( -0.000000000000000000, -1.000000000000000000, 7.379191939847947013E-17 ) ) ;
#929 = VERTEX_POINT ( 'NONE', #2411 ) ;
#930 = FACE_OUTER_BOUND ( 'NONE', #525, .T. ) ;
#931 = UNCERTAINTY_MEASURE_WITH_UNIT (LENGTH_MEASURE( 1.000000000000000082E-05 ), #1706, 'distance_accuracy_value', 'NONE');
#932 = FACE_OUTER_BOUND ( 'NONE', #1511, .T. ) ;
#933 = VECTOR ( 'NONE', #819, 1000.000000000000000 ) ;
#934 = ADVANCED_FACE ( 'NONE', ( #930 ), #689, .T. ) ;
#935 = SURFACE_STYLE_USAGE ( .BOTH. , #3084 ) ;
#936 = VECTOR ( 'NONE', #749, 1000.000000000000000 ) ;
#937 = CARTESIAN_POINT ( 'NONE',  ( -6.240000000000002878, -1.794999999999997042, -3.109999999999999432 ) ) ;
#938 = PRESENTATION_STYLE_ASSIGNMENT (( #407 ) ) ;
#939 = STYLED_ITEM ( 'NONE', ( #207 ), #1162 ) ;
#940 = ORIENTED_EDGE ( 'NONE', *, *, #370, .T. ) ;
#941 = EDGE_CURVE ( 'NONE', #487, #1170, #2215, .T. ) ;
#942 = AXIS2_PLACEMENT_3D ( 'NONE', #1430, #960, #663 ) ;
#943 = DIRECTION ( 'NONE',  ( 1.000000000000000000, 0.000000000000000000, 0.000000000000000000 ) ) ;
#944 = STYLED_ITEM ( 'NONE', ( #2601 ), #2072 ) ;
#945 = CARTESIAN_POINT ( 'NONE',  ( 2.779999999999997584, 0.2000000000000007327, -14.86415607913129477 ) ) ;
#946 = DIRECTION ( 'NONE',  ( 1.000000000000000000, 0.000000000000000000, 0.000000000000000000 ) ) ;
#947 = PRESENTATION_STYLE_ASSIGNMENT (( #459 ) ) ;
#948 = EDGE_LOOP ( 'NONE', ( #1880, #1185, #1095, #2046 ) ) ;
#949 = VERTEX_POINT ( 'NONE', #2648 ) ;
#950 = LINE ( 'NONE', #1691, #993 ) ;
#951 = DIRECTION ( 'NONE',  ( 0.000000000000000000, 7.228014483236695816E-17, 1.000000000000000000 ) ) ;
#952 = SURFACE_STYLE_FILL_AREA ( #2645 ) ;
#953 = CARTESIAN_POINT ( 'NONE',  ( 1.109999999999993880, -1.794999999999997042, -3.109999999999999432 ) ) ;
#954 = ORIENTED_EDGE ( 'NONE', *, *, #1603, .T. ) ;
#955 = CARTESIAN_POINT ( 'NONE',  ( -3.790000000000004476, -1.794999999999997042, -3.109999999999999432 ) ) ;
#956 = VECTOR ( 'NONE', #833, 1000.000000000000000 ) ;
#957 =( NAMED_UNIT ( * ) SI_UNIT ( $, .STERADIAN. ) SOLID_ANGLE_UNIT ( ) );
#958 = ADVANCED_FACE ( 'NONE', ( #434 ), #2908, .F. ) ;
#959 = LINE ( 'NONE', #2932, #2600 ) ;
#960 = DIRECTION ( 'NONE',  ( 1.000000000000000000, -0.000000000000000000, 0.000000000000000000 ) ) ;
#961 = ORIENTED_EDGE ( 'NONE', *, *, #2410, .T. ) ;
#962 = VECTOR ( 'NONE', #1871, 1000.000000000000000 ) ;
#963 = DIRECTION ( 'NONE',  ( 0.000000000000000000, 1.000000000000000000, -7.379191939847947013E-17 ) ) ;
#964 = VECTOR ( 'NONE', #2958, 1000.000000000000000 ) ;
#965 = FACE_OUTER_BOUND ( 'NONE', #2557, .T. ) ;
#966 = COLOUR_RGB ( '',0.4039215686274509887, 0.3176470588235293935, 0.000000000000000000 ) ;
#967 = EDGE_LOOP ( 'NONE', ( #1929, #2987, #1785, #2714 ) ) ;
#968 = DIRECTION ( 'NONE',  ( 0.000000000000000000, -1.475838387969588910E-16, -1.000000000000000000 ) ) ;
#969 =( LENGTH_UNIT ( ) NAMED_UNIT ( * ) SI_UNIT ( .MILLI., .METRE. ) );
#970 =( NAMED_UNIT ( * ) SI_UNIT ( $, .STERADIAN. ) SOLID_ANGLE_UNIT ( ) );
#971 = LINE ( 'NONE', #1948, #1610 ) ;
#972 = ORIENTED_EDGE ( 'NONE', *, *, #1214, .T. ) ;
#973 = DIRECTION ( 'NONE',  ( -0.000000000000000000, -1.000000000000000000, 7.379191939847947013E-17 ) ) ;
#974 = PLANE ( 'NONE',  #1148 ) ;
#975 = FILL_AREA_STYLE_COLOUR ( '', #2509 ) ;
#976 = PRESENTATION_STYLE_ASSIGNMENT (( #2166 ) ) ;
#977 = CARTESIAN_POINT ( 'NONE',  ( -4.140000000000003233, -1.794999999999997042, -3.109999999999999432 ) ) ;
#978 = VERTEX_POINT ( 'NONE', #1816 ) ;
#979 = EDGE_CURVE ( 'NONE', #2020, #929, #799, .T. ) ;
#980 = LINE ( 'NONE', #1956, #626 ) ;
#981 = ORIENTED_EDGE ( 'NONE', *, *, #1419, .T. ) ;
#982 = DIRECTION ( 'NONE',  ( -1.000000000000000000, -0.000000000000000000, -0.000000000000000000 ) ) ;
#983 = CARTESIAN_POINT ( 'NONE',  ( 0.000000000000000000, -1.794999999999996820, 1.297353011012679153E-16 ) ) ;
#984 = DIRECTION ( 'NONE',  ( 0.000000000000000000, 1.000000000000000000, -7.379191939847947013E-17 ) ) ;
#985 = SURFACE_STYLE_FILL_AREA ( #1693 ) ;
#986 = ORIENTED_EDGE ( 'NONE', *, *, #1236, .F. ) ;
#987 = FACE_OUTER_BOUND ( 'NONE', #3107, .T. ) ;
#988 = LINE ( 'NONE', #1715, #285 ) ;
#989 = DIRECTION ( 'NONE',  ( 0.000000000000000000, -7.228014483236695816E-17, -1.000000000000000000 ) ) ;
#990 = CARTESIAN_POINT ( 'NONE',  ( -13.08000000000000362, -1.799999999999997380, -3.109999999999999876 ) ) ;
#991 = DIRECTION ( 'NONE',  ( -2.891205793294678326E-16, 7.228014483236695816E-17, 1.000000000000000000 ) ) ;
#992 = VERTEX_POINT ( 'NONE', #566 ) ;
#993 = VECTOR ( 'NONE', #968, 1000.000000000000000 ) ;
#994 = AXIS2_PLACEMENT_3D ( 'NONE', #533, #2990, #1748 ) ;
#995 = EDGE_CURVE ( 'NONE', #368, #2370, #535, .T. ) ;
#996 = COLOUR_RGB ( '',0.4039215686274509887, 0.3176470588235293935, 0.000000000000000000 ) ;
#997 =( NAMED_UNIT ( * ) SI_UNIT ( $, .STERADIAN. ) SOLID_ANGLE_UNIT ( ) );
#998 = EDGE_CURVE ( 'NONE', #1926, #1421, #1539, .T. ) ;
#999 = PRESENTATION_LAYER_ASSIGNMENT (  '', '', ( #1361 ) ) ;
#1000 = LINE ( 'NONE', #1205, #147 ) ;
#1001 = EDGE_CURVE ( 'NONE', #2094, #1538, #1506, .T. ) ;
#1002 = SURFACE_SIDE_STYLE ('',( #1744 ) ) ;
#1003 =( NAMED_UNIT ( * ) SI_UNIT ( $, .STERADIAN. ) SOLID_ANGLE_UNIT ( ) );
#1004 = PRESENTATION_LAYER_ASSIGNMENT (  '', '', ( #2374 ) ) ;
#1005 = VECTOR ( 'NONE', #1301, 1000.000000000000000 ) ;
#1006 = DIRECTION ( 'NONE',  ( 0.000000000000000000, 0.000000000000000000, -1.000000000000000000 ) ) ;
#1007 = DIRECTION ( 'NONE',  ( 1.000000000000000000, 0.000000000000000000, 0.000000000000000000 ) ) ;
#1008 = FACE_OUTER_BOUND ( 'NONE', #684, .T. ) ;
#1009 = ORIENTED_EDGE ( 'NONE', *, *, #1188, .T. ) ;
#1010 = CARTESIAN_POINT ( 'NONE',  ( -0.9900000000000056533, -1.794999999999997042, -3.109999999999999432 ) ) ;
#1011 = PLANE ( 'NONE',  #3105 ) ;
#1012 = SURFACE_STYLE_FILL_AREA ( #1330 ) ;
#1013 =( LENGTH_UNIT ( ) NAMED_UNIT ( * ) SI_UNIT ( .MILLI., .METRE. ) );
#1014 = DIRECTION ( 'NONE',  ( 1.000000000000000000, 0.000000000000000000, 0.000000000000000000 ) ) ;
#1015 =( NAMED_UNIT ( * ) SI_UNIT ( $, .STERADIAN. ) SOLID_ANGLE_UNIT ( ) );
#1016 = ORIENTED_EDGE ( 'NONE', *, *, #739, .T. ) ;
#1017 = SURFACE_SIDE_STYLE ('',( #29 ) ) ;
#1018 = FILL_AREA_STYLE_COLOUR ( '', #679 ) ;
#1019 = VERTEX_POINT ( 'NONE', #2265 ) ;
#1020 = COLOUR_RGB ( '',0.4039215686274509887, 0.3176470588235293935, 0.000000000000000000 ) ;
#1021 = EDGE_CURVE ( 'NONE', #1625, #898, #1825, .T. ) ;
#1022 = LINE ( 'NONE', #2518, #820 ) ;
#1023 = COLOUR_RGB ( '',0.4039215686274509887, 0.3176470588235293935, 0.000000000000000000 ) ;
#1024 = CARTESIAN_POINT ( 'NONE',  ( -3.790000000000004476, -1.794999999999997042, -3.109999999999999432 ) ) ;
#1025 = ORIENTED_EDGE ( 'NONE', *, *, #2223, .F. ) ;
#1026 = CARTESIAN_POINT ( 'NONE',  ( 25.99001538693280366, -1.799999999999997380, -3.109999999999999876 ) ) ;
#1027 = CARTESIAN_POINT ( 'NONE',  ( -6.940000000000001279, -1.794999999999997042, -3.109999999999999432 ) ) ;
#1028 = UNCERTAINTY_MEASURE_WITH_UNIT (LENGTH_MEASURE( 1.000000000000000082E-05 ), #1042, 'distance_accuracy_value', 'NONE');
#1029 = UNCERTAINTY_MEASURE_WITH_UNIT (LENGTH_MEASURE( 1.000000000000000082E-05 ), #1935, 'distance_accuracy_value', 'NONE');
#1030 = DIRECTION ( 'NONE',  ( -1.000000000000000000, 0.000000000000000000, -0.000000000000000000 ) ) ;
#1031 = CARTESIAN_POINT ( 'NONE',  ( 0.4099999999999937028, -1.794999999999997042, -3.109999999999999432 ) ) ;
#1032 = SURFACE_SIDE_STYLE ('',( #2220 ) ) ;
#1033 = FILL_AREA_STYLE ('',( #2554 ) ) ;
#1034 = VERTEX_POINT ( 'NONE', #2484 ) ;
#1035 = CARTESIAN_POINT ( 'NONE',  ( -5.540000000000002700, -1.794999999999997264, -6.110000000000000320 ) ) ;
#1036 = CARTESIAN_POINT ( 'NONE',  ( -11.69999999999999574, 1.500000000000000000, 13.27999999999999936 ) ) ;
#1037 = CARTESIAN_POINT ( 'NONE',  ( 0.000000000000000000, -1.794999999999996820, 1.297353011012679153E-16 ) ) ;
#1038 = LINE ( 'NONE', #49, #1383 ) ;
#1039 = FILL_AREA_STYLE_COLOUR ( '', #2106 ) ;
#1040 = DIRECTION ( 'NONE',  ( -1.000000000000000000, -0.000000000000000000, -0.000000000000000000 ) ) ;
#1041 = VERTEX_POINT ( 'NONE', #1010 ) ;
#1042 =( LENGTH_UNIT ( ) NAMED_UNIT ( * ) SI_UNIT ( .MILLI., .METRE. ) );
#1043 = EDGE_CURVE ( 'NONE', #992, #1473, #2027, .T. ) ;
#1044 = LINE ( 'NONE', #1787, #2495 ) ;
#1045 = EDGE_CURVE ( 'NONE', #1071, #1208, #1554, .T. ) ;
#1046 = CARTESIAN_POINT ( 'NONE',  ( 2.779999999999997584, 0.000000000000000000, -14.60999999999999943 ) ) ;
#1047 = ORIENTED_EDGE ( 'NONE', *, *, #2974, .T. ) ;
#1048 = STYLED_ITEM ( 'NONE', ( #1859 ), #808 ) ;
#1049 = EDGE_CURVE ( 'NONE', #1237, #1728, #330, .T. ) ;
#1050 = ORIENTED_EDGE ( 'NONE', *, *, #755, .F. ) ;
#1051 =( NAMED_UNIT ( * ) PLANE_ANGLE_UNIT ( ) SI_UNIT ( $, .RADIAN. ) );
#1052 = VECTOR ( 'NONE', #1411, 1000.000000000000000 ) ;
#1053 = MECHANICAL_DESIGN_GEOMETRIC_PRESENTATION_REPRESENTATION (  '', ( #578 ), #423 ) ;
#1054 = DIRECTION ( 'NONE',  ( -0.000000000000000000, -1.000000000000000000, 7.379191939847947013E-17 ) ) ;
#1055 = SURFACE_SIDE_STYLE ('',( #1354 ) ) ;
#1056 = ORIENTED_EDGE ( 'NONE', *, *, #1603, .F. ) ;
#1057 = MECHANICAL_DESIGN_GEOMETRIC_PRESENTATION_REPRESENTATION (  '', ( #1722 ), #2963 ) ;
#1058 = FILL_AREA_STYLE ('',( #1295 ) ) ;
#1059 = PLANE ( 'NONE',  #1467 ) ;
#1060 = DIRECTION ( 'NONE',  ( -1.000000000000000000, -0.000000000000000000, -0.000000000000000000 ) ) ;
#1061 = EDGE_LOOP ( 'NONE', ( #2363, #1458, #2837, #2869 ) ) ;
#1062 = MECHANICAL_DESIGN_GEOMETRIC_PRESENTATION_REPRESENTATION (  '', ( #2021 ), #1107 ) ;
#1063 =( GEOMETRIC_REPRESENTATION_CONTEXT ( 3 ) GLOBAL_UNCERTAINTY_ASSIGNED_CONTEXT ( ( #240 ) ) GLOBAL_UNIT_ASSIGNED_CONTEXT ( ( #2359, #1221, #2650 ) ) REPRESENTATION_CONTEXT ( 'NONE', 'WORKASPACE' ) );
#1064 = STYLED_ITEM ( 'NONE', ( #2581 ), #2033 ) ;
#1065 = SURFACE_STYLE_FILL_AREA ( #843 ) ;
#1066 =( NAMED_UNIT ( * ) SI_UNIT ( $, .STERADIAN. ) SOLID_ANGLE_UNIT ( ) );
#1067 = LINE ( 'NONE', #748, #2687 ) ;
#1068 = DIRECTION ( 'NONE',  ( -0.000000000000000000, -1.000000000000000000, 7.379191939847947013E-17 ) ) ;
#1069 = VERTEX_POINT ( 'NONE', #1320 ) ;
#1070 = EDGE_CURVE ( 'NONE', #1609, #1926, #2285, .T. ) ;
#1071 = VERTEX_POINT ( 'NONE', #1078 ) ;
#1072 = VECTOR ( 'NONE', #2243, 1000.000000000000000 ) ;
#1073 = ORIENTED_EDGE ( 'NONE', *, *, #116, .T. ) ;
#1074 = CARTESIAN_POINT ( 'NONE',  ( -11.69999999999999574, 1.399999999999999911, 13.27999999999999936 ) ) ;
#1075 = CARTESIAN_POINT ( 'NONE',  ( -2.740000000000003766, -1.794999999999997042, -3.109999999999999432 ) ) ;
#1076 = EDGE_LOOP ( 'NONE', ( #2573, #1860, #2071, #940 ) ) ;
#1077 =( GEOMETRIC_REPRESENTATION_CONTEXT ( 3 ) GLOBAL_UNCERTAINTY_ASSIGNED_CONTEXT ( ( #2621 ) ) GLOBAL_UNIT_ASSIGNED_CONTEXT ( ( #1405, #1629, #1423 ) ) REPRESENTATION_CONTEXT ( 'NONE', 'WORKASPACE' ) );
#1078 = CARTESIAN_POINT ( 'NONE',  ( -5.190000000000003944, -1.794999999999997042, -3.109999999999999432 ) ) ;
#1079 = AXIS2_PLACEMENT_3D ( 'NONE', #2440, #508, #1500 ) ;
#1080 = FACE_OUTER_BOUND ( 'NONE', #1654, .T. ) ;
#1081 = DIRECTION ( 'NONE',  ( -2.891205793294678326E-16, 7.228014483236695816E-17, 1.000000000000000000 ) ) ;
#1082 = LINE ( 'NONE', #3017, #1925 ) ;
#1083 = ORIENTED_EDGE ( 'NONE', *, *, #188, .F. ) ;
#1084 = ADVANCED_FACE ( 'NONE', ( #3041 ), #579, .F. ) ;
#1085 = ORIENTED_EDGE ( 'NONE', *, *, #185, .T. ) ;
#1086 = LINE ( 'NONE', #1074, #876 ) ;
#1087 = PRESENTATION_STYLE_ASSIGNMENT (( #2052 ) ) ;
#1088 = ORIENTED_EDGE ( 'NONE', *, *, #1070, .F. ) ;
#1089 = SURFACE_STYLE_FILL_AREA ( #678 ) ;
#1090 = CARTESIAN_POINT ( 'NONE',  ( -0.6400000000000051203, -1.794999999999997042, -3.109999999999999432 ) ) ;
#1091 = VECTOR ( 'NONE', #1891, 1000.000000000000000 ) ;
#1092 = CARTESIAN_POINT ( 'NONE',  ( -13.08000000000000362, 0.000000000000000000, 14.60999999999999943 ) ) ;
#1093 = COLOUR_RGB ( '',0.4039215686274509887, 0.3176470588235293935, 0.000000000000000000 ) ;
#1094 = SURFACE_SIDE_STYLE ('',( #96 ) ) ;
#1095 = ORIENTED_EDGE ( 'NONE', *, *, #365, .F. ) ;
#1096 = ORIENTED_EDGE ( 'NONE', *, *, #2559, .F. ) ;
#1097 = FACE_OUTER_BOUND ( 'NONE', #1627, .T. ) ;
#1098 = EDGE_CURVE ( 'NONE', #2131, #912, #1829, .T. ) ;
#1099 = EDGE_CURVE ( 'NONE', #1041, #854, #2914, .T. ) ;
#1100 = MECHANICAL_DESIGN_GEOMETRIC_PRESENTATION_REPRESENTATION (  '', ( #378 ), #2583 ) ;
#1101 = SURFACE_SIDE_STYLE ('',( #1564 ) ) ;
#1102 = DIRECTION ( 'NONE',  ( 0.000000000000000000, 0.000000000000000000, 1.000000000000000000 ) ) ;
#1103 = VERTEX_POINT ( 'NONE', #1362 ) ;
#1104 = VECTOR ( 'NONE', #707, 1000.000000000000000 ) ;
#1105 =( GEOMETRIC_REPRESENTATION_CONTEXT ( 3 ) GLOBAL_UNCERTAINTY_ASSIGNED_CONTEXT ( ( #1540 ) ) GLOBAL_UNIT_ASSIGNED_CONTEXT ( ( #1922, #1740, #997 ) ) REPRESENTATION_CONTEXT ( 'NONE', 'WORKASPACE' ) );
#1107 =( GEOMETRIC_REPRESENTATION_CONTEXT ( 3 ) GLOBAL_UNCERTAINTY_ASSIGNED_CONTEXT ( ( #2141 ) ) GLOBAL_UNIT_ASSIGNED_CONTEXT ( ( #2700, #2625, #970 ) ) REPRESENTATION_CONTEXT ( 'NONE', 'WORKASPACE' ) );
#1106 = PLANE ( 'NONE',  #2863 ) ;
#1108 = FILL_AREA_STYLE ('',( #609 ) ) ;
#1109 = ORIENTED_EDGE ( 'NONE', *, *, #1021, .T. ) ;
#1110 = VECTOR ( 'NONE', #1217, 1000.000000000000000 ) ;
#1111 = SURFACE_STYLE_USAGE ( .BOTH. , #1055 ) ;
#1112 = ORIENTED_EDGE ( 'NONE', *, *, #2206, .T. ) ;
#1113 = PRESENTATION_STYLE_ASSIGNMENT (( #1850 ) ) ;
#1114 = CARTESIAN_POINT ( 'NONE',  ( -13.08000000000000362, -0.8000000000000000444, -14.86415607913129477 ) ) ;
#1115 = ORIENTED_EDGE ( 'NONE', *, *, #2516, .T. ) ;
#1116 = EDGE_CURVE ( 'NONE', #2370, #1479, #855, .T. ) ;
#1117 = CARTESIAN_POINT ( 'NONE',  ( -4.140000000000003233, -1.799999999999997380, -6.110000000000000320 ) ) ;
#1118 = ORIENTED_EDGE ( 'NONE', *, *, #2517, .T. ) ;
#1119 = CARTESIAN_POINT ( 'NONE',  ( -4.840000000000002522, -1.794999999999997042, -3.109999999999999432 ) ) ;
#1120 = ORIENTED_EDGE ( 'NONE', *, *, #1236, .T. ) ;
#1121 = CARTESIAN_POINT ( 'NONE',  ( -13.08000000000000362, 1.499999999999998446, -7.110000000000000320 ) ) ;
#1122 = ORIENTED_EDGE ( 'NONE', *, *, #874, .T. ) ;
#1123 = SURFACE_STYLE_USAGE ( .BOTH. , #369 ) ;
#1124 = DIRECTION ( 'NONE',  ( 0.000000000000000000, 1.000000000000000000, -7.228014483236695816E-17 ) ) ;
#1125 = SURFACE_STYLE_USAGE ( .BOTH. , #372 ) ;
#1126 = CARTESIAN_POINT ( 'NONE',  ( 2.779999999999997584, -1.599999999999997424, -4.110000000000001208 ) ) ;
#1127 = SURFACE_STYLE_FILL_AREA ( #2627 ) ;
#1128 = ADVANCED_FACE ( 'NONE', ( #1686 ), #3150, .F. ) ;
#1129 = ORIENTED_EDGE ( 'NONE', *, *, #2082, .T. ) ;
#1130 = EDGE_CURVE ( 'NONE', #1982, #1225, #1450, .T. ) ;
#1131 = LINE ( 'NONE', #627, #2330 ) ;
#1132 = ORIENTED_EDGE ( 'NONE', *, *, #2103, .F. ) ;
#1133 = VECTOR ( 'NONE', #2467, 1000.000000000000000 ) ;
#1134 = DIRECTION ( 'NONE',  ( 0.000000000000000000, 0.000000000000000000, 1.000000000000000000 ) ) ;
#1135 = SURFACE_STYLE_FILL_AREA ( #148 ) ;
#1136 = ORIENTED_EDGE ( 'NONE', *, *, #1001, .T. ) ;
#1137 = ORIENTED_EDGE ( 'NONE', *, *, #1130, .T. ) ;
#1138 = CARTESIAN_POINT ( 'NONE',  ( -3.790000000000004476, -1.794999999999997042, -3.109999999999999432 ) ) ;
#1139 = DIRECTION ( 'NONE',  ( 0.000000000000000000, -7.228014483236695816E-17, -1.000000000000000000 ) ) ;
#1140 =( LENGTH_UNIT ( ) NAMED_UNIT ( * ) SI_UNIT ( .MILLI., .METRE. ) );
#1141 = CIRCLE ( 'NONE', #2954, 1.000000000000000000 ) ;
#1142 = COLOUR_RGB ( '',0.4039215686274509887, 0.3176470588235293935, 0.000000000000000000 ) ;
#1143 = COLOUR_RGB ( '',1.000000000000000000, 0.8901960784313724950, 0.000000000000000000 ) ;
#1144 = APPLICATION_CONTEXT ( 'automotive_design' ) ;
#1145 =( LENGTH_UNIT ( ) NAMED_UNIT ( * ) SI_UNIT ( .MILLI., .METRE. ) );
#1146 = VECTOR ( 'NONE', #989, 1000.000000000000000 ) ;
#1147 = UNCERTAINTY_MEASURE_WITH_UNIT (LENGTH_MEASURE( 1.000000000000000082E-05 ), #2406, 'distance_accuracy_value', 'NONE');
#1148 = AXIS2_PLACEMENT_3D ( 'NONE', #1951, #1030, #2203 ) ;
#1149 = LINE ( 'NONE', #2378, #1204 ) ;
#1150 = MECHANICAL_DESIGN_GEOMETRIC_PRESENTATION_REPRESENTATION (  '', ( #229 ), #844 ) ;
#1151 = CARTESIAN_POINT ( 'NONE',  ( 2.779999999999997584, -1.600000000000000089, -14.86415607913129477 ) ) ;
#1152 = EDGE_LOOP ( 'NONE', ( #1122, #2976, #2657, #3135 ) ) ;
#1153 = EDGE_CURVE ( 'NONE', #2205, #1865, #2067, .T. ) ;
#1154 = CARTESIAN_POINT ( 'NONE',  ( -12.08000000000000362, -1.799999999999998268, -7.110000000000000320 ) ) ;
#1155 = ORIENTED_EDGE ( 'NONE', *, *, #3034, .F. ) ;
#1156 = ORIENTED_EDGE ( 'NONE', *, *, #1894, .F. ) ;
#1157 =( LENGTH_UNIT ( ) NAMED_UNIT ( * ) SI_UNIT ( .MILLI., .METRE. ) );
#1158 = LINE ( 'NONE', #1172, #295 ) ;
#1159 = PLANE ( 'NONE',  #2899 ) ;
#1160 = SURFACE_STYLE_FILL_AREA ( #183 ) ;
#1161 = VECTOR ( 'NONE', #2183, 1000.000000000000000 ) ;
#1162 = ADVANCED_FACE ( 'NONE', ( #2399 ), #3065, .F. ) ;
#1163 = CARTESIAN_POINT ( 'NONE',  ( -2.740000000000002878, -1.799999999999997380, -3.109999999999999876 ) ) ;
#1164 =( GEOMETRIC_REPRESENTATION_CONTEXT ( 3 ) GLOBAL_UNCERTAINTY_ASSIGNED_CONTEXT ( ( #3133 ) ) GLOBAL_UNIT_ASSIGNED_CONTEXT ( ( #2762, #773, #1783 ) ) REPRESENTATION_CONTEXT ( 'NONE', 'WORKASPACE' ) );
#1165 = CARTESIAN_POINT ( 'NONE',  ( -4.140000000000003233, -1.794999999999997042, -3.109999999999999432 ) ) ;
#1166 = ORIENTED_EDGE ( 'NONE', *, *, #2266, .T. ) ;
#1167 = CARTESIAN_POINT ( 'NONE',  ( -13.08000000000000362, 0.000000000000000000, 14.60999999999999943 ) ) ;
#1168 = VERTEX_POINT ( 'NONE', #1239 ) ;
#1169 = UNCERTAINTY_MEASURE_WITH_UNIT (LENGTH_MEASURE( 1.000000000000000082E-05 ), #1264, 'distance_accuracy_value', 'NONE');
#1170 = VERTEX_POINT ( 'NONE', #543 ) ;
#1171 = EDGE_CURVE ( 'NONE', #1580, #1178, #2419, .T. ) ;
#1172 = CARTESIAN_POINT ( 'NONE',  ( 25.99001538693280366, -1.799999999999997380, -3.109999999999999876 ) ) ;
#1173 = EDGE_LOOP ( 'NONE', ( #619, #822, #2003, #3007, #1845, #72, #2585, #2526, #2801, #2319, #1294, #1115, #720, #1083, #250, #1895, #1854, #2418, #2646, #2151, #408, #418, #2620, #1652, #1132, #786, #2504, #1047, #1683, #506, #3139, #1073, #1620, #877, #5, #3131, #2872, #2328, #195, #2398, #2862, #1738, #671, #52, #209, #3100, #1949, #2146, #1835, #3171, #3000, #2833, #2372, #1593, #27, #981, #268, #1945 ) ) ;
#1174 = PRESENTATION_STYLE_ASSIGNMENT (( #1661 ) ) ;
#1175 = CARTESIAN_POINT ( 'NONE',  ( -8.620000000000002771, -1.599999999999997202, -4.110000000000000320 ) ) ;
#1176 = SURFACE_STYLE_USAGE ( .BOTH. , #1953 ) ;
#1177 = CARTESIAN_POINT ( 'NONE',  ( 25.99001538693280366, -1.799999999999997380, -3.109999999999999876 ) ) ;
#1178 = VERTEX_POINT ( 'NONE', #2246 ) ;
#1179 = COLOUR_RGB ( '',0.4039215686274509887, 0.3176470588235293935, 0.000000000000000000 ) ;
#1180 = MECHANICAL_DESIGN_GEOMETRIC_PRESENTATION_REPRESENTATION (  '', ( #213 ), #2007 ) ;
#1181 = ADVANCED_FACE ( 'NONE', ( #2477 ), #752, .F. ) ;
#1182 = DIRECTION ( 'NONE',  ( 0.000000000000000000, 0.000000000000000000, 1.000000000000000000 ) ) ;
#1183 = DIRECTION ( 'NONE',  ( 0.000000000000000000, -7.379191939847947013E-17, -1.000000000000000000 ) ) ;
#1184 =( NAMED_UNIT ( * ) SI_UNIT ( $, .STERADIAN. ) SOLID_ANGLE_UNIT ( ) );
#1185 = ORIENTED_EDGE ( 'NONE', *, *, #1703, .F. ) ;
#1186 = MECHANICAL_DESIGN_GEOMETRIC_PRESENTATION_REPRESENTATION (  '', ( #2097 ), #1455 ) ;
#1187 = ORIENTED_EDGE ( 'NONE', *, *, #1153, .T. ) ;
#1188 = EDGE_CURVE ( 'NONE', #2670, #863, #1776, .T. ) ;
#1189 =( LENGTH_UNIT ( ) NAMED_UNIT ( * ) SI_UNIT ( .MILLI., .METRE. ) );
#1190 = FILL_AREA_STYLE_COLOUR ( '', #1723 ) ;
#1191 = CARTESIAN_POINT ( 'NONE',  ( -4.490000000000002878, -1.794999999999997264, -6.110000000000000320 ) ) ;
#1192 = ORIENTED_EDGE ( 'NONE', *, *, #188, .T. ) ;
#1193 = UNCERTAINTY_MEASURE_WITH_UNIT (LENGTH_MEASURE( 1.000000000000000082E-05 ), #479, 'distance_accuracy_value', 'NONE');
#1194 = VECTOR ( 'NONE', #1745, 1000.000000000000000 ) ;
#1195 = STYLED_ITEM ( 'NONE', ( #2912 ), #649 ) ;
#1196 = FILL_AREA_STYLE_COLOUR ( '', #1536 ) ;
#1197 = SURFACE_SIDE_STYLE ('',( #221 ) ) ;
#1198 = VECTOR ( 'NONE', #3161, 1000.000000000000000 ) ;
#1199 = PLANE ( 'NONE',  #2016 ) ;
#1200 = LINE ( 'NONE', #646, #3159 ) ;
#1201 = ORIENTED_EDGE ( 'NONE', *, *, #2226, .F. ) ;
#1202 = STYLED_ITEM ( 'NONE', ( #1875 ), #12 ) ;
#1203 = FILL_AREA_STYLE_COLOUR ( '', #842 ) ;
#1204 = VECTOR ( 'NONE', #2910, 1000.000000000000000 ) ;
#1205 = CARTESIAN_POINT ( 'NONE',  ( 25.99001538693280366, -1.799999999999997380, -3.109999999999999876 ) ) ;
#1206 = CARTESIAN_POINT ( 'NONE',  ( 0.7599999999999950129, -1.794999999999997264, -6.110000000000000320 ) ) ;
#1207 = SURFACE_STYLE_USAGE ( .BOTH. , #2673 ) ;
#1208 = VERTEX_POINT ( 'NONE', #1990 ) ;
#1209 = ADVANCED_FACE ( 'NONE', ( #2207 ), #717, .F. ) ;
#1210 = DIRECTION ( 'NONE',  ( 1.000000000000000000, 0.000000000000000000, 0.000000000000000000 ) ) ;
#1211 = DIRECTION ( 'NONE',  ( 0.000000000000000000, 1.000000000000000000, -7.228014483236695816E-17 ) ) ;
#1212 = CARTESIAN_POINT ( 'NONE',  ( -2.740000000000003766, -1.799999999999997380, -6.110000000000000320 ) ) ;
#1213 = ORIENTED_EDGE ( 'NONE', *, *, #1378, .F. ) ;
#1214 = EDGE_CURVE ( 'NONE', #1401, #2698, #1470, .T. ) ;
#1215 = MECHANICAL_DESIGN_GEOMETRIC_PRESENTATION_REPRESENTATION (  '', ( #3172 ), #2860 ) ;
#1216 = DIRECTION ( 'NONE',  ( 0.000000000000000000, -7.228014483236695816E-17, -1.000000000000000000 ) ) ;
#1217 = DIRECTION ( 'NONE',  ( -0.000000000000000000, -1.000000000000000000, 7.379191939847947013E-17 ) ) ;
#1218 =( NAMED_UNIT ( * ) SI_UNIT ( $, .STERADIAN. ) SOLID_ANGLE_UNIT ( ) );
#1219 = FILL_AREA_STYLE ('',( #784 ) ) ;
#1220 = LINE ( 'NONE', #2947, #2382 ) ;
#1221 =( NAMED_UNIT ( * ) PLANE_ANGLE_UNIT ( ) SI_UNIT ( $, .RADIAN. ) );
#1222 = STYLED_ITEM ( 'NONE', ( #2501 ), #2811 ) ;
#1223 = SURFACE_SIDE_STYLE ('',( #2261 ) ) ;
#1224 = PRESENTATION_STYLE_ASSIGNMENT (( #309 ) ) ;
#1225 = VERTEX_POINT ( 'NONE', #3192 ) ;
#1226 = FILL_AREA_STYLE_COLOUR ( '', #1142 ) ;
#1227 = DIRECTION ( 'NONE',  ( -0.000000000000000000, -1.000000000000000000, -0.000000000000000000 ) ) ;
#1228 = CARTESIAN_POINT ( 'NONE',  ( -6.590000000000003411, -1.794999999999997042, -3.109999999999999432 ) ) ;
#1229 = CARTESIAN_POINT ( 'NONE',  ( -5.190000000000003944, -1.794999999999997042, -3.109999999999999432 ) ) ;
#1230 = ORIENTED_EDGE ( 'NONE', *, *, #2891, .T. ) ;
#1231 = DIRECTION ( 'NONE',  ( 0.000000000000000000, 0.000000000000000000, 1.000000000000000000 ) ) ;
#1232 = CARTESIAN_POINT ( 'NONE',  ( -6.590000000000002522, -1.794999999999997264, -6.110000000000000320 ) ) ;
#1233 = DIRECTION ( 'NONE',  ( -0.000000000000000000, -1.000000000000000000, -0.000000000000000000 ) ) ;
#1234 = DIRECTION ( 'NONE',  ( 0.000000000000000000, 1.000000000000000000, -7.379191939847947013E-17 ) ) ;
#1235 = LINE ( 'NONE', #2997, #2365 ) ;
#1236 = EDGE_CURVE ( 'NONE', #97, #2773, #980, .T. ) ;
#1237 = VERTEX_POINT ( 'NONE', #2970 ) ;
#1238 = EDGE_CURVE ( 'NONE', #630, #565, #2950, .T. ) ;
#1239 = CARTESIAN_POINT ( 'NONE',  ( -4.140000000000003233, -1.794999999999997264, -6.110000000000000320 ) ) ;
#1240 =( NAMED_UNIT ( * ) PLANE_ANGLE_UNIT ( ) SI_UNIT ( $, .RADIAN. ) );
#1241 = AXIS2_PLACEMENT_3D ( 'NONE', #478, #2937, #2229 ) ;
#1242 =( NAMED_UNIT ( * ) SI_UNIT ( $, .STERADIAN. ) SOLID_ANGLE_UNIT ( ) );
#1243 = LINE ( 'NONE', #1425, #675 ) ;
#1244 = ORIENTED_EDGE ( 'NONE', *, *, #995, .T. ) ;
#1245 = CARTESIAN_POINT ( 'NONE',  ( -3.440000000000003499, -1.799999999999997380, -6.110000000000000320 ) ) ;
#1246 = CARTESIAN_POINT ( 'NONE',  ( 1.779999999999996918, -1.799999999999997380, -3.109999999999999876 ) ) ;
#1247 = FILL_AREA_STYLE ('',( #2996 ) ) ;
#1248 = LINE ( 'NONE', #2524, #2143 ) ;
#1249 = DIRECTION ( 'NONE',  ( -1.000000000000000000, -0.000000000000000000, -0.000000000000000000 ) ) ;
#1250 = EDGE_LOOP ( 'NONE', ( #637, #2284, #2175, #2547 ) ) ;
#1251 = MECHANICAL_DESIGN_GEOMETRIC_PRESENTATION_REPRESENTATION (  '', ( #2486 ), #227 ) ;
#1252 = MECHANICAL_DESIGN_GEOMETRIC_PRESENTATION_REPRESENTATION (  '', ( #530 ), #2324 ) ;
#1253 = DIRECTION ( 'NONE',  ( -2.891205793294678326E-16, 7.228014483236695816E-17, 1.000000000000000000 ) ) ;
#1254 = ADVANCED_FACE ( 'NONE', ( #2737 ), #313, .F. ) ;
#1255 = VECTOR ( 'NONE', #901, 1000.000000000000000 ) ;
#1256 = CARTESIAN_POINT ( 'NONE',  ( -2.740000000000003766, -1.799999999999997380, -6.110000000000000320 ) ) ;
#1257 = EDGE_CURVE ( 'NONE', #1019, #534, #1747, .T. ) ;
#1258 = PRESENTATION_STYLE_ASSIGNMENT (( #1978 ) ) ;
#1259 = LINE ( 'NONE', #2530, #788 ) ;
#1260 = ORIENTED_EDGE ( 'NONE', *, *, #2756, .T. ) ;
#1261 = PRODUCT_RELATED_PRODUCT_CATEGORY ( 'part', '', ( #139 ) ) ;
#1262 = DIRECTION ( 'NONE',  ( -1.000000000000000000, -0.000000000000000000, -0.000000000000000000 ) ) ;
#1263 = DIRECTION ( 'NONE',  ( 1.000000000000000000, 2.133476248632177812E-32, 2.891205793294678326E-16 ) ) ;
#1264 =( LENGTH_UNIT ( ) NAMED_UNIT ( * ) SI_UNIT ( .MILLI., .METRE. ) );
#1265 = ORIENTED_EDGE ( 'NONE', *, *, #603, .F. ) ;
#1266 = DIRECTION ( 'NONE',  ( 1.000000000000000000, 0.000000000000000000, 0.000000000000000000 ) ) ;
#1267 = LINE ( 'NONE', #298, #24 ) ;
#1268 = SURFACE_STYLE_USAGE ( .BOTH. , #2510 ) ;
#1269 = DIRECTION ( 'NONE',  ( -0.000000000000000000, 1.475838387969588663E-16, 1.000000000000000000 ) ) ;
#1270 = LINE ( 'NONE', #1529, #1072 ) ;
#1271 = EDGE_LOOP ( 'NONE', ( #2113, #754, #3128, #288 ) ) ;
#1272 = PRESENTATION_STYLE_ASSIGNMENT (( #28 ) ) ;
#1273 =( NAMED_UNIT ( * ) PLANE_ANGLE_UNIT ( ) SI_UNIT ( $, .RADIAN. ) );
#1274 =( NAMED_UNIT ( * ) PLANE_ANGLE_UNIT ( ) SI_UNIT ( $, .RADIAN. ) );
#1275 = CARTESIAN_POINT ( 'NONE',  ( -1.340000000000004299, -1.799999999999997380, -3.109999999999999876 ) ) ;
#1276 = COLOUR_RGB ( '',0.4039215686274509887, 0.3176470588235293935, 0.000000000000000000 ) ;
#1277 = EDGE_CURVE ( 'NONE', #1566, #1625, #744, .T. ) ;
#1278 = STYLED_ITEM ( 'NONE', ( #1727 ), #2888 ) ;
#1279 = FACE_OUTER_BOUND ( 'NONE', #2819, .T. ) ;
#1280 = CARTESIAN_POINT ( 'NONE',  ( 25.99001538693280366, -1.799999999999997380, -3.109999999999999876 ) ) ;
#1281 = ORIENTED_EDGE ( 'NONE', *, *, #633, .F. ) ;
#1282 = ADVANCED_FACE ( 'NONE', ( #795 ), #2198, .F. ) ;
#1283 = UNCERTAINTY_MEASURE_WITH_UNIT (LENGTH_MEASURE( 1.000000000000000082E-05 ), #1946, 'distance_accuracy_value', 'NONE');
#1284 = UNCERTAINTY_MEASURE_WITH_UNIT (LENGTH_MEASURE( 1.000000000000000082E-05 ), #2400, 'distance_accuracy_value', 'NONE');
#1285 = DIRECTION ( 'NONE',  ( -1.000000000000000000, 0.000000000000000000, -0.000000000000000000 ) ) ;
#1286 = DIRECTION ( 'NONE',  ( 1.000000000000000000, 0.000000000000000000, 0.000000000000000000 ) ) ;
#1287 = EDGE_CURVE ( 'NONE', #873, #1636, #532, .T. ) ;
#1288 = ORIENTED_EDGE ( 'NONE', *, *, #1098, .F. ) ;
#1289 = SURFACE_SIDE_STYLE ('',( #63 ) ) ;
#1290 = ORIENTED_EDGE ( 'NONE', *, *, #2640, .F. ) ;
#1291 =( NAMED_UNIT ( * ) SI_UNIT ( $, .STERADIAN. ) SOLID_ANGLE_UNIT ( ) );
#1292 =( NAMED_UNIT ( * ) SI_UNIT ( $, .STERADIAN. ) SOLID_ANGLE_UNIT ( ) );
#1293 = SURFACE_STYLE_USAGE ( .BOTH. , #771 ) ;
#1294 = ORIENTED_EDGE ( 'NONE', *, *, #1974, .T. ) ;
#1295 = FILL_AREA_STYLE_COLOUR ( '', #2609 ) ;
#1296 = CARTESIAN_POINT ( 'NONE',  ( -5.540000000000002700, -1.799999999999997158, -3.109999999999999432 ) ) ;
#1297 = ORIENTED_EDGE ( 'NONE', *, *, #1116, .T. ) ;
#1298 = PRESENTATION_LAYER_ASSIGNMENT (  '', '', ( #320 ) ) ;
#1299 = CARTESIAN_POINT ( 'NONE',  ( -6.940000000000001279, -1.794999999999997264, -6.110000000000000320 ) ) ;
#1300 = EDGE_CURVE ( 'NONE', #2074, #1019, #2211, .T. ) ;
#1301 = DIRECTION ( 'NONE',  ( 1.000000000000000000, 0.000000000000000000, 0.000000000000000000 ) ) ;
#1302 = DIRECTION ( 'NONE',  ( -0.000000000000000000, -1.000000000000000000, 7.379191939847947013E-17 ) ) ;
#1303 = CARTESIAN_POINT ( 'NONE',  ( -0.9900000000000047651, -1.794999999999997264, -6.110000000000000320 ) ) ;
#1304 = CARTESIAN_POINT ( 'NONE',  ( 25.99001538693280366, -1.799999999999997380, -3.109999999999999876 ) ) ;
#1305 = ORIENTED_EDGE ( 'NONE', *, *, #2189, .F. ) ;
#1306 = PRESENTATION_LAYER_ASSIGNMENT (  '', '', ( #1048 ) ) ;
#1307 = EDGE_LOOP ( 'NONE', ( #3092, #2403, #745, #881 ) ) ;
#1308 = AXIS2_PLACEMENT_3D ( 'NONE', #310, #1518, #2230 ) ;
#1309 = MECHANICAL_DESIGN_GEOMETRIC_PRESENTATION_REPRESENTATION (  '', ( #1357 ), #574 ) ;
#1310 = STYLED_ITEM ( 'NONE', ( #316 ), #958 ) ;
#1311 = ORIENTED_EDGE ( 'NONE', *, *, #612, .F. ) ;
#1312 = VECTOR ( 'NONE', #1014, 1000.000000000000000 ) ;
#1313 = VECTOR ( 'NONE', #18, 1000.000000000000000 ) ;
#1314 = VECTOR ( 'NONE', #223, 1000.000000000000000 ) ;
#1315 = LINE ( 'NONE', #2531, #2834 ) ;
#1316 = PLANE ( 'NONE',  #994 ) ;
#1317 = ORIENTED_EDGE ( 'NONE', *, *, #2329, .F. ) ;
#1318 = AXIS2_PLACEMENT_3D ( 'NONE', #1579, #2560, #880 ) ;
#1319 = VECTOR ( 'NONE', #2485, 1000.000000000000000 ) ;
#1320 = CARTESIAN_POINT ( 'NONE',  ( -13.08000000000000362, -1.600000000000000089, -14.86415607913129477 ) ) ;
#1321 = DIRECTION ( 'NONE',  ( -2.891205793294678326E-16, 7.228014483236695816E-17, 1.000000000000000000 ) ) ;
#1322 =( NAMED_UNIT ( * ) SI_UNIT ( $, .STERADIAN. ) SOLID_ANGLE_UNIT ( ) );
#1323 = EDGE_CURVE ( 'NONE', #455, #1764, #511, .T. ) ;
#1324 = LINE ( 'NONE', #1510, #1789 ) ;
#1325 = ORIENTED_EDGE ( 'NONE', *, *, #2095, .T. ) ;
#1326 = ORIENTED_EDGE ( 'NONE', *, *, #2867, .T. ) ;
#1327 = LINE ( 'NONE', #2292, #2778 ) ;
#1328 = AXIS2_PLACEMENT_3D ( 'NONE', #3186, #1444, #2320 ) ;
#1329 = DIRECTION ( 'NONE',  ( 1.000000000000000000, 0.000000000000000000, 0.000000000000000000 ) ) ;
#1330 = FILL_AREA_STYLE ('',( #343 ) ) ;
#1331 = ORIENTED_EDGE ( 'NONE', *, *, #1811, .F. ) ;
#1332 = PRESENTATION_LAYER_ASSIGNMENT (  '', '', ( #1533 ) ) ;
#1333 =( GEOMETRIC_REPRESENTATION_CONTEXT ( 3 ) GLOBAL_UNCERTAINTY_ASSIGNED_CONTEXT ( ( #802 ) ) GLOBAL_UNIT_ASSIGNED_CONTEXT ( ( #969, #2210, #1242 ) ) REPRESENTATION_CONTEXT ( 'NONE', 'WORKASPACE' ) );
#1334 = CARTESIAN_POINT ( 'NONE',  ( 11.70000000000000284, 1.399999999999999911, 13.27999999999999936 ) ) ;
#1335 = SURFACE_STYLE_FILL_AREA ( #1844 ) ;
#1336 = DIRECTION ( 'NONE',  ( 0.000000000000000000, 0.000000000000000000, 1.000000000000000000 ) ) ;
#1337 = CARTESIAN_POINT ( 'NONE',  ( 2.779999999999997584, -1.800000000000000044, -14.86415607913129477 ) ) ;
#1338 = ORIENTED_EDGE ( 'NONE', *, *, #998, .F. ) ;
#1339 = ADVANCED_FACE ( 'NONE', ( #2959 ), #1059, .F. ) ;
#1340 = ADVANCED_FACE ( 'NONE', ( #1279 ), #50, .F. ) ;
#1341 = EDGE_CURVE ( 'NONE', #2408, #1566, #1837, .T. ) ;
#1342 = VERTEX_POINT ( 'NONE', #2326 ) ;
#1343 =( LENGTH_UNIT ( ) NAMED_UNIT ( * ) SI_UNIT ( .MILLI., .METRE. ) );
#1344 = PLANE ( 'NONE',  #59 ) ;
#1345 =( NAMED_UNIT ( * ) PLANE_ANGLE_UNIT ( ) SI_UNIT ( $, .RADIAN. ) );
#1346 = ORIENTED_EDGE ( 'NONE', *, *, #1356, .F. ) ;
#1347 = PRESENTATION_STYLE_ASSIGNMENT (( #1123 ) ) ;
#1348 = CARTESIAN_POINT ( 'NONE',  ( -0.6400000000000051203, -1.799999999999997380, -6.110000000000000320 ) ) ;
#1349 = VECTOR ( 'NONE', #1329, 1000.000000000000000 ) ;
#1350 = CARTESIAN_POINT ( 'NONE',  ( -5.890000000000003233, -1.799999999999997158, -3.109999999999999432 ) ) ;
#1351 = PRESENTATION_LAYER_ASSIGNMENT (  '', '', ( #213 ) ) ;
#1352 = SURFACE_STYLE_FILL_AREA ( #2565 ) ;
#1353 = ORIENTED_EDGE ( 'NONE', *, *, #2626, .F. ) ;
#1354 = SURFACE_STYLE_FILL_AREA ( #1599 ) ;
#1355 = ORIENTED_EDGE ( 'NONE', *, *, #1476, .F. ) ;
#1356 = EDGE_CURVE ( 'NONE', #276, #912, #564, .T. ) ;
#1357 = STYLED_ITEM ( 'NONE', ( #1961 ), #590 ) ;
#1358 = VECTOR ( 'NONE', #2237, 1000.000000000000000 ) ;
#1359 = CARTESIAN_POINT ( 'NONE',  ( -4.140000000000003233, -1.794999999999997264, -6.110000000000000320 ) ) ;
#1360 = VERTEX_POINT ( 'NONE', #1591 ) ;
#1361 = STYLED_ITEM ( 'NONE', ( #1508 ), #2568 ) ;
#1362 = CARTESIAN_POINT ( 'NONE',  ( 13.07999999999999652, 0.000000000000000000, 14.60999999999999943 ) ) ;
#1363 = LINE ( 'NONE', #1348, #426 ) ;
#1365 = AXIS2_PLACEMENT_3D ( 'NONE', #927, #1672, #2375 ) ;
#1364 = FACE_OUTER_BOUND ( 'NONE', #903, .T. ) ;
#1366 = CARTESIAN_POINT ( 'NONE',  ( 2.779999999999995808, 0.000000000000000000, -14.60999999999999943 ) ) ;
#1367 = COLOUR_RGB ( '',0.4039215686274509887, 0.3176470588235293935, 0.000000000000000000 ) ;
#1368 = MECHANICAL_DESIGN_GEOMETRIC_PRESENTATION_REPRESENTATION (  '', ( #944 ), #225 ) ;
#1369 = DIRECTION ( 'NONE',  ( 1.000000000000000000, 2.133476248632177812E-32, 2.891205793294678326E-16 ) ) ;
#1370 = ORIENTED_EDGE ( 'NONE', *, *, #262, .T. ) ;
#1371 = CARTESIAN_POINT ( 'NONE',  ( -8.620000000000002771, -1.799999999999997380, -5.109999999999999432 ) ) ;
#1372 = ORIENTED_EDGE ( 'NONE', *, *, #2517, .F. ) ;
#1373 = SURFACE_STYLE_FILL_AREA ( #1679 ) ;
#1374 = DIRECTION ( 'NONE',  ( 0.000000000000000000, 1.000000000000000000, -7.379191939847947013E-17 ) ) ;
#1375 = FACE_OUTER_BOUND ( 'NONE', #3021, .T. ) ;
#1376 = ORIENTED_EDGE ( 'NONE', *, *, #544, .T. ) ;
#1377 = EDGE_CURVE ( 'NONE', #103, #97, #1550, .T. ) ;
#1378 = EDGE_CURVE ( 'NONE', #1225, #129, #1086, .T. ) ;
#1379 = SURFACE_STYLE_USAGE ( .BOTH. , #2299 ) ;
#1380 = SURFACE_STYLE_FILL_AREA ( #109 ) ;
#1381 = PLANE ( 'NONE',  #2739 ) ;
#1382 = ORIENTED_EDGE ( 'NONE', *, *, #2847, .T. ) ;
#1383 = VECTOR ( 'NONE', #1227, 1000.000000000000000 ) ;
#1384 = MECHANICAL_DESIGN_GEOMETRIC_PRESENTATION_REPRESENTATION (  '', ( #558 ), #1942 ) ;
#1385 = DIRECTION ( 'NONE',  ( -0.000000000000000000, 1.000000000000000000, -0.000000000000000000 ) ) ;
#1386 = ORIENTED_EDGE ( 'NONE', *, *, #162, .F. ) ;
#1387 = LINE ( 'NONE', #1417, #112 ) ;
#1388 = CARTESIAN_POINT ( 'NONE',  ( 0.000000000000000000, 0.000000000000000000, 0.000000000000000000 ) ) ;
#1389 = ORIENTED_EDGE ( 'NONE', *, *, #2165, .T. ) ;
#1390 = ORIENTED_EDGE ( 'NONE', *, *, #1983, .F. ) ;
#1391 = DIRECTION ( 'NONE',  ( 2.891205793294678326E-16, 0.000000000000000000, -1.000000000000000000 ) ) ;
#1392 = CARTESIAN_POINT ( 'NONE',  ( -4.490000000000002878, -1.794999999999997264, -6.110000000000000320 ) ) ;
#1393 = EDGE_CURVE ( 'NONE', #761, #1988, #1315, .T. ) ;
#1394 = DIRECTION ( 'NONE',  ( -1.000000000000000000, 0.000000000000000000, -0.000000000000000000 ) ) ;
#1395 = CARTESIAN_POINT ( 'NONE',  ( -3.790000000000004476, -1.799999999999997158, -3.109999999999999432 ) ) ;
#1396 = AXIS2_PLACEMENT_3D ( 'NONE', #1206, #1183, #1923 ) ;
#1397 = LINE ( 'NONE', #422, #2901 ) ;
#1398 = ORIENTED_EDGE ( 'NONE', *, *, #3114, .F. ) ;
#1399 = DIRECTION ( 'NONE',  ( 1.000000000000000000, 0.000000000000000000, 0.000000000000000000 ) ) ;
#1400 = LINE ( 'NONE', #2088, #2590 ) ;
#1401 = VERTEX_POINT ( 'NONE', #879 ) ;
#1402 = UNCERTAINTY_MEASURE_WITH_UNIT (LENGTH_MEASURE( 1.000000000000000082E-05 ), #691, 'distance_accuracy_value', 'NONE');
#1403 = ORIENTED_EDGE ( 'NONE', *, *, #3129, .T. ) ;
#1404 = CARTESIAN_POINT ( 'NONE',  ( -3.440000000000003499, -1.794999999999997042, -3.109999999999999432 ) ) ;
#1405 =( LENGTH_UNIT ( ) NAMED_UNIT ( * ) SI_UNIT ( .MILLI., .METRE. ) );
#1406 = PLANE ( 'NONE',  #1365 ) ;
#1407 = AXIS2_PLACEMENT_3D ( 'NONE', #1138, #1882, #1391 ) ;
#1408 = COLOUR_RGB ( '',0.4039215686274509887, 0.3176470588235293935, 0.000000000000000000 ) ;
#1409 =( NAMED_UNIT ( * ) SI_UNIT ( $, .STERADIAN. ) SOLID_ANGLE_UNIT ( ) );
#1410 = ORIENTED_EDGE ( 'NONE', *, *, #236, .T. ) ;
#1411 = DIRECTION ( 'NONE',  ( 0.000000000000000000, -7.228014483236695816E-17, -1.000000000000000000 ) ) ;
#1412 = PRESENTATION_LAYER_ASSIGNMENT (  '', '', ( #2061 ) ) ;
#1413 = CARTESIAN_POINT ( 'NONE',  ( 25.99001538693280366, -1.799999999999997380, -3.109999999999999876 ) ) ;
#1414 = STYLED_ITEM ( 'NONE', ( #2769 ), #415 ) ;
#1415 = VERTEX_POINT ( 'NONE', #1607 ) ;
#1416 = EDGE_CURVE ( 'NONE', #2842, #2670, #2571, .T. ) ;
#1417 = CARTESIAN_POINT ( 'NONE',  ( -3.090000000000004743, -1.799999999999997158, -3.109999999999999432 ) ) ;
#1418 = PRESENTATION_STYLE_ASSIGNMENT (( #497 ) ) ;
#1419 = EDGE_CURVE ( 'NONE', #377, #2404, #2282, .T. ) ;
#1420 = ORIENTED_EDGE ( 'NONE', *, *, #3048, .F. ) ;
#1421 = VERTEX_POINT ( 'NONE', #575 ) ;
#1422 = FACE_OUTER_BOUND ( 'NONE', #2555, .T. ) ;
#1423 =( NAMED_UNIT ( * ) SI_UNIT ( $, .STERADIAN. ) SOLID_ANGLE_UNIT ( ) );
#1424 = SURFACE_STYLE_FILL_AREA ( #198 ) ;
#1425 = CARTESIAN_POINT ( 'NONE',  ( 25.99001538693280366, -1.799999999999997380, -3.109999999999999876 ) ) ;
#1426 = VERTEX_POINT ( 'NONE', #2295 ) ;
#1427 = LINE ( 'NONE', #219, #1133 ) ;
#1428 = UNCERTAINTY_MEASURE_WITH_UNIT (LENGTH_MEASURE( 1.000000000000000082E-05 ), #2499, 'distance_accuracy_value', 'NONE');
#1429 = CARTESIAN_POINT ( 'NONE',  ( -3.440000000000003499, -1.794999999999997264, -6.110000000000000320 ) ) ;
#1430 = CARTESIAN_POINT ( 'NONE',  ( -13.08000000000000362, 1.500000000000000000, 14.60999999999999943 ) ) ;
#1431 = ORIENTED_EDGE ( 'NONE', *, *, #419, .F. ) ;
#1432 = ADVANCED_FACE ( 'NONE', ( #366 ), #1344, .F. ) ;
#1433 =( GEOMETRIC_REPRESENTATION_CONTEXT ( 3 ) GLOBAL_UNCERTAINTY_ASSIGNED_CONTEXT ( ( #537 ) ) GLOBAL_UNIT_ASSIGNED_CONTEXT ( ( #1915, #3165, #957 ) ) REPRESENTATION_CONTEXT ( 'NONE', 'WORKASPACE' ) );
#1434 = SURFACE_STYLE_USAGE ( .BOTH. , #440 ) ;
#1435 = EDGE_CURVE ( 'NONE', #129, #103, #2102, .T. ) ;
#1436 = DIRECTION ( 'NONE',  ( 2.891205793294678326E-16, 0.000000000000000000, -1.000000000000000000 ) ) ;
#1437 = ORIENTED_EDGE ( 'NONE', *, *, #1705, .F. ) ;
#1438 = ORIENTED_EDGE ( 'NONE', *, *, #166, .F. ) ;
#1439 = SURFACE_STYLE_FILL_AREA ( #2091 ) ;
#1440 = SURFACE_STYLE_USAGE ( .BOTH. , #2391 ) ;
#1441 = CARTESIAN_POINT ( 'NONE',  ( -13.08000000000000362, 0.000000000000000000, 14.60999999999999943 ) ) ;
#1442 = ORIENTED_EDGE ( 'NONE', *, *, #653, .T. ) ;
#1443 = CARTESIAN_POINT ( 'NONE',  ( -6.240000000000002878, -1.794999999999997042, -3.109999999999999432 ) ) ;
#1444 = DIRECTION ( 'NONE',  ( 1.000000000000000000, 0.000000000000000000, 0.000000000000000000 ) ) ;
#1445 = CARTESIAN_POINT ( 'NONE',  ( -2.390000000000004121, -1.794999999999997264, -6.110000000000000320 ) ) ;
#1446 = DIRECTION ( 'NONE',  ( -1.000000000000000000, -0.000000000000000000, -0.000000000000000000 ) ) ;
#1447 = DIRECTION ( 'NONE',  ( -2.891205793294678326E-16, 7.228014483236695816E-17, 1.000000000000000000 ) ) ;
#1448 = VERTEX_POINT ( 'NONE', #1167 ) ;
#1449 = VECTOR ( 'NONE', #1399, 1000.000000000000000 ) ;
#1450 = LINE ( 'NONE', #2310, #2367 ) ;
#1451 = STYLED_ITEM ( 'NONE', ( #3069 ), #1774 ) ;
#1452 = CARTESIAN_POINT ( 'NONE',  ( -8.620000000000002771, -1.799999999999997158, -4.109999999999999432 ) ) ;
#1453 = PRESENTATION_STYLE_ASSIGNMENT (( #1207 ) ) ;
#1454 = ADVANCED_FACE ( 'NONE', ( #1687 ), #2172, .F. ) ;
#1455 =( GEOMETRIC_REPRESENTATION_CONTEXT ( 3 ) GLOBAL_UNCERTAINTY_ASSIGNED_CONTEXT ( ( #2993 ) ) GLOBAL_UNIT_ASSIGNED_CONTEXT ( ( #3096, #902, #1409 ) ) REPRESENTATION_CONTEXT ( 'NONE', 'WORKASPACE' ) );
#1456 = VERTEX_POINT ( 'NONE', #1623 ) ;
#1457 = LINE ( 'NONE', #3160, #3009 ) ;
#1458 = ORIENTED_EDGE ( 'NONE', *, *, #2311, .F. ) ;
#1459 = PLANE ( 'NONE',  #3173 ) ;
#1460 = DIRECTION ( 'NONE',  ( -0.000000000000000000, -1.000000000000000000, 7.379191939847947013E-17 ) ) ;
#1461 = CARTESIAN_POINT ( 'NONE',  ( 25.99001538693280366, -1.799999999999997380, -3.109999999999999876 ) ) ;
#1462 = COLOUR_RGB ( '',0.4039215686274509887, 0.3176470588235293935, 0.000000000000000000 ) ;
#1463 = STYLED_ITEM ( 'NONE', ( #1347 ), #1128 ) ;
#1464 = DIRECTION ( 'NONE',  ( -0.000000000000000000, -1.000000000000000000, 7.379191939847947013E-17 ) ) ;
#1465 = COLOUR_RGB ( '',0.4039215686274509887, 0.3176470588235293935, 0.000000000000000000 ) ;
#1466 = CARTESIAN_POINT ( 'NONE',  ( 0.05999999999999408584, -1.799999999999997380, -3.109999999999999876 ) ) ;
#1467 = AXIS2_PLACEMENT_3D ( 'NONE', #759, #1784, #2446 ) ;
#1468 = AXIS2_PLACEMENT_3D ( 'NONE', #2865, #1638, #160 ) ;
#1469 = VECTOR ( 'NONE', #1920, 1000.000000000000000 ) ;
#1470 = LINE ( 'NONE', #769, #2703 ) ;
#1471 = SURFACE_STYLE_USAGE ( .BOTH. , #3193 ) ;
#1472 = PLANE ( 'NONE',  #631 ) ;
#1473 = VERTEX_POINT ( 'NONE', #2149 ) ;
#1474 = CARTESIAN_POINT ( 'NONE',  ( 11.70000000000000284, 1.399999999999999911, 13.27999999999999936 ) ) ;
#1475 = FACE_OUTER_BOUND ( 'NONE', #1862, .T. ) ;
#1476 = EDGE_CURVE ( 'NONE', #1794, #949, #1650, .T. ) ;
#1477 = CARTESIAN_POINT ( 'NONE',  ( -1.340000000000004299, -1.794999999999997264, -6.110000000000000320 ) ) ;
#1478 = DIRECTION ( 'NONE',  ( 0.000000000000000000, 7.228014483236695816E-17, 1.000000000000000000 ) ) ;
#1479 = VERTEX_POINT ( 'NONE', #2619 ) ;
#1480 = EDGE_CURVE ( 'NONE', #2026, #2380, #681, .T. ) ;
#1481 = CARTESIAN_POINT ( 'NONE',  ( 0.000000000000000000, 0.000000000000000000, 0.000000000000000000 ) ) ;
#1482 = CARTESIAN_POINT ( 'NONE',  ( -2.740000000000003766, -1.794999999999997042, -3.109999999999999432 ) ) ;
#1483 = CARTESIAN_POINT ( 'NONE',  ( 11.70000000000000284, 1.399999999999999911, -10.11999999999999744 ) ) ;
#1484 = CYLINDRICAL_SURFACE ( 'NONE', #2371, 0.9999999999999991118 ) ;
#1485 = DIRECTION ( 'NONE',  ( 0.000000000000000000, 7.228014483236695816E-17, 1.000000000000000000 ) ) ;
#1486 = ORIENTED_EDGE ( 'NONE', *, *, #562, .T. ) ;
#1487 =( NAMED_UNIT ( * ) SI_UNIT ( $, .STERADIAN. ) SOLID_ANGLE_UNIT ( ) );
#1488 = CARTESIAN_POINT ( 'NONE',  ( 1.779999999999996030, -1.599999999999997646, -4.110000000000001208 ) ) ;
#1489 =( LENGTH_UNIT ( ) NAMED_UNIT ( * ) SI_UNIT ( .MILLI., .METRE. ) );
#1490 = ORIENTED_EDGE ( 'NONE', *, *, #2640, .T. ) ;
#1491 = CARTESIAN_POINT ( 'NONE',  ( -9.620000000000002771, -1.599999999999997646, -6.110000000000000320 ) ) ;
#1492 = CARTESIAN_POINT ( 'NONE',  ( -0.6400000000000051203, -1.794999999999997264, -6.110000000000000320 ) ) ;
#1493 = ORIENTED_EDGE ( 'NONE', *, *, #2338, .T. ) ;
#1494 = SURFACE_STYLE_FILL_AREA ( #7 ) ;
#1495 = LINE ( 'NONE', #9, #1146 ) ;
#1496 = CARTESIAN_POINT ( 'NONE',  ( -6.940000000000001279, -1.794999999999997042, -3.109999999999999432 ) ) ;
#1497 = EDGE_CURVE ( 'NONE', #978, #912, #1387, .T. ) ;
#1498 = ORIENTED_EDGE ( 'NONE', *, *, #1743, .T. ) ;
#1499 = MECHANICAL_DESIGN_GEOMETRIC_PRESENTATION_REPRESENTATION (  '', ( #2092 ), #1955 ) ;
#1500 = DIRECTION ( 'NONE',  ( 0.000000000000000000, 0.000000000000000000, 1.000000000000000000 ) ) ;
#1501 = CARTESIAN_POINT ( 'NONE',  ( 1.109999999999994769, -1.799999999999997380, -6.110000000000000320 ) ) ;
#1502 = VECTOR ( 'NONE', #2816, 1000.000000000000000 ) ;
#1503 = SURFACE_SIDE_STYLE ('',( #2716 ) ) ;
#1504 = ORIENTED_EDGE ( 'NONE', *, *, #563, .F. ) ;
#1505 = PRODUCT_CONTEXT ( 'NONE', #1144, 'mechanical' ) ;
#1506 = LINE ( 'NONE', #2521, #1773 ) ;
#1507 = DIRECTION ( 'NONE',  ( -2.891205793294678326E-16, 7.228014483236695816E-17, 1.000000000000000000 ) ) ;
#1508 = PRESENTATION_STYLE_ASSIGNMENT (( #2980 ) ) ;
#1509 = CARTESIAN_POINT ( 'NONE',  ( 0.7599999999999950129, -1.799999999999997380, -6.110000000000000320 ) ) ;
#1510 = CARTESIAN_POINT ( 'NONE',  ( -3.440000000000003499, -1.794999999999997264, -6.110000000000000320 ) ) ;
#1511 = EDGE_LOOP ( 'NONE', ( #572, #2086, #652, #1370 ) ) ;
#1512 = VECTOR ( 'NONE', #1813, 1000.000000000000000 ) ;
#1513 = VECTOR ( 'NONE', #35, 1000.000000000000000 ) ;
#1514 = DIRECTION ( 'NONE',  ( 0.000000000000000000, 0.000000000000000000, -1.000000000000000000 ) ) ;
#1515 = VECTOR ( 'NONE', #3063, 1000.000000000000000 ) ;
#1516 = CARTESIAN_POINT ( 'NONE',  ( -4.490000000000004654, -1.794999999999997042, -3.109999999999999432 ) ) ;
#1517 = EDGE_CURVE ( 'NONE', #1728, #1473, #208, .T. ) ;
#1518 = DIRECTION ( 'NONE',  ( 0.000000000000000000, -1.000000000000000000, 1.475838387969588910E-16 ) ) ;
#1519 = PRESENTATION_LAYER_ASSIGNMENT (  '', '', ( #2904 ) ) ;
#1520 = MECHANICAL_DESIGN_GEOMETRIC_PRESENTATION_REPRESENTATION (  '', ( #1414 ), #2110 ) ;
#1521 = ADVANCED_FACE ( 'NONE', ( #2368 ), #699, .F. ) ;
#1522 = DIRECTION ( 'NONE',  ( -0.000000000000000000, -1.000000000000000000, 7.379191939847947013E-17 ) ) ;
#1523 = CARTESIAN_POINT ( 'NONE',  ( -3.440000000000003499, -1.799999999999997158, -3.109999999999999432 ) ) ;
#1524 = ORIENTED_EDGE ( 'NONE', *, *, #462, .F. ) ;
#1525 = DIRECTION ( 'NONE',  ( 1.000000000000000000, 2.133476248632177812E-32, 2.891205793294678326E-16 ) ) ;
#1526 = CARTESIAN_POINT ( 'NONE',  ( -5.540000000000003588, -1.799999999999997380, -3.109999999999999876 ) ) ;
#1527 = DIRECTION ( 'NONE',  ( 0.000000000000000000, 7.228014483236695816E-17, 1.000000000000000000 ) ) ;
#1528 = DIRECTION ( 'NONE',  ( 0.000000000000000000, 1.000000000000000000, -7.228014483236695816E-17 ) ) ;
#1529 = CARTESIAN_POINT ( 'NONE',  ( -8.620000000000002771, -1.600000000000000089, -14.86415607913129477 ) ) ;
#1530 = ORIENTED_EDGE ( 'NONE', *, *, #563, .T. ) ;
#1531 = SURFACE_STYLE_USAGE ( .BOTH. , #1289 ) ;
#1532 = PLANE ( 'NONE',  #906 ) ;
#1533 = STYLED_ITEM ( 'NONE', ( #2624 ), #2781 ) ;
#1534 = EDGE_CURVE ( 'NONE', #2853, #655, #410, .T. ) ;
#1535 = CIRCLE ( 'NONE', #302, 1.000000000000000000 ) ;
#1536 = COLOUR_RGB ( '',0.4039215686274509887, 0.3176470588235293935, 0.000000000000000000 ) ;
#1537 = CARTESIAN_POINT ( 'NONE',  ( -4.490000000000004654, -1.794999999999997042, -3.109999999999999432 ) ) ;
#1538 = VERTEX_POINT ( 'NONE', #1452 ) ;
#1539 = LINE ( 'NONE', #1299, #933 ) ;
#1540 = UNCERTAINTY_MEASURE_WITH_UNIT (LENGTH_MEASURE( 1.000000000000000082E-05 ), #1922, 'distance_accuracy_value', 'NONE');
#1541 = UNCERTAINTY_MEASURE_WITH_UNIT (LENGTH_MEASURE( 1.000000000000000082E-05 ), #104, 'distance_accuracy_value', 'NONE');
#1542 = DIRECTION ( 'NONE',  ( 1.000000000000000000, 0.000000000000000000, 0.000000000000000000 ) ) ;
#1543 = LINE ( 'NONE', #2270, #3002 ) ;
#1544 =( NAMED_UNIT ( * ) SI_UNIT ( $, .STERADIAN. ) SOLID_ANGLE_UNIT ( ) );
#1545 = EDGE_LOOP ( 'NONE', ( #3061, #2089, #2777, #1993 ) ) ;
#1546 = ORIENTED_EDGE ( 'NONE', *, *, #1534, .T. ) ;
#1547 = DIRECTION ( 'NONE',  ( 1.000000000000000000, 0.000000000000000000, 0.000000000000000000 ) ) ;
#1548 = EDGE_LOOP ( 'NONE', ( #3032, #2955, #2515, #897 ) ) ;
#1549 = EDGE_CURVE ( 'NONE', #2679, #2969, #2864, .T. ) ;
#1550 = LINE ( 'NONE', #865, #1646 ) ;
#1551 = LINE ( 'NONE', #1523, #2430 ) ;
#1552 = VERTEX_POINT ( 'NONE', #1637 ) ;
#1553 = VECTOR ( 'NONE', #3174, 1000.000000000000000 ) ;
#1554 = LINE ( 'NONE', #764, #1358 ) ;
#1555 = LINE ( 'NONE', #107, #1005 ) ;
#1556 =( LENGTH_UNIT ( ) NAMED_UNIT ( * ) SI_UNIT ( .MILLI., .METRE. ) );
#1557 = DIRECTION ( 'NONE',  ( 0.000000000000000000, 0.000000000000000000, 1.000000000000000000 ) ) ;
#1558 = ORIENTED_EDGE ( 'NONE', *, *, #1287, .F. ) ;
#1559 = ORIENTED_EDGE ( 'NONE', *, *, #2206, .F. ) ;
#1560 = DIRECTION ( 'NONE',  ( 0.000000000000000000, -7.228014483236695816E-17, -1.000000000000000000 ) ) ;
#1561 = MECHANICAL_DESIGN_GEOMETRIC_PRESENTATION_REPRESENTATION (  '', ( #333 ), #328 ) ;
#1562 = AXIS2_PLACEMENT_3D ( 'NONE', #2734, #731, #1939 ) ;
#1563 =( GEOMETRIC_REPRESENTATION_CONTEXT ( 3 ) GLOBAL_UNCERTAINTY_ASSIGNED_CONTEXT ( ( #2880 ) ) GLOBAL_UNIT_ASSIGNED_CONTEXT ( ( #556, #2731, #1066 ) ) REPRESENTATION_CONTEXT ( 'NONE', 'WORKASPACE' ) );
#1564 = SURFACE_STYLE_FILL_AREA ( #2051 ) ;
#1565 = CARTESIAN_POINT ( 'NONE',  ( -6.940000000000001279, -1.799999999999997158, -3.109999999999999432 ) ) ;
#1566 = VERTEX_POINT ( 'NONE', #175 ) ;
#1567 = STYLED_ITEM ( 'NONE', ( #947 ), #1937 ) ;
#1568 = EDGE_CURVE ( 'NONE', #2408, #2842, #2792, .T. ) ;
#1569 = VECTOR ( 'NONE', #2055, 1000.000000000000000 ) ;
#1570 = FILL_AREA_STYLE ('',( #829 ) ) ;
#1571 = ADVANCED_FACE ( 'NONE', ( #3119 ), #2878, .F. ) ;
#1572 = CARTESIAN_POINT ( 'NONE',  ( 25.99001538693280366, 0.2000000000000007327, -14.60999999999999943 ) ) ;
#1573 = ADVANCED_FACE ( 'NONE', ( #258 ), #509, .T. ) ;
#1574 = FACE_OUTER_BOUND ( 'NONE', #2341, .T. ) ;
#1575 = VERTEX_POINT ( 'NONE', #789 ) ;
#1576 = ORIENTED_EDGE ( 'NONE', *, *, #2228, .T. ) ;
#1577 = COLOUR_RGB ( '',1.000000000000000000, 0.8901960784313724950, 0.000000000000000000 ) ;
#1578 = DIRECTION ( 'NONE',  ( 5.782411586589356653E-16, 0.000000000000000000, -1.000000000000000000 ) ) ;
#1579 = CARTESIAN_POINT ( 'NONE',  ( -0.9900000000000056533, -1.794999999999997042, -3.109999999999999432 ) ) ;
#1580 = VERTEX_POINT ( 'NONE', #1781 ) ;
#1581 = COLOUR_RGB ( '',0.4039215686274509887, 0.3176470588235293935, 0.000000000000000000 ) ;
#1582 = DIRECTION ( 'NONE',  ( -1.000000000000000000, 0.000000000000000000, 0.000000000000000000 ) ) ;
#1583 = STYLED_ITEM ( 'NONE', ( #290 ), #3014 ) ;
#1584 = CARTESIAN_POINT ( 'NONE',  ( 0.7599999999999950129, -1.794999999999997042, -3.109999999999999432 ) ) ;
#1585 = DIRECTION ( 'NONE',  ( 0.000000000000000000, 1.000000000000000000, -7.379191939847947013E-17 ) ) ;
#1586 = FILL_AREA_STYLE_COLOUR ( '', #921 ) ;
#1587 = EDGE_LOOP ( 'NONE', ( #2920, #1386, #388, #703 ) ) ;
#1588 = ADVANCED_FACE ( 'NONE', ( #2479 ), #271, .F. ) ;
#1589 = ORIENTED_EDGE ( 'NONE', *, *, #2118, .T. ) ;
#1590 = FILL_AREA_STYLE_COLOUR ( '', #966 ) ;
#1591 = CARTESIAN_POINT ( 'NONE',  ( -3.440000000000002167, -1.799999999999997380, -3.109999999999999876 ) ) ;
#1592 = DIRECTION ( 'NONE',  ( 0.000000000000000000, -0.000000000000000000, -1.000000000000000000 ) ) ;
#1593 = ORIENTED_EDGE ( 'NONE', *, *, #233, .F. ) ;
#1594 = DIRECTION ( 'NONE',  ( -0.000000000000000000, 0.000000000000000000, 1.000000000000000000 ) ) ;
#1595 = COLOUR_RGB ( '',0.4039215686274509887, 0.3176470588235293935, 0.000000000000000000 ) ;
#1596 = CARTESIAN_POINT ( 'NONE',  ( 0.05999999999999495320, -1.794999999999997042, -3.109999999999999432 ) ) ;
#1597 = COLOUR_RGB ( '',0.4039215686274509887, 0.3176470588235293935, 0.000000000000000000 ) ;
#1598 = EDGE_LOOP ( 'NONE', ( #2195, #2234, #1187, #235 ) ) ;
#1599 = FILL_AREA_STYLE ('',( #1018 ) ) ;
#1600 = ORIENTED_EDGE ( 'NONE', *, *, #1323, .F. ) ;
#1601 = EDGE_CURVE ( 'NONE', #1636, #2900, #812, .T. ) ;
#1602 =( NAMED_UNIT ( * ) PLANE_ANGLE_UNIT ( ) SI_UNIT ( $, .RADIAN. ) );
#1603 = EDGE_CURVE ( 'NONE', #1893, #929, #1067, .T. ) ;
#1604 = MECHANICAL_DESIGN_GEOMETRIC_PRESENTATION_REPRESENTATION (  '', ( #2904 ), #536 ) ;
#1605 = VECTOR ( 'NONE', #2746, 1000.000000000000000 ) ;
#1606 = ADVANCED_FACE ( 'NONE', ( #2470 ), #2241, .F. ) ;
#1607 = CARTESIAN_POINT ( 'NONE',  ( -3.790000000000004476, -1.794999999999997042, -3.109999999999999432 ) ) ;
#1608 = SURFACE_SIDE_STYLE ('',( #1826 ) ) ;
#1609 = VERTEX_POINT ( 'NONE', #1496 ) ;
#1610 = VECTOR ( 'NONE', #1964, 1000.000000000000000 ) ;
#1611 = PRESENTATION_LAYER_ASSIGNMENT (  '', '', ( #2748 ) ) ;
#1612 = PRESENTATION_LAYER_ASSIGNMENT (  '', '', ( #736 ) ) ;
#1613 = FACE_OUTER_BOUND ( 'NONE', #3064, .T. ) ;
#1614 = PLANE ( 'NONE',  #1739 ) ;
#1615 = PLANE ( 'NONE',  #2639 ) ;
#1616 = VECTOR ( 'NONE', #3115, 1000.000000000000000 ) ;
#1617 = SURFACE_STYLE_USAGE ( .BOTH. , #165 ) ;
#1618 = EDGE_LOOP ( 'NONE', ( #3045, #1281, #20, #683 ) ) ;
#1619 = FILL_AREA_STYLE_COLOUR ( '', #1462 ) ;
#1620 = ORIENTED_EDGE ( 'NONE', *, *, #979, .F. ) ;
#1621 =( LENGTH_UNIT ( ) NAMED_UNIT ( * ) SI_UNIT ( .MILLI., .METRE. ) );
#1622 = EDGE_CURVE ( 'NONE', #445, #1178, #266, .T. ) ;
#1623 = CARTESIAN_POINT ( 'NONE',  ( -6.590000000000003411, -1.794999999999997042, -3.109999999999999432 ) ) ;
#1624 = CARTESIAN_POINT ( 'NONE',  ( -2.040000000000003588, -1.799999999999997380, -3.109999999999999876 ) ) ;
#1625 = VERTEX_POINT ( 'NONE', #521 ) ;
#1626 = EDGE_CURVE ( 'NONE', #1926, #924, #1248, .T. ) ;
#1627 = EDGE_LOOP ( 'NONE', ( #660, #2053, #1201, #836 ) ) ;
#1628 = CARTESIAN_POINT ( 'NONE',  ( -1.690000000000003944, -1.794999999999997264, -6.110000000000000320 ) ) ;
#1629 =( NAMED_UNIT ( * ) PLANE_ANGLE_UNIT ( ) SI_UNIT ( $, .RADIAN. ) );
#1630 = PRESENTATION_LAYER_ASSIGNMENT (  '', '', ( #1840 ) ) ;
#1631 = SURFACE_SIDE_STYLE ('',( #1380 ) ) ;
#1632 = CARTESIAN_POINT ( 'NONE',  ( -6.240000000000002878, -1.794999999999997042, -3.109999999999999432 ) ) ;
#1633 = ORIENTED_EDGE ( 'NONE', *, *, #3019, .T. ) ;
#1634 = MECHANICAL_DESIGN_GEOMETRIC_PRESENTATION_REPRESENTATION (  '', ( #861 ), #2038 ) ;
#1635 = FACE_OUTER_BOUND ( 'NONE', #1545, .T. ) ;
#1636 = VERTEX_POINT ( 'NONE', #1303 ) ;
#1637 = CARTESIAN_POINT ( 'NONE',  ( 0.4099999999999945910, -1.799999999999997380, -6.110000000000000320 ) ) ;
#1638 = DIRECTION ( 'NONE',  ( -1.000000000000000000, 0.000000000000000000, 0.000000000000000000 ) ) ;
#1639 = ORIENTED_EDGE ( 'NONE', *, *, #2250, .F. ) ;
#1640 = ORIENTED_EDGE ( 'NONE', *, *, #1188, .F. ) ;
#1641 = ADVANCED_FACE ( 'NONE', ( #1969 ), #2001, .F. ) ;
#1642 = SURFACE_STYLE_USAGE ( .BOTH. , #414 ) ;
#1643 = FILL_AREA_STYLE_COLOUR ( '', #2264 ) ;
#1644 = EDGE_LOOP ( 'NONE', ( #224, #3044, #1639, #1819 ) ) ;
#1645 = LINE ( 'NONE', #2630, #1052 ) ;
#1646 = VECTOR ( 'NONE', #826, 1000.000000000000000 ) ;
#1647 = VECTOR ( 'NONE', #2451, 1000.000000000000000 ) ;
#1648 = CARTESIAN_POINT ( 'NONE',  ( -11.69999999999999574, 1.500000000000000000, 13.27999999999999936 ) ) ;
#1649 = ORIENTED_EDGE ( 'NONE', *, *, #995, .F. ) ;
#1650 = LINE ( 'NONE', #2672, #832 ) ;
#1651 =( NAMED_UNIT ( * ) SI_UNIT ( $, .STERADIAN. ) SOLID_ANGLE_UNIT ( ) );
#1652 = ORIENTED_EDGE ( 'NONE', *, *, #273, .T. ) ;
#1653 = UNCERTAINTY_MEASURE_WITH_UNIT (LENGTH_MEASURE( 1.000000000000000082E-05 ), #2447, 'distance_accuracy_value', 'NONE');
#1654 = EDGE_LOOP ( 'NONE', ( #2906, #1694, #1420, #2350 ) ) ;
#1655 = DIRECTION ( 'NONE',  ( -0.000000000000000000, -1.000000000000000000, 7.379191939847947013E-17 ) ) ;
#1656 = CARTESIAN_POINT ( 'NONE',  ( -6.590000000000002522, -1.794999999999997264, -6.110000000000000320 ) ) ;
#1657 = FILL_AREA_STYLE_COLOUR ( '', #3102 ) ;
#1658 = ORIENTED_EDGE ( 'NONE', *, *, #2450, .F. ) ;
#1659 = VECTOR ( 'NONE', #471, 1000.000000000000000 ) ;
#1660 = EDGE_CURVE ( 'NONE', #761, #2973, #300, .T. ) ;
#1661 = SURFACE_STYLE_USAGE ( .BOTH. , #1950 ) ;
#1662 = EDGE_CURVE ( 'NONE', #2789, #1921, #1543, .T. ) ;
#1663 = VECTOR ( 'NONE', #620, 1000.000000000000000 ) ;
#1664 = PLANE ( 'NONE',  #621 ) ;
#1665 = CARTESIAN_POINT ( 'NONE',  ( -6.940000000000001279, -1.794999999999997264, -6.110000000000000320 ) ) ;
#1666 = AXIS2_PLACEMENT_3D ( 'NONE', #318, #3027, #3067 ) ;
#1667 = ORIENTED_EDGE ( 'NONE', *, *, #2832, .T. ) ;
#1668 = CARTESIAN_POINT ( 'NONE',  ( -2.390000000000005009, -1.794999999999997042, -3.109999999999999432 ) ) ;
#1669 = DIRECTION ( 'NONE',  ( 1.000000000000000000, 0.000000000000000000, 0.000000000000000000 ) ) ;
#1670 = ORIENTED_EDGE ( 'NONE', *, *, #2867, .F. ) ;
#1671 = ORIENTED_EDGE ( 'NONE', *, *, #1416, .F. ) ;
#1672 = DIRECTION ( 'NONE',  ( -1.000000000000000000, 0.000000000000000000, -0.000000000000000000 ) ) ;
#1673 =( NAMED_UNIT ( * ) SI_UNIT ( $, .STERADIAN. ) SOLID_ANGLE_UNIT ( ) );
#1674 = ORIENTED_EDGE ( 'NONE', *, *, #2117, .T. ) ;
#1675 = VECTOR ( 'NONE', #1266, 1000.000000000000000 ) ;
#1676 = FILL_AREA_STYLE_COLOUR ( '', #996 ) ;
#1677 = UNCERTAINTY_MEASURE_WITH_UNIT (LENGTH_MEASURE( 1.000000000000000082E-05 ), #1013, 'distance_accuracy_value', 'NONE');
#1678 = MECHANICAL_DESIGN_GEOMETRIC_PRESENTATION_REPRESENTATION (  '', ( #2979 ), #2339 ) ;
#1679 = FILL_AREA_STYLE ('',( #1590 ) ) ;
#1680 = MECHANICAL_DESIGN_GEOMETRIC_PRESENTATION_REPRESENTATION (  '', ( #1840 ), #2390 ) ;
#1681 = LINE ( 'NONE', #3169, #2364 ) ;
#1682 = CARTESIAN_POINT ( 'NONE',  ( -4.840000000000002522, -1.794999999999997042, -3.109999999999999432 ) ) ;
#1683 = ORIENTED_EDGE ( 'NONE', *, *, #3129, .F. ) ;
#1684 = EDGE_CURVE ( 'NONE', #2354, #2256, #2614, .T. ) ;
#1685 = VECTOR ( 'NONE', #245, 1000.000000000000000 ) ;
#1686 = FACE_OUTER_BOUND ( 'NONE', #2260, .T. ) ;
#1687 = FACE_OUTER_BOUND ( 'NONE', #2200, .T. ) ;
#1688 = DIRECTION ( 'NONE',  ( -0.000000000000000000, 0.000000000000000000, 1.000000000000000000 ) ) ;
#1689 = ORIENTED_EDGE ( 'NONE', *, *, #2758, .F. ) ;
#1690 = VERTEX_POINT ( 'NONE', #885 ) ;
#1691 = CARTESIAN_POINT ( 'NONE',  ( 2.779999999999997584, -1.799999999999997380, -3.109999999999999876 ) ) ;
#1692 = PRESENTATION_STYLE_ASSIGNMENT (( #3124 ) ) ;
#1693 = FILL_AREA_STYLE ('',( #1657 ) ) ;
#1694 = ORIENTED_EDGE ( 'NONE', *, *, #544, .F. ) ;
#1695 = CARTESIAN_POINT ( 'NONE',  ( 0.000000000000000000, -1.794999999999996820, 1.297353011012679153E-16 ) ) ;
#1696 = CARTESIAN_POINT ( 'NONE',  ( -3.440000000000003499, -1.794999999999997042, -3.109999999999999432 ) ) ;
#1697 = LINE ( 'NONE', #469, #588 ) ;
#1698 =( NAMED_UNIT ( * ) PLANE_ANGLE_UNIT ( ) SI_UNIT ( $, .RADIAN. ) );
#1699 = CARTESIAN_POINT ( 'NONE',  ( 0.05999999999999495320, -1.794999999999997042, -3.109999999999999432 ) ) ;
#1700 = LINE ( 'NONE', #472, #243 ) ;
#1701 = AXIS2_PLACEMENT_3D ( 'NONE', #738, #547, #2740 ) ;
#1702 = VECTOR ( 'NONE', #153, 1000.000000000000000 ) ;
#1703 = EDGE_CURVE ( 'NONE', #2308, #534, #358, .T. ) ;
#1704 = FACE_OUTER_BOUND ( 'NONE', #1906, .T. ) ;
#1705 = EDGE_CURVE ( 'NONE', #1448, #1103, #95, .T. ) ;
#1706 =( LENGTH_UNIT ( ) NAMED_UNIT ( * ) SI_UNIT ( .MILLI., .METRE. ) );
#1707 = MECHANICAL_DESIGN_GEOMETRIC_PRESENTATION_REPRESENTATION (  '', ( #1048 ), #3142 ) ;
#1708 = ORIENTED_EDGE ( 'NONE', *, *, #1662, .F. ) ;
#1709 = FACE_OUTER_BOUND ( 'NONE', #3057, .T. ) ;
#1710 = LINE ( 'NONE', #2988, #2190 ) ;
#1711 =( NAMED_UNIT ( * ) SI_UNIT ( $, .STERADIAN. ) SOLID_ANGLE_UNIT ( ) );
#1712 =( NAMED_UNIT ( * ) PLANE_ANGLE_UNIT ( ) SI_UNIT ( $, .RADIAN. ) );
#1713 = EDGE_LOOP ( 'NONE', ( #1389, #751, #211, #587, #817, #2718, #3122, #1667, #2116, #2961 ) ) ;
#1714 = DIRECTION ( 'NONE',  ( 1.000000000000000000, 0.000000000000000000, 0.000000000000000000 ) ) ;
#1715 = CARTESIAN_POINT ( 'NONE',  ( 25.99001538693280366, 0.000000000000000000, -14.86415607913129477 ) ) ;
#1716 = UNCERTAINTY_MEASURE_WITH_UNIT (LENGTH_MEASURE( 1.000000000000000082E-05 ), #1157, 'distance_accuracy_value', 'NONE');
#1717 = LINE ( 'NONE', #2508, #2962 ) ;
#1718 = PRESENTATION_LAYER_ASSIGNMENT (  '', '', ( #939 ) ) ;
#1719 = AXIS2_PLACEMENT_3D ( 'NONE', #2931, #2981, #452 ) ;
#1720 = DIRECTION ( 'NONE',  ( -1.000000000000000000, -0.000000000000000000, -0.000000000000000000 ) ) ;
#1721 = VERTEX_POINT ( 'NONE', #1126 ) ;
#1722 = STYLED_ITEM ( 'NONE', ( #774 ), #1339 ) ;
#1723 = COLOUR_RGB ( '',0.4039215686274509887, 0.3176470588235293935, 0.000000000000000000 ) ;
#1724 = VECTOR ( 'NONE', #1233, 1000.000000000000000 ) ;
#1725 = DIRECTION ( 'NONE',  ( 0.000000000000000000, 1.000000000000000000, -7.379191939847947013E-17 ) ) ;
#1726 = CIRCLE ( 'NONE', #1308, 1.000000000000000000 ) ;
#1727 = PRESENTATION_STYLE_ASSIGNMENT (( #1471 ) ) ;
#1728 = VERTEX_POINT ( 'NONE', #1117 ) ;
#1729 = EDGE_CURVE ( 'NONE', #2256, #688, #1832, .T. ) ;
#1730 = SURFACE_STYLE_USAGE ( .BOTH. , #531 ) ;
#1731 = FILL_AREA_STYLE_COLOUR ( '', #891 ) ;
#1732 = LINE ( 'NONE', #2392, #2702 ) ;
#1733 = ORIENTED_EDGE ( 'NONE', *, *, #1890, .F. ) ;
#1734 = DIRECTION ( 'NONE',  ( -1.000000000000000000, 0.000000000000000000, -0.000000000000000000 ) ) ;
#1735 = FACE_OUTER_BOUND ( 'NONE', #2429, .T. ) ;
#1736 =( NAMED_UNIT ( * ) SI_UNIT ( $, .STERADIAN. ) SOLID_ANGLE_UNIT ( ) );
#1737 = CARTESIAN_POINT ( 'NONE',  ( 1.779999999999996918, -1.599999999999997202, -3.109999999999999876 ) ) ;
#1738 = ORIENTED_EDGE ( 'NONE', *, *, #1517, .F. ) ;
#1739 = AXIS2_PLACEMENT_3D ( 'NONE', #2596, #2346, #152 ) ;
#1740 =( NAMED_UNIT ( * ) PLANE_ANGLE_UNIT ( ) SI_UNIT ( $, .RADIAN. ) );
#1741 =( GEOMETRIC_REPRESENTATION_CONTEXT ( 3 ) GLOBAL_UNCERTAINTY_ASSIGNED_CONTEXT ( ( #56 ) ) GLOBAL_UNIT_ASSIGNED_CONTEXT ( ( #1343, #1273, #1291 ) ) REPRESENTATION_CONTEXT ( 'NONE', 'WORKASPACE' ) );
#1742 = CARTESIAN_POINT ( 'NONE',  ( -4.840000000000002522, -1.794999999999997042, -3.109999999999999432 ) ) ;
#1743 = EDGE_CURVE ( 'NONE', #2380, #1426, #2069, .T. ) ;
#1744 = SURFACE_STYLE_FILL_AREA ( #528 ) ;
#1745 = DIRECTION ( 'NONE',  ( -0.000000000000000000, -1.000000000000000000, 7.379191939847947013E-17 ) ) ;
#1746 = CARTESIAN_POINT ( 'NONE',  ( 1.779999999999996030, -1.599999999999997202, -3.109999999999999876 ) ) ;
#1747 = LINE ( 'NONE', #815, #584 ) ;
#1748 = DIRECTION ( 'NONE',  ( -0.000000000000000000, 0.000000000000000000, 1.000000000000000000 ) ) ;
#1749 = VERTEX_POINT ( 'NONE', #2093 ) ;
#1750 = SURFACE_STYLE_FILL_AREA ( #1570 ) ;
#1751 = DIRECTION ( 'NONE',  ( 0.000000000000000000, 0.000000000000000000, -1.000000000000000000 ) ) ;
#1752 = PLANE ( 'NONE',  #1970 ) ;
#1753 = DIRECTION ( 'NONE',  ( 0.000000000000000000, 1.000000000000000000, -7.379191939847947013E-17 ) ) ;
#1754 = DIRECTION ( 'NONE',  ( 0.000000000000000000, -7.228014483236695816E-17, -1.000000000000000000 ) ) ;
#1755 = DIRECTION ( 'NONE',  ( 1.000000000000000000, 2.133476248632177812E-32, 2.891205793294678326E-16 ) ) ;
#1756 = ORIENTED_EDGE ( 'NONE', *, *, #2472, .T. ) ;
#1757 = EDGE_CURVE ( 'NONE', #2474, #949, #2081, .T. ) ;
#1758 = DIRECTION ( 'NONE',  ( 0.000000000000000000, -7.228014483236695816E-17, -1.000000000000000000 ) ) ;
#1759 = STYLED_ITEM ( 'NONE', ( #2654 ), #1454 ) ;
#1760 = AXIS2_PLACEMENT_3D ( 'NONE', #2944, #468, #3184 ) ;
#1761 = CARTESIAN_POINT ( 'NONE',  ( -13.08000000000000362, 1.500000000000000000, 14.60999999999999943 ) ) ;
#1762 = SURFACE_STYLE_USAGE ( .BOTH. , #1503 ) ;
#1763 = FILL_AREA_STYLE_COLOUR ( '', #14 ) ;
#1764 = VERTEX_POINT ( 'NONE', #640 ) ;
#1765 = VECTOR ( 'NONE', #376, 1000.000000000000000 ) ;
#1766 =( NAMED_UNIT ( * ) PLANE_ANGLE_UNIT ( ) SI_UNIT ( $, .RADIAN. ) );
#1767 = UNCERTAINTY_MEASURE_WITH_UNIT (LENGTH_MEASURE( 1.000000000000000082E-05 ), #159, 'distance_accuracy_value', 'NONE');
#1768 = EDGE_CURVE ( 'NONE', #1168, #1728, #2597, .T. ) ;
#1769 = DIRECTION ( 'NONE',  ( -0.000000000000000000, -1.000000000000000000, 7.379191939847947013E-17 ) ) ;
#1770 = CARTESIAN_POINT ( 'NONE',  ( 0.000000000000000000, -1.794999999999996820, 1.297353011012679153E-16 ) ) ;
#1771 = PRESENTATION_STYLE_ASSIGNMENT (( #2002 ) ) ;
#1772 = VERTEX_POINT ( 'NONE', #1366 ) ;
#1773 = VECTOR ( 'NONE', #2797, 1000.000000000000000 ) ;
#1774 = ADVANCED_FACE ( 'NONE', ( #3043 ), #871, .T. ) ;
#1775 = VECTOR ( 'NONE', #928, 1000.000000000000000 ) ;
#1776 = CIRCLE ( 'NONE', #793, 1.000000000000000000 ) ;
#1777 = DIRECTION ( 'NONE',  ( -0.000000000000000000, 0.000000000000000000, 1.000000000000000000 ) ) ;
#1778 =( GEOMETRIC_REPRESENTATION_CONTEXT ( 3 ) GLOBAL_UNCERTAINTY_ASSIGNED_CONTEXT ( ( #2412 ) ) GLOBAL_UNIT_ASSIGNED_CONTEXT ( ( #176, #1345, #651 ) ) REPRESENTATION_CONTEXT ( 'NONE', 'WORKASPACE' ) );
#1779 = LINE ( 'NONE', #2779, #2395 ) ;
#1780 = VECTOR ( 'NONE', #2127, 1000.000000000000000 ) ;
#1781 = CARTESIAN_POINT ( 'NONE',  ( -0.2900000000000055311, -1.799999999999997380, -6.110000000000000320 ) ) ;
#1782 =( NAMED_UNIT ( * ) PLANE_ANGLE_UNIT ( ) SI_UNIT ( $, .RADIAN. ) );
#1783 =( NAMED_UNIT ( * ) SI_UNIT ( $, .STERADIAN. ) SOLID_ANGLE_UNIT ( ) );
#1784 = DIRECTION ( 'NONE',  ( 0.000000000000000000, 1.000000000000000000, -7.228014483236695816E-17 ) ) ;
#1785 = ORIENTED_EDGE ( 'NONE', *, *, #1341, .T. ) ;
#1786 = DIRECTION ( 'NONE',  ( 2.891205793294678326E-16, 0.000000000000000000, -1.000000000000000000 ) ) ;
#1787 = CARTESIAN_POINT ( 'NONE',  ( 1.109999999999993880, -1.794999999999997042, -3.109999999999999432 ) ) ;
#1788 = DIRECTION ( 'NONE',  ( 0.000000000000000000, -1.084202172485505420E-16, -1.000000000000000000 ) ) ;
#1789 = VECTOR ( 'NONE', #1068, 1000.000000000000000 ) ;
#1790 = PRESENTATION_STYLE_ASSIGNMENT (( #805 ) ) ;
#1791 = ORIENTED_EDGE ( 'NONE', *, *, #2733, .T. ) ;
#1792 = STYLED_ITEM ( 'NONE', ( #3087 ), #3101 ) ;
#1793 = EDGE_CURVE ( 'NONE', #909, #2783, #595, .T. ) ;
#1794 = VERTEX_POINT ( 'NONE', #2553 ) ;
#1795 = DIRECTION ( 'NONE',  ( -1.000000000000000000, 0.000000000000000000, -0.000000000000000000 ) ) ;
#1796 = FILL_AREA_STYLE ('',( #862 ) ) ;
#1797 = VERTEX_POINT ( 'NONE', #2300 ) ;
#1798 = VECTOR ( 'NONE', #1262, 1000.000000000000000 ) ;
#1799 = DIRECTION ( 'NONE',  ( 1.000000000000000000, 0.000000000000000000, 0.000000000000000000 ) ) ;
#1800 = DIRECTION ( 'NONE',  ( 0.000000000000000000, -7.228014483236695816E-17, -1.000000000000000000 ) ) ;
#1801 = EDGE_LOOP ( 'NONE', ( #2725, #624, #1912, #2281 ) ) ;
#1802 = DIRECTION ( 'NONE',  ( -0.000000000000000000, -1.000000000000000000, 7.379191939847947013E-17 ) ) ;
#1803 = LINE ( 'NONE', #356, #1569 ) ;
#1804 =( NAMED_UNIT ( * ) SI_UNIT ( $, .STERADIAN. ) SOLID_ANGLE_UNIT ( ) );
#1805 = DIRECTION ( 'NONE',  ( -0.000000000000000000, -1.000000000000000000, 7.379191939847947013E-17 ) ) ;
#1806 = CARTESIAN_POINT ( 'NONE',  ( -7.620000000000001883, -1.599999999999997202, -4.110000000000000320 ) ) ;
#1807 = ORIENTED_EDGE ( 'NONE', *, *, #389, .F. ) ;
#1808 = ORIENTED_EDGE ( 'NONE', *, *, #616, .F. ) ;
#1809 = CARTESIAN_POINT ( 'NONE',  ( -0.6400000000000051203, -1.799999999999997158, -3.109999999999999432 ) ) ;
#1810 = ADVANCED_FACE ( 'NONE', ( #122 ), #1615, .F. ) ;
#1811 = EDGE_CURVE ( 'NONE', #924, #513, #2178, .T. ) ;
#1812 = CARTESIAN_POINT ( 'NONE',  ( 25.99001538693280366, -1.799999999999997380, -3.109999999999999876 ) ) ;
#1813 = DIRECTION ( 'NONE',  ( 1.000000000000000000, 0.000000000000000000, 0.000000000000000000 ) ) ;
#1814 = VERTEX_POINT ( 'NONE', #2871 ) ;
#1815 = STYLED_ITEM ( 'NONE', ( #1991 ), #1588 ) ;
#1816 = CARTESIAN_POINT ( 'NONE',  ( -3.090000000000003855, -1.799999999999997380, -6.110000000000000320 ) ) ;
#1817 = FILL_AREA_STYLE_COLOUR ( '', #848 ) ;
#1818 = CARTESIAN_POINT ( 'NONE',  ( -2.740000000000003766, -1.794999999999997264, -6.110000000000000320 ) ) ;
#1819 = ORIENTED_EDGE ( 'NONE', *, *, #2049, .F. ) ;
#1820 = VECTOR ( 'NONE', #899, 1000.000000000000000 ) ;
#1821 = ORIENTED_EDGE ( 'NONE', *, *, #739, .F. ) ;
#1822 = DIRECTION ( 'NONE',  ( 1.000000000000000000, 4.266952497264355624E-32, 5.782411586589356653E-16 ) ) ;
#1823 = VECTOR ( 'NONE', #314, 1000.000000000000000 ) ;
#1824 = CIRCLE ( 'NONE', #2160, 1.000000000000000000 ) ;
#1825 = CIRCLE ( 'NONE', #2274, 1.000000000000000000 ) ;
#1826 = SURFACE_STYLE_FILL_AREA ( #367 ) ;
#1827 = EDGE_LOOP ( 'NONE', ( #1085, #2180, #1372, #3018 ) ) ;
#1828 = VECTOR ( 'NONE', #3185, 1000.000000000000000 ) ;
#1829 = LINE ( 'NONE', #2827, #2017 ) ;
#1830 = ADVANCED_FACE ( 'NONE', ( #2661 ), #1406, .F. ) ;
#1831 = FILL_AREA_STYLE_COLOUR ( '', #2293 ) ;
#1832 = LINE ( 'NONE', #1596, #114 ) ;
#1833 = CARTESIAN_POINT ( 'NONE',  ( -5.190000000000003944, -1.794999999999997042, -3.109999999999999432 ) ) ;
#1834 = ORIENTED_EDGE ( 'NONE', *, *, #1705, .T. ) ;
#1835 = ORIENTED_EDGE ( 'NONE', *, *, #1743, .F. ) ;
#1836 =( NAMED_UNIT ( * ) SI_UNIT ( $, .STERADIAN. ) SOLID_ANGLE_UNIT ( ) );
#1837 = LINE ( 'NONE', #3089, #1349 ) ;
#1838 = PLANE ( 'NONE',  #480 ) ;
#1839 = VERTEX_POINT ( 'NONE', #2677 ) ;
#1840 = STYLED_ITEM ( 'NONE', ( #2749 ), #2671 ) ;
#1841 = DIRECTION ( 'NONE',  ( 1.000000000000000000, 0.000000000000000000, 0.000000000000000000 ) ) ;
#1842 = PRESENTATION_LAYER_ASSIGNMENT (  '', '', ( #1583 ) ) ;
#1843 = DIRECTION ( 'NONE',  ( 0.000000000000000000, 0.000000000000000000, -1.000000000000000000 ) ) ;
#1844 = FILL_AREA_STYLE ('',( #594 ) ) ;
#1845 = ORIENTED_EDGE ( 'NONE', *, *, #2250, .T. ) ;
#1846 = ADVANCED_FACE ( 'NONE', ( #181 ), #1159, .F. ) ;
#1847 = CARTESIAN_POINT ( 'NONE',  ( -2.390000000000004121, -1.799999999999997380, -6.110000000000000320 ) ) ;
#1848 = EDGE_CURVE ( 'NONE', #2370, #3147, #3051, .T. ) ;
#1849 = ORIENTED_EDGE ( 'NONE', *, *, #1045, .F. ) ;
#1850 = SURFACE_STYLE_USAGE ( .BOTH. , #2666 ) ;
#1851 = EDGE_CURVE ( 'NONE', #1170, #2527, #336, .T. ) ;
#1852 = CARTESIAN_POINT ( 'NONE',  ( -2.740000000000003766, -1.794999999999997264, -6.110000000000000320 ) ) ;
#1853 = CARTESIAN_POINT ( 'NONE',  ( 2.779999999999997584, 0.000000000000000000, -14.86415607913129477 ) ) ;
#1854 = ORIENTED_EDGE ( 'NONE', *, *, #2733, .F. ) ;
#1855 = SURFACE_STYLE_FILL_AREA ( #925 ) ;
#1856 = AXIS2_PLACEMENT_3D ( 'NONE', #1154, #2119, #2636 ) ;
#1857 =( LENGTH_UNIT ( ) NAMED_UNIT ( * ) SI_UNIT ( .MILLI., .METRE. ) );
#1858 = SURFACE_STYLE_USAGE ( .BOTH. , #1631 ) ;
#1859 = PRESENTATION_STYLE_ASSIGNMENT (( #1617 ) ) ;
#1860 = ORIENTED_EDGE ( 'NONE', *, *, #715, .F. ) ;
#1861 = PRESENTATION_STYLE_ASSIGNMENT (( #935 ) ) ;
#1862 = EDGE_LOOP ( 'NONE', ( #1834, #2388, #2511, #2277 ) ) ;
#1863 = EDGE_CURVE ( 'NONE', #1625, #863, #1400, .T. ) ;
#1864 = DIRECTION ( 'NONE',  ( -0.000000000000000000, -1.000000000000000000, 7.379191939847947013E-17 ) ) ;
#1865 = VERTEX_POINT ( 'NONE', #605 ) ;
#1866 = VECTOR ( 'NONE', #1040, 1000.000000000000000 ) ;
#1867 = AXIS2_PLACEMENT_3D ( 'NONE', #3, #1995, #984 ) ;
#1868 = ORIENTED_EDGE ( 'NONE', *, *, #3048, .T. ) ;
#1869 = VECTOR ( 'NONE', #454, 1000.000000000000000 ) ;
#1870 = CARTESIAN_POINT ( 'NONE',  ( 2.779999999999997584, 0.1999999999999999833, -14.86415607913129477 ) ) ;
#1871 = DIRECTION ( 'NONE',  ( -2.891205793294678326E-16, 7.228014483236695816E-17, 1.000000000000000000 ) ) ;
#1872 = CARTESIAN_POINT ( 'NONE',  ( 25.99001538693280366, -1.799999999999997380, -3.109999999999999876 ) ) ;
#1873 = STYLED_ITEM ( 'NONE', ( #938 ), #140 ) ;
#1874 = STYLED_ITEM ( 'NONE', ( #1861 ), #2162 ) ;
#1875 = PRESENTATION_STYLE_ASSIGNMENT (( #889 ) ) ;
#1876 = ADVANCED_FACE ( 'NONE', ( #3106 ), #2836, .F. ) ;
#1877 = DIRECTION ( 'NONE',  ( 0.000000000000000000, -7.228014483236695816E-17, -1.000000000000000000 ) ) ;
#1878 = ORIENTED_EDGE ( 'NONE', *, *, #54, .T. ) ;
#1879 = EDGE_CURVE ( 'NONE', #688, #2076, #117, .T. ) ;
#1880 = ORIENTED_EDGE ( 'NONE', *, *, #1257, .T. ) ;
#1881 = ORIENTED_EDGE ( 'NONE', *, *, #695, .F. ) ;
#1882 = DIRECTION ( 'NONE',  ( 1.000000000000000000, 2.133476248632177812E-32, 2.891205793294678326E-16 ) ) ;
#1883 = SURFACE_STYLE_USAGE ( .BOTH. , #403 ) ;
#1884 = MECHANICAL_DESIGN_GEOMETRIC_PRESENTATION_REPRESENTATION (  '', ( #2512 ), #2720 ) ;
#1885 = VERTEX_POINT ( 'NONE', #1624 ) ;
#1886 = MECHANICAL_DESIGN_GEOMETRIC_PRESENTATION_REPRESENTATION (  '', ( #555 ), #599 ) ;
#1887 = UNCERTAINTY_MEASURE_WITH_UNIT (LENGTH_MEASURE( 1.000000000000000082E-05 ), #505, 'distance_accuracy_value', 'NONE');
#1888 = SURFACE_STYLE_FILL_AREA ( #2379 ) ;
#1889 = ORIENTED_EDGE ( 'NONE', *, *, #2228, .F. ) ;
#1890 = EDGE_CURVE ( 'NONE', #1069, #1034, #2278, .T. ) ;
#1891 = DIRECTION ( 'NONE',  ( -0.000000000000000000, 1.000000000000000000, -0.000000000000000000 ) ) ;
#1892 = SURFACE_STYLE_FILL_AREA ( #3120 ) ;
#1893 = VERTEX_POINT ( 'NONE', #2063 ) ;
#1894 = EDGE_CURVE ( 'NONE', #1168, #992, #2852, .T. ) ;
#1895 = ORIENTED_EDGE ( 'NONE', *, *, #2329, .T. ) ;
#1896 = ADVANCED_FACE ( 'NONE', ( #2327, #2075 ), #1838, .F. ) ;
#1897 = DIRECTION ( 'NONE',  ( 2.891205793294678326E-16, 0.000000000000000000, -1.000000000000000000 ) ) ;
#1898 = PLANE ( 'NONE',  #279 ) ;
#1899 = LINE ( 'NONE', #203, #2024 ) ;
#1900 = VECTOR ( 'NONE', #1081, 1000.000000000000000 ) ;
#1901 = SURFACE_SIDE_STYLE ('',( #1888 ) ) ;
#1902 = ORIENTED_EDGE ( 'NONE', *, *, #2323, .F. ) ;
#1903 =( NAMED_UNIT ( * ) SI_UNIT ( $, .STERADIAN. ) SOLID_ANGLE_UNIT ( ) );
#1904 = FILL_AREA_STYLE ('',( #667 ) ) ;
#1905 = DIRECTION ( 'NONE',  ( 1.000000000000000000, 2.133476248632177812E-32, 2.891205793294678326E-16 ) ) ;
#1906 = EDGE_LOOP ( 'NONE', ( #3074, #1326, #344, #2674, #2663, #1112, #2169, #2580 ) ) ;
#1907 = UNCERTAINTY_MEASURE_WITH_UNIT (LENGTH_MEASURE( 1.000000000000000082E-05 ), #539, 'distance_accuracy_value', 'NONE');
#1908 = ORIENTED_EDGE ( 'NONE', *, *, #3164, .T. ) ;
#1909 =( NAMED_UNIT ( * ) PLANE_ANGLE_UNIT ( ) SI_UNIT ( $, .RADIAN. ) );
#1910 =( NAMED_UNIT ( * ) PLANE_ANGLE_UNIT ( ) SI_UNIT ( $, .RADIAN. ) );
#1911 = DIRECTION ( 'NONE',  ( 1.000000000000000000, 2.133476248632177812E-32, 2.891205793294678326E-16 ) ) ;
#1912 = ORIENTED_EDGE ( 'NONE', *, *, #849, .F. ) ;
#1913 = VECTOR ( 'NONE', #1464, 1000.000000000000000 ) ;
#1914 = ADVANCED_FACE ( 'NONE', ( #2825 ), #398, .T. ) ;
#1915 =( LENGTH_UNIT ( ) NAMED_UNIT ( * ) SI_UNIT ( .MILLI., .METRE. ) );
#1916 = MECHANICAL_DESIGN_GEOMETRIC_PRESENTATION_REPRESENTATION (  '', ( #1567 ), #173 ) ;
#1917 = SURFACE_SIDE_STYLE ('',( #2114 ) ) ;
#1918 =( GEOMETRIC_REPRESENTATION_CONTEXT ( 3 ) GLOBAL_UNCERTAINTY_ASSIGNED_CONTEXT ( ( #1193 ) ) GLOBAL_UNIT_ASSIGNED_CONTEXT ( ( #479, #2443, #1651 ) ) REPRESENTATION_CONTEXT ( 'NONE', 'WORKASPACE' ) );
#1919 = CARTESIAN_POINT ( 'NONE',  ( -2.040000000000003588, -1.794999999999997042, -3.109999999999999432 ) ) ;
#1920 = DIRECTION ( 'NONE',  ( -2.891205793294678326E-16, 7.228014483236695816E-17, 1.000000000000000000 ) ) ;
#1921 = VERTEX_POINT ( 'NONE', #866 ) ;
#1922 =( LENGTH_UNIT ( ) NAMED_UNIT ( * ) SI_UNIT ( .MILLI., .METRE. ) );
#1923 = DIRECTION ( 'NONE',  ( 0.000000000000000000, 1.000000000000000000, -7.379191939847947013E-17 ) ) ;
#1924 = VERTEX_POINT ( 'NONE', #1853 ) ;
#1925 = VECTOR ( 'NONE', #337, 1000.000000000000000 ) ;
#1926 = VERTEX_POINT ( 'NONE', #387 ) ;
#1927 = CARTESIAN_POINT ( 'NONE',  ( -6.240000000000002878, -1.794999999999997264, -6.110000000000000320 ) ) ;
#1928 = DIRECTION ( 'NONE',  ( -0.000000000000000000, -1.000000000000000000, 7.379191939847947013E-17 ) ) ;
#1929 = ORIENTED_EDGE ( 'NONE', *, *, #1863, .T. ) ;
#1930 = LINE ( 'NONE', #2201, #1675 ) ;
#1931 = CARTESIAN_POINT ( 'NONE',  ( 25.99001538693280366, -1.600000000000000089, -14.86415607913129477 ) ) ;
#1932 = UNCERTAINTY_MEASURE_WITH_UNIT (LENGTH_MEASURE( 1.000000000000000082E-05 ), #831, 'distance_accuracy_value', 'NONE');
#1933 =( GEOMETRIC_REPRESENTATION_CONTEXT ( 3 ) GLOBAL_UNCERTAINTY_ASSIGNED_CONTEXT ( ( #429 ) ) GLOBAL_UNIT_ASSIGNED_CONTEXT ( ( #1857, #2839, #1804 ) ) REPRESENTATION_CONTEXT ( 'NONE', 'WORKASPACE' ) );
#1934 = CARTESIAN_POINT ( 'NONE',  ( -1.340000000000004299, -1.794999999999997264, -6.110000000000000320 ) ) ;
#1935 =( LENGTH_UNIT ( ) NAMED_UNIT ( * ) SI_UNIT ( .MILLI., .METRE. ) );
#1936 =( NAMED_UNIT ( * ) PLANE_ANGLE_UNIT ( ) SI_UNIT ( $, .RADIAN. ) );
#1937 = ADVANCED_FACE ( 'NONE', ( #1375 ), #2353, .F. ) ;
#1938 = VECTOR ( 'NONE', #2549, 1000.000000000000000 ) ;
#1939 = DIRECTION ( 'NONE',  ( 0.000000000000000000, -7.228014483236694583E-17, -1.000000000000000000 ) ) ;
#1940 = LINE ( 'NONE', #2192, #629 ) ;
#1941 = ADVANCED_FACE ( 'NONE', ( #2917 ), #1472, .F. ) ;
#1942 =( GEOMETRIC_REPRESENTATION_CONTEXT ( 3 ) GLOBAL_UNCERTAINTY_ASSIGNED_CONTEXT ( ( #282 ) ) GLOBAL_UNIT_ASSIGNED_CONTEXT ( ( #363, #1602, #632 ) ) REPRESENTATION_CONTEXT ( 'NONE', 'WORKASPACE' ) );
#1943 = DIRECTION ( 'NONE',  ( 0.000000000000000000, 1.000000000000000000, -2.398237380450581547E-16 ) ) ;
#1944 = DIRECTION ( 'NONE',  ( -1.000000000000000000, 0.000000000000000000, 0.000000000000000000 ) ) ;
#1945 = ORIENTED_EDGE ( 'NONE', *, *, #3191, .F. ) ;
#1946 =( LENGTH_UNIT ( ) NAMED_UNIT ( * ) SI_UNIT ( .MILLI., .METRE. ) );
#1947 =( LENGTH_UNIT ( ) NAMED_UNIT ( * ) SI_UNIT ( .MILLI., .METRE. ) );
#1948 = CARTESIAN_POINT ( 'NONE',  ( 25.99001538693280366, -1.799999999999999156, -14.86415607913129477 ) ) ;
#1949 = ORIENTED_EDGE ( 'NONE', *, *, #1300, .F. ) ;
#1950 = SURFACE_SIDE_STYLE ('',( #1494 ) ) ;
#1951 = CARTESIAN_POINT ( 'NONE',  ( -2.740000000000003766, -1.794999999999997042, -3.109999999999999432 ) ) ;
#1952 = PRESENTATION_STYLE_ASSIGNMENT (( #2603 ) ) ;
#1953 = SURFACE_SIDE_STYLE ('',( #1987 ) ) ;
#1954 = EDGE_LOOP ( 'NONE', ( #1972, #161, #3108, #2128 ) ) ;
#1955 =( GEOMETRIC_REPRESENTATION_CONTEXT ( 3 ) GLOBAL_UNCERTAINTY_ASSIGNED_CONTEXT ( ( #710 ) ) GLOBAL_UNIT_ASSIGNED_CONTEXT ( ( #1489, #2693, #1292 ) ) REPRESENTATION_CONTEXT ( 'NONE', 'WORKASPACE' ) );
#1956 = CARTESIAN_POINT ( 'NONE',  ( 11.70000000000000284, 1.500000000000000000, 13.27999999999999936 ) ) ;
#1957 = ADVANCED_FACE ( 'NONE', ( #2694 ), #1959, .F. ) ;
#1958 = PLANE ( 'NONE',  #758 ) ;
#1959 = PLANE ( 'NONE',  #474 ) ;
#1960 = VERTEX_POINT ( 'NONE', #2938 ) ;
#1961 = PRESENTATION_STYLE_ASSIGNMENT (( #2940 ) ) ;
#1962 = DIRECTION ( 'NONE',  ( 0.000000000000000000, 7.228014483236695816E-17, 1.000000000000000000 ) ) ;
#1963 = CARTESIAN_POINT ( 'NONE',  ( -4.840000000000002522, -1.799999999999997158, -3.109999999999999432 ) ) ;
#1964 = DIRECTION ( 'NONE',  ( -1.000000000000000000, 0.000000000000000000, 0.000000000000000000 ) ) ;
#1965 = ORIENTED_EDGE ( 'NONE', *, *, #1419, .F. ) ;
#1966 = VECTOR ( 'NONE', #212, 1000.000000000000000 ) ;
#1967 = DIRECTION ( 'NONE',  ( 0.000000000000000000, 2.398237380450581547E-16, 1.000000000000000000 ) ) ;
#1968 = CYLINDRICAL_SURFACE ( 'NONE', #2245, 1.000000000000000000 ) ;
#1969 = FACE_OUTER_BOUND ( 'NONE', #1307, .T. ) ;
#1970 = AXIS2_PLACEMENT_3D ( 'NONE', #2487, #2523, #804 ) ;
#1971 = LINE ( 'NONE', #2968, #374 ) ;
#1972 = ORIENTED_EDGE ( 'NONE', *, *, #102, .T. ) ;
#1973 = VECTOR ( 'NONE', #1758, 1000.000000000000000 ) ;
#1974 = EDGE_CURVE ( 'NONE', #859, #179, #1726, .T. ) ;
#1975 = COLOUR_RGB ( '',0.4039215686274509887, 0.3176470588235293935, 0.000000000000000000 ) ;
#1976 = VECTOR ( 'NONE', #2434, 1000.000000000000000 ) ;
#1977 = DIRECTION ( 'NONE',  ( 0.000000000000000000, 0.000000000000000000, -1.000000000000000000 ) ) ;
#1978 = SURFACE_STYLE_USAGE ( .BOTH. , #1002 ) ;
#1979 = CARTESIAN_POINT ( 'NONE',  ( -6.240000000000002878, -1.794999999999997264, -6.110000000000000320 ) ) ;
#1980 = CARTESIAN_POINT ( 'NONE',  ( 1.109999999999993880, -1.799999999999997158, -3.109999999999999432 ) ) ;
#1981 =( NAMED_UNIT ( * ) SI_UNIT ( $, .STERADIAN. ) SOLID_ANGLE_UNIT ( ) );
#1982 = VERTEX_POINT ( 'NONE', #2073 ) ;
#1983 = EDGE_CURVE ( 'NONE', #565, #828, #3004, .T. ) ;
#1984 = CARTESIAN_POINT ( 'NONE',  ( -4.140000000000003233, -1.799999999999997158, -3.109999999999999432 ) ) ;
#1985 =( NAMED_UNIT ( * ) SI_UNIT ( $, .STERADIAN. ) SOLID_ANGLE_UNIT ( ) );
#1986 = SURFACE_SIDE_STYLE ('',( #1012 ) ) ;
#1987 = SURFACE_STYLE_FILL_AREA ( #2724 ) ;
#1988 = VERTEX_POINT ( 'NONE', #2741 ) ;
#1989 = AXIS2_PLACEMENT_3D ( 'NONE', #983, #1211, #1962 ) ;
#1990 = CARTESIAN_POINT ( 'NONE',  ( -5.540000000000002700, -1.794999999999997042, -3.109999999999999432 ) ) ;
#1991 = PRESENTATION_STYLE_ASSIGNMENT (( #2259 ) ) ;
#1992 = PRESENTATION_STYLE_ASSIGNMENT (( #1111 ) ) ;
#1993 = ORIENTED_EDGE ( 'NONE', *, *, #910, .T. ) ;
#1994 = EDGE_CURVE ( 'NONE', #1865, #2380, #2023, .T. ) ;
#1995 = DIRECTION ( 'NONE',  ( 0.000000000000000000, -7.379191939847947013E-17, -1.000000000000000000 ) ) ;
#1996 = LINE ( 'NONE', #1024, #2894 ) ;
#1997 = VERTEX_POINT ( 'NONE', #1501 ) ;
#1998 = DIRECTION ( 'NONE',  ( -0.000000000000000000, -1.000000000000000000, 7.379191939847947013E-17 ) ) ;
#1999 = PRESENTATION_STYLE_ASSIGNMENT (( #516 ) ) ;
#2000 = LINE ( 'NONE', #780, #893 ) ;
#2001 = PLANE ( 'NONE',  #779 ) ;
#2002 = SURFACE_STYLE_USAGE ( .BOTH. , #110 ) ;
#2003 = ORIENTED_EDGE ( 'NONE', *, *, #2401, .T. ) ;
#2004 = DIRECTION ( 'NONE',  ( 0.000000000000000000, -7.379191939847947013E-17, -1.000000000000000000 ) ) ;
#2005 =( GEOMETRIC_REPRESENTATION_CONTEXT ( 3 ) GLOBAL_UNCERTAINTY_ASSIGNED_CONTEXT ( ( #1767 ) ) GLOBAL_UNIT_ASSIGNED_CONTEXT ( ( #159, #2402, #2851 ) ) REPRESENTATION_CONTEXT ( 'NONE', 'WORKASPACE' ) );
#2006 = CARTESIAN_POINT ( 'NONE',  ( -5.540000000000002700, -1.799999999999997380, -6.110000000000000320 ) ) ;
#2007 =( GEOMETRIC_REPRESENTATION_CONTEXT ( 3 ) GLOBAL_UNCERTAINTY_ASSIGNED_CONTEXT ( ( #202 ) ) GLOBAL_UNIT_ASSIGNED_CONTEXT ( ( #1556, #783, #2029 ) ) REPRESENTATION_CONTEXT ( 'NONE', 'WORKASPACE' ) );
#2008 = FILL_AREA_STYLE ('',( #743 ) ) ;
#2009 = FILL_AREA_STYLE ('',( #1039 ) ) ;
#2010 = LINE ( 'NONE', #1280, #1823 ) ;
#2011 = ORIENTED_EDGE ( 'NONE', *, *, #311, .T. ) ;
#2012 = UNCERTAINTY_MEASURE_WITH_UNIT (LENGTH_MEASURE( 1.000000000000000082E-05 ), #2463, 'distance_accuracy_value', 'NONE');
#2013 = EDGE_CURVE ( 'NONE', #2728, #2592, #1259, .T. ) ;
#2014 = EDGE_LOOP ( 'NONE', ( #321, #1658, #1155, #3156 ) ) ;
#2015 =( GEOMETRIC_REPRESENTATION_CONTEXT ( 3 ) GLOBAL_UNCERTAINTY_ASSIGNED_CONTEXT ( ( #178 ) ) GLOBAL_UNIT_ASSIGNED_CONTEXT ( ( #2967, #1936, #1736 ) ) REPRESENTATION_CONTEXT ( 'NONE', 'WORKASPACE' ) );
#2016 = AXIS2_PLACEMENT_3D ( 'NONE', #204, #1755, #767 ) ;
#2017 = VECTOR ( 'NONE', #2090, 1000.000000000000000 ) ;
#2018 = MECHANICAL_DESIGN_GEOMETRIC_PRESENTATION_REPRESENTATION (  '', ( #272 ), #791 ) ;
#2019 = MECHANICAL_DESIGN_GEOMETRIC_PRESENTATION_REPRESENTATION (  '', ( #736 ), #334 ) ;
#2020 = VERTEX_POINT ( 'NONE', #1847 ) ;
#2021 = STYLED_ITEM ( 'NONE', ( #1692 ), #1830 ) ;
#2022 = CARTESIAN_POINT ( 'NONE',  ( 0.7599999999999950129, -1.794999999999997042, -3.109999999999999432 ) ) ;
#2023 = LINE ( 'NONE', #2760, #340 ) ;
#2024 = VECTOR ( 'NONE', #2889, 1000.000000000000000 ) ;
#2025 = PRESENTATION_STYLE_ASSIGNMENT (( #70 ) ) ;
#2026 = VERTEX_POINT ( 'NONE', #2006 ) ;
#2027 = LINE ( 'NONE', #3026, #2699 ) ;
#2028 = PRESENTATION_STYLE_ASSIGNMENT (( #2564 ) ) ;
#2029 =( NAMED_UNIT ( * ) SI_UNIT ( $, .STERADIAN. ) SOLID_ANGLE_UNIT ( ) );
#2030 = MECHANICAL_DESIGN_GEOMETRIC_PRESENTATION_REPRESENTATION (  '', ( #810 ), #2236 ) ;
#2031 = CYLINDRICAL_SURFACE ( 'NONE', #545, 1.000000000000000000 ) ;
#2032 = ORIENTED_EDGE ( 'NONE', *, *, #1549, .T. ) ;
#2033 = ADVANCED_FACE ( 'NONE', ( #813 ), #2317, .F. ) ;
#2034 = ADVANCED_FACE ( 'NONE', ( #127 ), #66, .F. ) ;
#2035 = ORIENTED_EDGE ( 'NONE', *, *, #2013, .T. ) ;
#2036 = LINE ( 'NONE', #1809, #444 ) ;
#2037 = VERTEX_POINT ( 'NONE', #1275 ) ;
#2038 =( GEOMETRIC_REPRESENTATION_CONTEXT ( 3 ) GLOBAL_UNCERTAINTY_ASSIGNED_CONTEXT ( ( #2768 ) ) GLOBAL_UNIT_ASSIGNED_CONTEXT ( ( #2459, #1240, #770 ) ) REPRESENTATION_CONTEXT ( 'NONE', 'WORKASPACE' ) );
#2039 = FILL_AREA_STYLE_COLOUR ( '', #1179 ) ;
#2040 = LINE ( 'NONE', #3039, #1512 ) ;
#2041 = ORIENTED_EDGE ( 'NONE', *, *, #2877, .T. ) ;
#2042 = CARTESIAN_POINT ( 'NONE',  ( -1.690000000000004832, -1.794999999999997042, -3.109999999999999432 ) ) ;
#2043 = CARTESIAN_POINT ( 'NONE',  ( -11.69999999999999574, 1.399999999999999911, 13.27999999999999936 ) ) ;
#2044 = DIRECTION ( 'NONE',  ( -0.000000000000000000, -1.000000000000000000, 7.379191939847947013E-17 ) ) ;
#2045 = CARTESIAN_POINT ( 'NONE',  ( -6.940000000000001279, -1.794999999999997042, -3.109999999999999432 ) ) ;
#2046 = ORIENTED_EDGE ( 'NONE', *, *, #462, .T. ) ;
#2047 = ORIENTED_EDGE ( 'NONE', *, *, #580, .F. ) ;
#2048 = CARTESIAN_POINT ( 'NONE',  ( -5.540000000000002700, -1.794999999999997042, -3.109999999999999432 ) ) ;
#2049 = EDGE_CURVE ( 'NONE', #898, #2094, #1149, .T. ) ;
#2050 = COLOUR_RGB ( '',0.4117647058823529216, 0.4117647058823529216, 0.4117647058823529216 ) ;
#2051 = FILL_AREA_STYLE ('',( #2039 ) ) ;
#2052 = SURFACE_STYLE_USAGE ( .BOTH. , #816 ) ;
#2053 = ORIENTED_EDGE ( 'NONE', *, *, #2070, .F. ) ;
#2054 = MECHANICAL_DESIGN_GEOMETRIC_PRESENTATION_REPRESENTATION (  '', ( #1759 ), #2005 ) ;
#2055 = DIRECTION ( 'NONE',  ( -0.000000000000000000, -1.000000000000000000, 7.379191939847947013E-17 ) ) ;
#2056 = FILL_AREA_STYLE ('',( #1831 ) ) ;
#2057 = CARTESIAN_POINT ( 'NONE',  ( -4.140000000000003233, -1.794999999999997264, -6.110000000000000320 ) ) ;
#2058 = VERTEX_POINT ( 'NONE', #2335 ) ;
#2059 = EDGE_LOOP ( 'NONE', ( #1431, #1437, #708, #847, #2898, #834 ) ) ;
#2060 = SURFACE_STYLE_USAGE ( .BOTH. , #2821 ) ;
#2061 = STYLED_ITEM ( 'NONE', ( #2125 ), #1846 ) ;
#2062 = DIRECTION ( 'NONE',  ( 0.000000000000000000, -7.379191939847947013E-17, -1.000000000000000000 ) ) ;
#2063 = CARTESIAN_POINT ( 'NONE',  ( -2.390000000000005009, -1.794999999999997042, -3.109999999999999432 ) ) ;
#2064 = ORIENTED_EDGE ( 'NONE', *, *, #2567, .T. ) ;
#2065 = COLOUR_RGB ( '',0.4039215686274509887, 0.3176470588235293935, 0.000000000000000000 ) ;
#2066 = CIRCLE ( 'NONE', #2907, 1.000000000000000888 ) ;
#2067 = LINE ( 'NONE', #3091, #73 ) ;
#2068 = LINE ( 'NONE', #856, #742 ) ;
#2069 = LINE ( 'NONE', #3095, #1900 ) ;
#2070 = EDGE_CURVE ( 'NONE', #2205, #2026, #1131, .T. ) ;
#2071 = ORIENTED_EDGE ( 'NONE', *, *, #496, .F. ) ;
#2072 = ADVANCED_FACE ( 'NONE', ( #644 ), #184, .F. ) ;
#2073 = CARTESIAN_POINT ( 'NONE',  ( 11.70000000000000284, 1.399999999999999911, -10.11999999999999744 ) ) ;
#2074 = VERTEX_POINT ( 'NONE', #3098 ) ;
#2075 = FACE_OUTER_BOUND ( 'NONE', #163, .T. ) ;
#2076 = VERTEX_POINT ( 'NONE', #2616 ) ;
#2077 = DIRECTION ( 'NONE',  ( 1.000000000000000000, 2.133476248632177812E-32, 2.891205793294678326E-16 ) ) ;
#2078 = VECTOR ( 'NONE', #2558, 1000.000000000000000 ) ;
#2079 = CARTESIAN_POINT ( 'NONE',  ( 0.05999999999999495320, -1.794999999999997264, -6.110000000000000320 ) ) ;
#2080 =( NAMED_UNIT ( * ) PLANE_ANGLE_UNIT ( ) SI_UNIT ( $, .RADIAN. ) );
#2081 = LINE ( 'NONE', #1872, #517 ) ;
#2082 = EDGE_CURVE ( 'NONE', #1538, #2569, #143, .T. ) ;
#2083 = FACE_OUTER_BOUND ( 'NONE', #448, .T. ) ;
#2084 = ORIENTED_EDGE ( 'NONE', *, *, #438, .T. ) ;
#2085 = CARTESIAN_POINT ( 'NONE',  ( -4.840000000000002522, -1.794999999999997264, -6.110000000000000320 ) ) ;
#2086 = ORIENTED_EDGE ( 'NONE', *, *, #600, .T. ) ;
#2087 = SURFACE_SIDE_STYLE ('',( #2413 ) ) ;
#2088 = CARTESIAN_POINT ( 'NONE',  ( 25.99001538693280366, -1.599999999999997868, -6.110000000000001208 ) ) ;
#2089 = ORIENTED_EDGE ( 'NONE', *, *, #1660, .F. ) ;
#2090 = DIRECTION ( 'NONE',  ( -1.000000000000000000, 0.000000000000000000, 0.000000000000000000 ) ) ;
#2091 = FILL_AREA_STYLE ('',( #913 ) ) ;
#2092 = STYLED_ITEM ( 'NONE', ( #1258 ), #1573 ) ;
#2093 = CARTESIAN_POINT ( 'NONE',  ( 13.07999999999999652, 1.500000000000000000, -14.60999999999999943 ) ) ;
#2094 = VERTEX_POINT ( 'NONE', #1371 ) ;
#2095 = EDGE_CURVE ( 'NONE', #91, #2074, #393, .T. ) ;
#2096 = DIRECTION ( 'NONE',  ( 0.000000000000000000, -7.379191939847947013E-17, -1.000000000000000000 ) ) ;
#2097 = STYLED_ITEM ( 'NONE', ( #623 ), #835 ) ;
#2098 = EDGE_LOOP ( 'NONE', ( #2422, #1600, #589, #2336 ) ) ;
#2099 = AXIS2_PLACEMENT_3D ( 'NONE', #1229, #1911, #249 ) ;
#2100 = VECTOR ( 'NONE', #1446, 1000.000000000000000 ) ;
#2101 = MECHANICAL_DESIGN_GEOMETRIC_PRESENTATION_REPRESENTATION (  '', ( #939 ), #1105 ) ;
#2102 = LINE ( 'NONE', #2896, #1091 ) ;
#2103 = EDGE_CURVE ( 'NONE', #2900, #854, #406, .T. ) ;
#2104 = SURFACE_SIDE_STYLE ('',( #1135 ) ) ;
#2105 = ORIENTED_EDGE ( 'NONE', *, *, #2475, .F. ) ;
#2106 = COLOUR_RGB ( '',0.4039215686274509887, 0.3176470588235293935, 0.000000000000000000 ) ;
#2107 = EDGE_LOOP ( 'NONE', ( #606, #797, #3113, #1965, #552, #2047, #499, #867, #44, #1849, #2355, #2826, #2272, #1504, #2035, #1689, #170, #1311, #1756, #2105, #850, #307, #806, #1288, #548, #1096, #954, #149, #2316, #1808, #2263, #246, #315, #83, #2641, #2948, #668, #1889, #2244, #1398, #701, #111, #1490, #1317, #1708, #1353, #1493, #669, #882, #1442, #647, #2791 ) ) ;
#2108 = PLANE ( 'NONE',  #2697 ) ;
#2109 = CARTESIAN_POINT ( 'NONE',  ( 11.70000000000000284, 1.500000000000000000, -10.11999999999999744 ) ) ;
#2110 =( GEOMETRIC_REPRESENTATION_CONTEXT ( 3 ) GLOBAL_UNCERTAINTY_ASSIGNED_CONTEXT ( ( #712 ) ) GLOBAL_UNIT_ASSIGNED_CONTEXT ( ( #608, #2312, #821 ) ) REPRESENTATION_CONTEXT ( 'NONE', 'WORKASPACE' ) );
#2111 = PRESENTATION_LAYER_ASSIGNMENT (  '', '', ( #130 ) ) ;
#2112 = LINE ( 'NONE', #2598, #1765 ) ;
#2113 = ORIENTED_EDGE ( 'NONE', *, *, #1049, .T. ) ;
#2114 = SURFACE_STYLE_FILL_AREA ( #875 ) ;
#2115 = DIRECTION ( 'NONE',  ( -0.000000000000000000, -1.000000000000000000, 7.379191939847947013E-17 ) ) ;
#2116 = ORIENTED_EDGE ( 'NONE', *, *, #2790, .T. ) ;
#2117 = EDGE_CURVE ( 'NONE', #1473, #2133, #380, .T. ) ;
#2118 = EDGE_CURVE ( 'NONE', #2474, #1421, #1645, .T. ) ;
#2119 = DIRECTION ( 'NONE',  ( 0.000000000000000000, -1.000000000000000000, 1.475838387969588910E-16 ) ) ;
#2120 = VERTEX_POINT ( 'NONE', #1429 ) ;
#2121 = UNCERTAINTY_MEASURE_WITH_UNIT (LENGTH_MEASURE( 1.000000000000000082E-05 ), #730, 'distance_accuracy_value', 'NONE');
#2122 = VECTOR ( 'NONE', #2466, 1000.000000000000000 ) ;
#2123 = ORIENTED_EDGE ( 'NONE', *, *, #1994, .T. ) ;
#2124 = CARTESIAN_POINT ( 'NONE',  ( 0.05999999999999495320, -1.799999999999997380, -6.110000000000000320 ) ) ;
#2125 = PRESENTATION_STYLE_ASSIGNMENT (( #1440 ) ) ;
#2126 = VERTEX_POINT ( 'NONE', #2085 ) ;
#2127 = DIRECTION ( 'NONE',  ( 0.000000000000000000, -7.228014483236695816E-17, -1.000000000000000000 ) ) ;
#2128 = ORIENTED_EDGE ( 'NONE', *, *, #603, .T. ) ;
#2129 = CARTESIAN_POINT ( 'NONE',  ( 0.7599999999999950129, -1.794999999999997264, -6.110000000000000320 ) ) ;
#2130 = FILL_AREA_STYLE_COLOUR ( '', #1975 ) ;
#2131 = VERTEX_POINT ( 'NONE', #1163 ) ;
#2132 = EDGE_CURVE ( 'NONE', #2969, #2698, #1899, .T. ) ;
#2133 = VERTEX_POINT ( 'NONE', #2142 ) ;
#2134 = CARTESIAN_POINT ( 'NONE',  ( -7.620000000000001883, -1.599999999999997424, -4.110000000000000320 ) ) ;
#2135 = DIRECTION ( 'NONE',  ( -1.000000000000000000, 0.000000000000000000, 0.000000000000000000 ) ) ;
#2136 =( NAMED_UNIT ( * ) PLANE_ANGLE_UNIT ( ) SI_UNIT ( $, .RADIAN. ) );
#2137 = LINE ( 'NONE', #1212, #733 ) ;
#2138 = ORIENTED_EDGE ( 'NONE', *, *, #979, .T. ) ;
#2139 = LINE ( 'NONE', #1482, #1647 ) ;
#2140 = VECTOR ( 'NONE', #2794, 1000.000000000000000 ) ;
#2141 = UNCERTAINTY_MEASURE_WITH_UNIT (LENGTH_MEASURE( 1.000000000000000082E-05 ), #2700, 'distance_accuracy_value', 'NONE');
#2142 = CARTESIAN_POINT ( 'NONE',  ( -3.790000000000004476, -1.799999999999997158, -3.109999999999999432 ) ) ;
#2143 = VECTOR ( 'NONE', #1286, 1000.000000000000000 ) ;
#2144 = DIRECTION ( 'NONE',  ( 0.000000000000000000, -7.228014483236695816E-17, -1.000000000000000000 ) ) ;
#2145 = CARTESIAN_POINT ( 'NONE',  ( -5.890000000000003233, -1.794999999999997264, -6.110000000000000320 ) ) ;
#2146 = ORIENTED_EDGE ( 'NONE', *, *, #845, .T. ) ;
#2147 = AXIS2_PLACEMENT_3D ( 'NONE', #1632, #1394, #141 ) ;
#2148 = CARTESIAN_POINT ( 'NONE',  ( -6.240000000000002878, -1.799999999999997158, -3.109999999999999432 ) ) ;
#2149 = CARTESIAN_POINT ( 'NONE',  ( -3.790000000000003588, -1.799999999999997380, -6.110000000000000320 ) ) ;
#2150 = CARTESIAN_POINT ( 'NONE',  ( -4.140000000000003233, -1.794999999999997042, -3.109999999999999432 ) ) ;
#2151 = ORIENTED_EDGE ( 'NONE', *, *, #3114, .T. ) ;
#2152 = COLOUR_RGB ( '',0.4039215686274509887, 0.3176470588235293935, 0.000000000000000000 ) ;
#2153 = ORIENTED_EDGE ( 'NONE', *, *, #1601, .F. ) ;
#2154 = LINE ( 'NONE', #463, #1966 ) ;
#2155 = PLANE ( 'NONE',  #2919 ) ;
#2156 = FILL_AREA_STYLE_COLOUR ( '', #381 ) ;
#2157 = LINE ( 'NONE', #953, #2848 ) ;
#2158 = ORIENTED_EDGE ( 'NONE', *, *, #2813, .T. ) ;
#2159 = VECTOR ( 'NONE', #1269, 1000.000000000000000 ) ;
#2160 = AXIS2_PLACEMENT_3D ( 'NONE', #2134, #446, #869 ) ;
#2161 = PRESENTATION_LAYER_ASSIGNMENT (  '', '', ( #1722 ) ) ;
#2162 = ADVANCED_FACE ( 'NONE', ( #674 ), #1664, .F. ) ;
#2163 = CARTESIAN_POINT ( 'NONE',  ( -8.620000000000002771, -1.599999999999997646, -5.110000000000000320 ) ) ;
#2164 = VECTOR ( 'NONE', #618, 1000.000000000000000 ) ;
#2165 = EDGE_CURVE ( 'NONE', #2527, #2842, #267, .T. ) ;
#2166 = SURFACE_STYLE_USAGE ( .BOTH. , #1197 ) ;
#2167 = PLANE ( 'NONE',  #1562 ) ;
#2168 = DIRECTION ( 'NONE',  ( -1.000000000000000000, 0.000000000000000000, 0.000000000000000000 ) ) ;
#2169 = ORIENTED_EDGE ( 'NONE', *, *, #762, .T. ) ;
#2170 =( NAMED_UNIT ( * ) PLANE_ANGLE_UNIT ( ) SI_UNIT ( $, .RADIAN. ) );
#2171 = LINE ( 'NONE', #2258, #1938 ) ;
#2172 = PLANE ( 'NONE',  #1396 ) ;
#2173 = FILL_AREA_STYLE_COLOUR ( '', #281 ) ;
#2174 = PRESENTATION_LAYER_ASSIGNMENT (  '', '', ( #3172 ) ) ;
#2175 = ORIENTED_EDGE ( 'NONE', *, *, #2790, .F. ) ;
#2176 = CARTESIAN_POINT ( 'NONE',  ( 0.7599999999999950129, -1.794999999999997264, -6.110000000000000320 ) ) ;
#2177 = CARTESIAN_POINT ( 'NONE',  ( 0.7599999999999950129, -1.794999999999997042, -3.109999999999999432 ) ) ;
#2178 = LINE ( 'NONE', #1656, #1255 ) ;
#2179 = CARTESIAN_POINT ( 'NONE',  ( 11.70000000000000284, 1.399999999999999911, 13.27999999999999936 ) ) ;
#2180 = ORIENTED_EDGE ( 'NONE', *, *, #2013, .F. ) ;
#2181 = EDGE_CURVE ( 'NONE', #565, #2679, #714, .T. ) ;
#2182 = PRESENTATION_LAYER_ASSIGNMENT (  '', '', ( #2387 ) ) ;
#2183 = DIRECTION ( 'NONE',  ( -2.891205793294678326E-16, 7.228014483236695816E-17, 1.000000000000000000 ) ) ;
#2184 = CARTESIAN_POINT ( 'NONE',  ( -1.340000000000004299, -1.794999999999997264, -6.110000000000000320 ) ) ;
#2185 = PRESENTATION_LAYER_ASSIGNMENT (  '', '', ( #2660 ) ) ;
#2186 = LINE ( 'NONE', #8, #1319 ) ;
#2187 = CARTESIAN_POINT ( 'NONE',  ( 0.000000000000000000, -1.794999999999996820, 1.297353011012678907E-16 ) ) ;
#2188 = LINE ( 'NONE', #2686, #475 ) ;
#2189 = EDGE_CURVE ( 'NONE', #655, #1997, #2455, .T. ) ;
#2190 = VECTOR ( 'NONE', #1522, 1000.000000000000000 ) ;
#2191 =( NAMED_UNIT ( * ) PLANE_ANGLE_UNIT ( ) SI_UNIT ( $, .RADIAN. ) );
#2192 = CARTESIAN_POINT ( 'NONE',  ( -0.9900000000000056533, -1.794999999999997042, -3.109999999999999432 ) ) ;
#2193 = DIRECTION ( 'NONE',  ( -0.000000000000000000, 7.228014483236695816E-17, 1.000000000000000000 ) ) ;
#2194 = SURFACE_STYLE_FILL_AREA ( #1904 ) ;
#2195 = ORIENTED_EDGE ( 'NONE', *, *, #1045, .T. ) ;
#2196 = SURFACE_STYLE_FILL_AREA ( #721 ) ;
#2197 = CARTESIAN_POINT ( 'NONE',  ( -13.08000000000000362, -1.799999999999998046, -7.110000000000000320 ) ) ;
#2198 = PLANE ( 'NONE',  #1867 ) ;
#2199 = CARTESIAN_POINT ( 'NONE',  ( -5.190000000000003055, -1.799999999999997380, -6.110000000000000320 ) ) ;
#2200 = EDGE_LOOP ( 'NONE', ( #1192, #1305, #493, #2483 ) ) ;
#2201 = CARTESIAN_POINT ( 'NONE',  ( -6.940000000000001279, -1.799999999999997380, -6.110000000000000320 ) ) ;
#2202 = FILL_AREA_STYLE_COLOUR ( '', #787 ) ;
#2203 = DIRECTION ( 'NONE',  ( -0.000000000000000000, 0.000000000000000000, 1.000000000000000000 ) ) ;
#2204 = LINE ( 'NONE', #1445, #1913 ) ;
#2205 = VERTEX_POINT ( 'NONE', #255 ) ;
#2206 = EDGE_CURVE ( 'NONE', #909, #1772, #3187, .T. ) ;
#2207 = FACE_OUTER_BOUND ( 'NONE', #2457, .T. ) ;
#2208 = DIRECTION ( 'NONE',  ( 0.000000000000000000, -7.228014483236695816E-17, -1.000000000000000000 ) ) ;
#2209 = SURFACE_STYLE_FILL_AREA ( #1796 ) ;
#2210 =( NAMED_UNIT ( * ) PLANE_ANGLE_UNIT ( ) SI_UNIT ( $, .RADIAN. ) );
#2211 = LINE ( 'NONE', #1963, #1313 ) ;
#2212 = EDGE_LOOP ( 'NONE', ( #642, #2846, #1156, #261 ) ) ;
#2213 = VECTOR ( 'NONE', #483, 1000.000000000000000 ) ;
#2214 = DIRECTION ( 'NONE',  ( 0.000000000000000000, 7.228014483236695816E-17, 1.000000000000000000 ) ) ;
#2215 = LINE ( 'NONE', #2886, #735 ) ;
#2216 = LINE ( 'NONE', #1461, #1976 ) ;
#2217 = VECTOR ( 'NONE', #2283, 1000.000000000000000 ) ;
#2218 = SURFACE_STYLE_FILL_AREA ( #1247 ) ;
#2219 = AXIS2_PLACEMENT_3D ( 'NONE', #1931, #2928, #2681 ) ;
#2220 = SURFACE_STYLE_FILL_AREA ( #569 ) ;
#2221 = CARTESIAN_POINT ( 'NONE',  ( -0.2900000000000064193, -1.794999999999997042, -3.109999999999999432 ) ) ;
#2222 = ORIENTED_EDGE ( 'NONE', *, *, #2793, .F. ) ;
#2223 = EDGE_CURVE ( 'NONE', #1342, #2354, #2723, .T. ) ;
#2224 = VECTOR ( 'NONE', #2828, 1000.000000000000000 ) ;
#2225 = DIRECTION ( 'NONE',  ( -1.000000000000000000, 0.000000000000000000, -0.000000000000000000 ) ) ;
#2226 = EDGE_CURVE ( 'NONE', #1208, #2205, #1235, .T. ) ;
#2227 = SURFACE_STYLE_USAGE ( .BOTH. , #1223 ) ;
#2228 = EDGE_CURVE ( 'NONE', #445, #368, #2188, .T. ) ;
#2229 = DIRECTION ( 'NONE',  ( 0.000000000000000000, 0.000000000000000000, 1.000000000000000000 ) ) ;
#2230 = DIRECTION ( 'NONE',  ( 0.000000000000000000, -2.168404344971008868E-16, -1.000000000000000000 ) ) ;
#2231 = PLANE ( 'NONE',  #2247 ) ;
#2232 =( NAMED_UNIT ( * ) PLANE_ANGLE_UNIT ( ) SI_UNIT ( $, .RADIAN. ) );
#2233 = LINE ( 'NONE', #90, #625 ) ;
#2234 = ORIENTED_EDGE ( 'NONE', *, *, #2226, .T. ) ;
#2235 = APPLICATION_PROTOCOL_DEFINITION ( 'draft international standard', 'automotive_design', 1998, #713 ) ;
#2236 =( GEOMETRIC_REPRESENTATION_CONTEXT ( 3 ) GLOBAL_UNCERTAINTY_ASSIGNED_CONTEXT ( ( #661 ) ) GLOBAL_UNIT_ASSIGNED_CONTEXT ( ( #3031, #2539, #1544 ) ) REPRESENTATION_CONTEXT ( 'NONE', 'WORKASPACE' ) );
#2237 = DIRECTION ( 'NONE',  ( -1.000000000000000000, -0.000000000000000000, -0.000000000000000000 ) ) ;
#2238 = UNCERTAINTY_MEASURE_WITH_UNIT (LENGTH_MEASURE( 1.000000000000000082E-05 ), #1621, 'distance_accuracy_value', 'NONE');
#2239 = DIRECTION ( 'NONE',  ( -1.000000000000000000, 0.000000000000000000, 0.000000000000000000 ) ) ;
#2240 = CARTESIAN_POINT ( 'NONE',  ( -1.690000000000004832, -1.799999999999997158, -3.109999999999999432 ) ) ;
#2241 = PLANE ( 'NONE',  #2574 ) ;
#2242 = DIRECTION ( 'NONE',  ( 0.000000000000000000, 1.000000000000000000, -7.228014483236695816E-17 ) ) ;
#2243 = DIRECTION ( 'NONE',  ( 0.000000000000000000, -2.398237380450581547E-16, -1.000000000000000000 ) ) ;
#2244 = ORIENTED_EDGE ( 'NONE', *, *, #1622, .T. ) ;
#2245 = AXIS2_PLACEMENT_3D ( 'NONE', #729, #1234, #2965 ) ;
#2246 = CARTESIAN_POINT ( 'NONE',  ( -0.2900000000000064193, -1.799999999999997158, -3.109999999999999432 ) ) ;
#2247 = AXIS2_PLACEMENT_3D ( 'NONE', #1761, #1006, #248 ) ;
#2248 =( NAMED_UNIT ( * ) SI_UNIT ( $, .STERADIAN. ) SOLID_ANGLE_UNIT ( ) );
#2249 = VERTEX_POINT ( 'NONE', #1509 ) ;
#2250 = EDGE_CURVE ( 'NONE', #2094, #1566, #2275, .T. ) ;
#2251 = DIRECTION ( 'NONE',  ( -1.000000000000000000, 0.000000000000000000, 0.000000000000000000 ) ) ;
#2252 = ORIENTED_EDGE ( 'NONE', *, *, #1480, .T. ) ;
#2253 = SURFACE_STYLE_USAGE ( .BOTH. , #53 ) ;
#2254 = CARTESIAN_POINT ( 'NONE',  ( -13.08000000000000362, 1.500000000000000000, -14.60999999999999943 ) ) ;
#2255 = CARTESIAN_POINT ( 'NONE',  ( -2.740000000000003766, -1.794999999999997264, -6.110000000000000320 ) ) ;
#2256 = VERTEX_POINT ( 'NONE', #1699 ) ;
#2257 = ORIENTED_EDGE ( 'NONE', *, *, #1983, .T. ) ;
#2258 = CARTESIAN_POINT ( 'NONE',  ( -13.08000000000000362, 1.500000000000000000, 14.60999999999999943 ) ) ;
#2259 = SURFACE_STYLE_USAGE ( .BOTH. , #1017 ) ;
#2260 = EDGE_LOOP ( 'NONE', ( #361, #1410, #1733, #2385 ) ) ;
#2261 = SURFACE_STYLE_FILL_AREA ( #1058 ) ;
#2262 = SURFACE_SIDE_STYLE ('',( #550 ) ) ;
#2263 = ORIENTED_EDGE ( 'NONE', *, *, #3081, .T. ) ;
#2264 = COLOUR_RGB ( '',0.4039215686274509887, 0.3176470588235293935, 0.000000000000000000 ) ;
#2265 = CARTESIAN_POINT ( 'NONE',  ( -4.840000000000002522, -1.799999999999997380, -6.110000000000000320 ) ) ;
#2266 = EDGE_CURVE ( 'NONE', #1988, #2020, #2204, .T. ) ;
#2267 = UNCERTAINTY_MEASURE_WITH_UNIT (LENGTH_MEASURE( 1.000000000000000082E-05 ), #3050, 'distance_accuracy_value', 'NONE');
#2268 = LINE ( 'NONE', #581, #2808 ) ;
#2269 = DIRECTION ( 'NONE',  ( 0.000000000000000000, 0.000000000000000000, 1.000000000000000000 ) ) ;
#2270 = CARTESIAN_POINT ( 'NONE',  ( 0.7599999999999950129, -1.794999999999997042, -3.109999999999999432 ) ) ;
#2271 = EDGE_CURVE ( 'NONE', #1479, #445, #2732, .T. ) ;
#2272 = ORIENTED_EDGE ( 'NONE', *, *, #2095, .F. ) ;
#2273 = PRESENTATION_LAYER_ASSIGNMENT (  '', '', ( #1064 ) ) ;
#2274 = AXIS2_PLACEMENT_3D ( 'NONE', #74, #296, #345 ) ;
#2275 = CIRCLE ( 'NONE', #1719, 1.000000000000000000 ) ;
#2276 = STYLED_ITEM ( 'NONE', ( #2025 ), #1340 ) ;
#2277 = ORIENTED_EDGE ( 'NONE', *, *, #672, .T. ) ;
#2278 = CIRCLE ( 'NONE', #425, 0.8000000000000003775 ) ;
#2279 = PRESENTATION_STYLE_ASSIGNMENT (( #2060 ) ) ;
#2280 = AXIS2_PLACEMENT_3D ( 'NONE', #538, #1751, #1285 ) ;
#2281 = ORIENTED_EDGE ( 'NONE', *, *, #656, .T. ) ;
#2282 = LINE ( 'NONE', #1812, #2140 ) ;
#2283 = DIRECTION ( 'NONE',  ( 1.000000000000000000, 0.000000000000000000, 0.000000000000000000 ) ) ;
#2284 = ORIENTED_EDGE ( 'NONE', *, *, #941, .T. ) ;
#2285 = LINE ( 'NONE', #1027, #888 ) ;
#2286 = DIRECTION ( 'NONE',  ( -0.000000000000000000, -1.000000000000000000, 7.379191939847947013E-17 ) ) ;
#2287 =( NAMED_UNIT ( * ) PLANE_ANGLE_UNIT ( ) SI_UNIT ( $, .RADIAN. ) );
#2288 = DIRECTION ( 'NONE',  ( 0.000000000000000000, 1.000000000000000000, 0.000000000000000000 ) ) ;
#2289 = VERTEX_POINT ( 'NONE', #766 ) ;
#2290 = ADVANCED_FACE ( 'NONE', ( #2414 ), #242, .F. ) ;
#2291 = ORIENTED_EDGE ( 'NONE', *, *, #653, .F. ) ;
#2292 = CARTESIAN_POINT ( 'NONE',  ( -1.340000000000004299, -1.794999999999997042, -3.109999999999999432 ) ) ;
#2293 = COLOUR_RGB ( '',0.4039215686274509887, 0.3176470588235293935, 0.000000000000000000 ) ;
#2294 = MECHANICAL_DESIGN_GEOMETRIC_PRESENTATION_REPRESENTATION (  '', ( #1583 ), #1741 ) ;
#2295 = CARTESIAN_POINT ( 'NONE',  ( -5.190000000000003944, -1.799999999999997158, -3.109999999999999432 ) ) ;
#2296 = DIRECTION ( 'NONE',  ( 0.000000000000000000, -7.228014483236695816E-17, -1.000000000000000000 ) ) ;
#2297 = ORIENTED_EDGE ( 'NONE', *, *, #2181, .F. ) ;
#2298 = CARTESIAN_POINT ( 'NONE',  ( 1.109999999999993880, -1.794999999999997042, -3.109999999999999432 ) ) ;
#2299 = SURFACE_SIDE_STYLE ('',( #1335 ) ) ;
#2300 = CARTESIAN_POINT ( 'NONE',  ( -11.69999999999999574, 1.500000000000000000, -10.11999999999999744 ) ) ;
#2301 = LINE ( 'NONE', #2045, #956 ) ;
#2302 = ORIENTED_EDGE ( 'NONE', *, *, #2305, .T. ) ;
#2303 = ORIENTED_EDGE ( 'NONE', *, *, #2338, .F. ) ;
#2304 = VECTOR ( 'NONE', #1374, 1000.000000000000000 ) ;
#2305 = EDGE_CURVE ( 'NONE', #2973, #2020, #2137, .T. ) ;
#2306 = DIRECTION ( 'NONE',  ( -0.000000000000000000, -0.000000000000000000, 1.000000000000000000 ) ) ;
#2307 = CARTESIAN_POINT ( 'NONE',  ( 0.05999999999999495320, -1.799999999999997158, -3.109999999999999432 ) ) ;
#2308 = VERTEX_POINT ( 'NONE', #1191 ) ;
#2309 = MECHANICAL_DESIGN_GEOMETRIC_PRESENTATION_REPRESENTATION (  '', ( #2736 ), #362 ) ;
#2310 = CARTESIAN_POINT ( 'NONE',  ( -11.69999999999999574, 1.399999999999999911, -10.11999999999999744 ) ) ;
#2311 = EDGE_CURVE ( 'NONE', #430, #2076, #260, .T. ) ;
#2312 =( NAMED_UNIT ( * ) PLANE_ANGLE_UNIT ( ) SI_UNIT ( $, .RADIAN. ) );
#2313 = FACE_OUTER_BOUND ( 'NONE', #1954, .T. ) ;
#2314 = DIRECTION ( 'NONE',  ( -1.000000000000000000, 0.000000000000000000, 0.000000000000000000 ) ) ;
#2315 = DIRECTION ( 'NONE',  ( 0.000000000000000000, 1.000000000000000000, -7.379191939847947013E-17 ) ) ;
#2316 = ORIENTED_EDGE ( 'NONE', *, *, #656, .F. ) ;
#2317 = PLANE ( 'NONE',  #2593 ) ;
#2318 = PRESENTATION_LAYER_ASSIGNMENT (  '', '', ( #1357 ) ) ;
#2319 = ORIENTED_EDGE ( 'NONE', *, *, #523, .F. ) ;
#2320 = DIRECTION ( 'NONE',  ( 0.000000000000000000, 0.000000000000000000, -1.000000000000000000 ) ) ;
#2321 = VECTOR ( 'NONE', #1060, 1000.000000000000000 ) ;
#2322 = VECTOR ( 'NONE', #413, 1000.000000000000000 ) ;
#2323 = EDGE_CURVE ( 'NONE', #1575, #1749, #19, .T. ) ;
#2324 =( GEOMETRIC_REPRESENTATION_CONTEXT ( 3 ) GLOBAL_UNCERTAINTY_ASSIGNED_CONTEXT ( ( #317 ) ) GLOBAL_UNIT_ASSIGNED_CONTEXT ( ( #2439, #2170, #1487 ) ) REPRESENTATION_CONTEXT ( 'NONE', 'WORKASPACE' ) );
#2325 = PRESENTATION_LAYER_ASSIGNMENT (  '', '', ( #81 ) ) ;
#2326 = CARTESIAN_POINT ( 'NONE',  ( 0.4099999999999945910, -1.794999999999997264, -6.110000000000000320 ) ) ;
#2327 = FACE_BOUND ( 'NONE', #481, .T. ) ;
#2328 = ORIENTED_EDGE ( 'NONE', *, *, #874, .F. ) ;
#2329 = EDGE_CURVE ( 'NONE', #1921, #2622, #1243, .T. ) ;
#2330 = VECTOR ( 'NONE', #2843, 1000.000000000000000 ) ;
#2331 =( NAMED_UNIT ( * ) PLANE_ANGLE_UNIT ( ) SI_UNIT ( $, .RADIAN. ) );
#2332 = PRESENTATION_STYLE_ASSIGNMENT (( #373 ) ) ;
#2333 = SURFACE_SIDE_STYLE ('',( #1127 ) ) ;
#2334 = ORIENTED_EDGE ( 'NONE', *, *, #941, .F. ) ;
#2335 = CARTESIAN_POINT ( 'NONE',  ( -1.340000000000004299, -1.799999999999997380, -6.110000000000000320 ) ) ;
#2336 = ORIENTED_EDGE ( 'NONE', *, *, #896, .T. ) ;
#2337 = DIRECTION ( 'NONE',  ( 0.000000000000000000, 1.000000000000000000, -7.228014483236694583E-17 ) ) ;
#2338 = EDGE_CURVE ( 'NONE', #411, #395, #2157, .T. ) ;
#2339 =( GEOMETRIC_REPRESENTATION_CONTEXT ( 3 ) GLOBAL_UNCERTAINTY_ASSIGNED_CONTEXT ( ( #2386 ) ) GLOBAL_UNIT_ASSIGNED_CONTEXT ( ( #2786, #357, #1322 ) ) REPRESENTATION_CONTEXT ( 'NONE', 'WORKASPACE' ) );
#2340 = FILL_AREA_STYLE_COLOUR ( '', #128 ) ;
#2341 = EDGE_LOOP ( 'NONE', ( #118, #1390, #2735, #2796 ) ) ;
#2342 = VECTOR ( 'NONE', #3153, 1000.000000000000000 ) ;
#2343 = CARTESIAN_POINT ( 'NONE',  ( -0.9900000000000056533, -1.794999999999997042, -3.109999999999999432 ) ) ;
#2344 = EDGE_CURVE ( 'NONE', #3077, #1839, #1732, .T. ) ;
#2345 = AXIS2_PLACEMENT_3D ( 'NONE', #2187, #2337, #3143 ) ;
#2346 = DIRECTION ( 'NONE',  ( 0.000000000000000000, -7.379191939847947013E-17, -1.000000000000000000 ) ) ;
#2347 = SURFACE_STYLE_FILL_AREA ( #1108 ) ;
#2348 = FACE_OUTER_BOUND ( 'NONE', #2879, .T. ) ;
#2349 = FACE_OUTER_BOUND ( 'NONE', #3121, .T. ) ;
#2350 = ORIENTED_EDGE ( 'NONE', *, *, #1435, .T. ) ;
#2351 = FACE_OUTER_BOUND ( 'NONE', #187, .T. ) ;
#2352 = DIRECTION ( 'NONE',  ( -1.000000000000000000, 0.000000000000000000, 0.000000000000000000 ) ) ;
#2353 = PLANE ( 'NONE',  #2705 ) ;
#2354 = VERTEX_POINT ( 'NONE', #486 ) ;
#2355 = ORIENTED_EDGE ( 'NONE', *, *, #755, .T. ) ;
#2356 =( LENGTH_UNIT ( ) NAMED_UNIT ( * ) SI_UNIT ( .MILLI., .METRE. ) );
#2357 = PRESENTATION_LAYER_ASSIGNMENT (  '', '', ( #1815 ) ) ;
#2358 = EDGE_CURVE ( 'NONE', #359, #1982, #500, .T. ) ;
#2359 =( LENGTH_UNIT ( ) NAMED_UNIT ( * ) SI_UNIT ( .MILLI., .METRE. ) );
#2360 = UNCERTAINTY_MEASURE_WITH_UNIT (LENGTH_MEASURE( 1.000000000000000082E-05 ), #1145, 'distance_accuracy_value', 'NONE');
#2361 = ADVANCED_FACE ( 'NONE', ( #1008 ), #3138, .F. ) ;
#2362 =( NAMED_UNIT ( * ) PLANE_ANGLE_UNIT ( ) SI_UNIT ( $, .RADIAN. ) );
#2363 = ORIENTED_EDGE ( 'NONE', *, *, #1879, .T. ) ;
#2364 = VECTOR ( 'NONE', #2144, 1000.000000000000000 ) ;
#2365 = VECTOR ( 'NONE', #1754, 1000.000000000000000 ) ;
#2366 = MECHANICAL_DESIGN_GEOMETRIC_PRESENTATION_REPRESENTATION (  '', ( #2748 ), #2803 ) ;
#2367 = VECTOR ( 'NONE', #119, 1000.000000000000000 ) ;
#2368 = FACE_OUTER_BOUND ( 'NONE', #772, .T. ) ;
#2369 = FILL_AREA_STYLE_COLOUR ( '', #3157 ) ;
#2370 = VERTEX_POINT ( 'NONE', #1492 ) ;
#2371 = AXIS2_PLACEMENT_3D ( 'NONE', #77, #1769, #1788 ) ;
#2372 = ORIENTED_EDGE ( 'NONE', *, *, #1214, .F. ) ;
#2373 = LINE ( 'NONE', #2124, #2892 ) ;
#2374 = STYLED_ITEM ( 'NONE', ( #1418 ), #1941 ) ;
#2375 = DIRECTION ( 'NONE',  ( -0.000000000000000000, 0.000000000000000000, 1.000000000000000000 ) ) ;
#2376 = VECTOR ( 'NONE', #2286, 1000.000000000000000 ) ;
#2377 = FILL_AREA_STYLE_COLOUR ( '', #1367 ) ;
#2378 = CARTESIAN_POINT ( 'NONE',  ( -8.620000000000002771, -1.799999999999997380, -5.110000000000000320 ) ) ;
#2379 = FILL_AREA_STYLE ('',( #2617 ) ) ;
#2380 = VERTEX_POINT ( 'NONE', #2199 ) ;
#2381 = EDGE_CURVE ( 'NONE', #1814, #2037, #4, .T. ) ;
#2382 = VECTOR ( 'NONE', #2525, 1000.000000000000000 ) ;
#2383 = FILL_AREA_STYLE_COLOUR ( '', #1595 ) ;
#2384 = SURFACE_STYLE_FILL_AREA ( #682 ) ;
#2385 = ORIENTED_EDGE ( 'NONE', *, *, #2891, .F. ) ;
#2386 = UNCERTAINTY_MEASURE_WITH_UNIT (LENGTH_MEASURE( 1.000000000000000082E-05 ), #2786, 'distance_accuracy_value', 'NONE');
#2387 = STYLED_ITEM ( 'NONE', ( #1113 ), #3085 ) ;
#2388 = ORIENTED_EDGE ( 'NONE', *, *, #54, .F. ) ;
#2389 = CARTESIAN_POINT ( 'NONE',  ( -4.490000000000004654, -1.794999999999997042, -3.109999999999999432 ) ) ;
#2390 =( GEOMETRIC_REPRESENTATION_CONTEXT ( 3 ) GLOBAL_UNCERTAINTY_ASSIGNED_CONTEXT ( ( #1907 ) ) GLOBAL_UNIT_ASSIGNED_CONTEXT ( ( #539, #2080, #347 ) ) REPRESENTATION_CONTEXT ( 'NONE', 'WORKASPACE' ) );
#2391 = SURFACE_SIDE_STYLE ('',( #1424 ) ) ;
#2392 = CARTESIAN_POINT ( 'NONE',  ( -13.08000000000000362, 1.500000000000000000, 14.60999999999999943 ) ) ;
#2393 = ORIENTED_EDGE ( 'NONE', *, *, #1626, .F. ) ;
#2394 = CARTESIAN_POINT ( 'NONE',  ( 2.779999999999997584, -1.799999999999997602, -4.110000000000001208 ) ) ;
#2395 = VECTOR ( 'NONE', #1547, 1000.000000000000000 ) ;
#2396 = LINE ( 'NONE', #2438, #622 ) ;
#2397 = CARTESIAN_POINT ( 'NONE',  ( 11.70000000000000284, 1.500000000000000000, 13.27999999999999936 ) ) ;
#2398 = ORIENTED_EDGE ( 'NONE', *, *, #2475, .T. ) ;
#2399 = FACE_OUTER_BOUND ( 'NONE', #1061, .T. ) ;
#2400 =( LENGTH_UNIT ( ) NAMED_UNIT ( * ) SI_UNIT ( .MILLI., .METRE. ) );
#2401 = EDGE_CURVE ( 'NONE', #949, #1538, #1141, .T. ) ;
#2402 =( NAMED_UNIT ( * ) PLANE_ANGLE_UNIT ( ) SI_UNIT ( $, .RADIAN. ) );
#2403 = ORIENTED_EDGE ( 'NONE', *, *, #80, .T. ) ;
#2404 = VERTEX_POINT ( 'NONE', #234 ) ;
#2405 = EDGE_CURVE ( 'NONE', #1034, #1448, #2407, .T. ) ;
#2406 =( LENGTH_UNIT ( ) NAMED_UNIT ( * ) SI_UNIT ( .MILLI., .METRE. ) );
#2407 = LINE ( 'NONE', #1441, #2587 ) ;
#2408 = VERTEX_POINT ( 'NONE', #3181 ) ;
#2409 = LINE ( 'NONE', #278, #2556 ) ;
#2410 = EDGE_CURVE ( 'NONE', #768, #2527, #971, .T. ) ;
#2411 = CARTESIAN_POINT ( 'NONE',  ( -2.390000000000005009, -1.799999999999997158, -3.109999999999999432 ) ) ;
#2412 = UNCERTAINTY_MEASURE_WITH_UNIT (LENGTH_MEASURE( 1.000000000000000082E-05 ), #176, 'distance_accuracy_value', 'NONE');
#2413 = SURFACE_STYLE_FILL_AREA ( #384 ) ;
#2414 = FACE_OUTER_BOUND ( 'NONE', #2561, .T. ) ;
#2415 = VECTOR ( 'NONE', #557, 1000.000000000000000 ) ;
#2416 =( NAMED_UNIT ( * ) PLANE_ANGLE_UNIT ( ) SI_UNIT ( $, .RADIAN. ) );
#2417 = DIRECTION ( 'NONE',  ( -0.000000000000000000, -1.000000000000000000, -0.000000000000000000 ) ) ;
#2418 = ORIENTED_EDGE ( 'NONE', *, *, #502, .F. ) ;
#2419 = LINE ( 'NONE', #2458, #16 ) ;
#2420 = CARTESIAN_POINT ( 'NONE',  ( 25.99001538693280366, -1.600000000000000089, -14.86415607913129477 ) ) ;
#2421 = CARTESIAN_POINT ( 'NONE',  ( -5.890000000000003233, -1.794999999999997042, -3.109999999999999432 ) ) ;
#2422 = ORIENTED_EDGE ( 'NONE', *, *, #2520, .T. ) ;
#2423 =( GEOMETRIC_REPRESENTATION_CONTEXT ( 3 ) GLOBAL_UNCERTAINTY_ASSIGNED_CONTEXT ( ( #2767 ) ) GLOBAL_UNIT_ASSIGNED_CONTEXT ( ( #868, #2331, #1903 ) ) REPRESENTATION_CONTEXT ( 'NONE', 'WORKASPACE' ) );
#2424 = DIRECTION ( 'NONE',  ( -1.000000000000000000, -0.000000000000000000, -0.000000000000000000 ) ) ;
#2425 = ADVANCED_FACE ( 'NONE', ( #2960 ), #1316, .F. ) ;
#2426 = PLANE ( 'NONE',  #1989 ) ;
#2427 = DIRECTION ( 'NONE',  ( 0.000000000000000000, -7.379191939847947013E-17, -1.000000000000000000 ) ) ;
#2428 = DIRECTION ( 'NONE',  ( -0.000000000000000000, -1.000000000000000000, 7.379191939847947013E-17 ) ) ;
#2429 = EDGE_LOOP ( 'NONE', ( #67, #2153, #1558, #2701 ) ) ;
#2430 = VECTOR ( 'NONE', #1800, 1000.000000000000000 ) ;
#2431 = VECTOR ( 'NONE', #2989, 1000.000000000000000 ) ;
#2432 = DIRECTION ( 'NONE',  ( -0.000000000000000000, -1.000000000000000000, 7.379191939847947013E-17 ) ) ;
#2433 = CARTESIAN_POINT ( 'NONE',  ( -2.040000000000003588, -1.794999999999997264, -6.110000000000000320 ) ) ;
#2434 = DIRECTION ( 'NONE',  ( -1.000000000000000000, 0.000000000000000000, 0.000000000000000000 ) ) ;
#2435 =( NAMED_UNIT ( * ) PLANE_ANGLE_UNIT ( ) SI_UNIT ( $, .RADIAN. ) );
#2436 = VECTOR ( 'NONE', #2168, 1000.000000000000000 ) ;
#2437 = AXIS2_PLACEMENT_3D ( 'NONE', #2500, #2726, #3023 ) ;
#2438 = CARTESIAN_POINT ( 'NONE',  ( 25.99001538693280366, -1.599999999999997202, -3.109999999999999876 ) ) ;
#2439 =( LENGTH_UNIT ( ) NAMED_UNIT ( * ) SI_UNIT ( .MILLI., .METRE. ) );
#2440 = CARTESIAN_POINT ( 'NONE',  ( 2.779999999999995808, 1.500000000000000000, 14.60999999999999943 ) ) ;
#2441 = EDGE_CURVE ( 'NONE', #2037, #2058, #512, .T. ) ;
#2442 = FILL_AREA_STYLE_COLOUR ( '', #570 ) ;
#2443 =( NAMED_UNIT ( * ) PLANE_ANGLE_UNIT ( ) SI_UNIT ( $, .RADIAN. ) );
#2444 = ORIENTED_EDGE ( 'NONE', *, *, #3188, .F. ) ;
#2445 = FACE_OUTER_BOUND ( 'NONE', #573, .T. ) ;
#2446 = DIRECTION ( 'NONE',  ( 0.000000000000000000, 7.228014483236695816E-17, 1.000000000000000000 ) ) ;
#2447 =( LENGTH_UNIT ( ) NAMED_UNIT ( * ) SI_UNIT ( .MILLI., .METRE. ) );
#2448 = ORIENTED_EDGE ( 'NONE', *, *, #100, .T. ) ;
#2449 = LINE ( 'NONE', #955, #1161 ) ;
#2450 = EDGE_CURVE ( 'NONE', #1342, #1552, #2233, .T. ) ;
#2451 = DIRECTION ( 'NONE',  ( -0.000000000000000000, -1.000000000000000000, 7.379191939847947013E-17 ) ) ;
#2452 = MECHANICAL_DESIGN_GEOMETRIC_PRESENTATION_REPRESENTATION (  '', ( #2822 ), #1077 ) ;
#2453 = DIRECTION ( 'NONE',  ( 0.000000000000000000, -7.228014483236695816E-17, -1.000000000000000000 ) ) ;
#2454 = CARTESIAN_POINT ( 'NONE',  ( 0.7599999999999950129, -1.794999999999997042, -3.109999999999999432 ) ) ;
#2455 = LINE ( 'NONE', #2471, #3013 ) ;
#2456 = LINE ( 'NONE', #977, #3148 ) ;
#2457 = EDGE_LOOP ( 'NONE', ( #1016, #2926, #1136, #1129 ) ) ;
#2458 = CARTESIAN_POINT ( 'NONE',  ( -0.2900000000000064193, -1.799999999999997158, -3.109999999999999432 ) ) ;
#2459 =( LENGTH_UNIT ( ) NAMED_UNIT ( * ) SI_UNIT ( .MILLI., .METRE. ) );
#2460 = FILL_AREA_STYLE ('',( #2442 ) ) ;
#2461 = EDGE_LOOP ( 'NONE', ( #1791, #1290, #1025, #106 ) ) ;
#2462 = LINE ( 'NONE', #1746, #964 ) ;
#2463 =( LENGTH_UNIT ( ) NAMED_UNIT ( * ) SI_UNIT ( .MILLI., .METRE. ) );
#2464 = DIRECTION ( 'NONE',  ( 1.000000000000000000, 0.000000000000000000, 0.000000000000000000 ) ) ;
#2465 = ORIENTED_EDGE ( 'NONE', *, *, #1863, .F. ) ;
#2466 = DIRECTION ( 'NONE',  ( -2.891205793294678326E-16, 7.228014483236695816E-17, 1.000000000000000000 ) ) ;
#2467 = DIRECTION ( 'NONE',  ( -1.000000000000000000, 0.000000000000000000, 0.000000000000000000 ) ) ;
#2468 = DIRECTION ( 'NONE',  ( 1.000000000000000000, 0.000000000000000000, 0.000000000000000000 ) ) ;
#2469 = EDGE_CURVE ( 'NONE', #1360, #3162, #1551, .T. ) ;
#2470 = FACE_OUTER_BOUND ( 'NONE', #2014, .T. ) ;
#2471 = CARTESIAN_POINT ( 'NONE',  ( 1.109999999999994769, -1.794999999999997264, -6.110000000000000320 ) ) ;
#2472 = EDGE_CURVE ( 'NONE', #1415, #2133, #1996, .T. ) ;
#2473 =( GEOMETRIC_REPRESENTATION_CONTEXT ( 3 ) GLOBAL_UNCERTAINTY_ASSIGNED_CONTEXT ( ( #2267 ) ) GLOBAL_UNIT_ASSIGNED_CONTEXT ( ( #3050, #132, #2835 ) ) REPRESENTATION_CONTEXT ( 'NONE', 'WORKASPACE' ) );
#2474 = VERTEX_POINT ( 'NONE', #1565 ) ;
#2475 = EDGE_CURVE ( 'NONE', #1360, #2133, #2782, .T. ) ;
#2476 = VECTOR ( 'NONE', #1805, 1000.000000000000000 ) ;
#2477 = FACE_OUTER_BOUND ( 'NONE', #2918, .T. ) ;
#2478 =( NAMED_UNIT ( * ) PLANE_ANGLE_UNIT ( ) SI_UNIT ( $, .RADIAN. ) );
#2479 = FACE_OUTER_BOUND ( 'NONE', #2628, .T. ) ;
#2480 =( NAMED_UNIT ( * ) PLANE_ANGLE_UNIT ( ) SI_UNIT ( $, .RADIAN. ) );
#2481 = CARTESIAN_POINT ( 'NONE',  ( -11.69999999999999574, 1.500000000000000000, -10.11999999999999744 ) ) ;
#2482 = CARTESIAN_POINT ( 'NONE',  ( -1.340000000000004299, -1.799999999999997158, -3.109999999999999432 ) ) ;
#2483 = ORIENTED_EDGE ( 'NONE', *, *, #519, .T. ) ;
#2484 = CARTESIAN_POINT ( 'NONE',  ( -13.08000000000000362, 0.000000000000000000, -14.86415607913129477 ) ) ;
#2485 = DIRECTION ( 'NONE',  ( -5.782411586589356653E-16, 7.228014483236695816E-17, 1.000000000000000000 ) ) ;
#2486 = STYLED_ITEM ( 'NONE', ( #1087 ), #2425 ) ;
#2487 = CARTESIAN_POINT ( 'NONE',  ( 25.99001538693280366, -1.599999999999997202, -3.109999999999999876 ) ) ;
#2488 = FILL_AREA_STYLE ('',( #286 ) ) ;
#2489 = DIRECTION ( 'NONE',  ( 0.000000000000000000, -1.000000000000000000, 0.000000000000000000 ) ) ;
#2490 =( GEOMETRIC_REPRESENTATION_CONTEXT ( 3 ) GLOBAL_UNCERTAINTY_ASSIGNED_CONTEXT ( ( #451 ) ) GLOBAL_UNIT_ASSIGNED_CONTEXT ( ( #1947, #2136, #706 ) ) REPRESENTATION_CONTEXT ( 'NONE', 'WORKASPACE' ) );
#2491 = FILL_AREA_STYLE ('',( #846 ) ) ;
#2492 = ORIENTED_EDGE ( 'NONE', *, *, #99, .F. ) ;
#2493 = VECTOR ( 'NONE', #2875, 1000.000000000000000 ) ;
#2494 = MECHANICAL_DESIGN_GEOMETRIC_PRESENTATION_REPRESENTATION (  '', ( #130 ), #1918 ) ;
#2495 = VECTOR ( 'NONE', #1321, 1000.000000000000000 ) ;
#2496 = DIRECTION ( 'NONE',  ( 1.000000000000000000, 0.000000000000000000, 0.000000000000000000 ) ) ;
#2497 = EDGE_CURVE ( 'NONE', #30, #1772, #2764, .T. ) ;
#2498 = SURFACE_STYLE_USAGE ( .BOTH. , #824 ) ;
#2499 =( LENGTH_UNIT ( ) NAMED_UNIT ( * ) SI_UNIT ( .MILLI., .METRE. ) );
#2500 = CARTESIAN_POINT ( 'NONE',  ( -4.140000000000003233, -1.794999999999997264, -6.110000000000000320 ) ) ;
#2501 = PRESENTATION_STYLE_ASSIGNMENT (( #1730 ) ) ;
#2502 = DIRECTION ( 'NONE',  ( -0.000000000000000000, 1.000000000000000000, -7.379191939847947013E-17 ) ) ;
#2503 = CARTESIAN_POINT ( 'NONE',  ( 25.99001538693280366, -1.799999999999997380, -3.109999999999999876 ) ) ;
#2504 = ORIENTED_EDGE ( 'NONE', *, *, #2441, .F. ) ;
#2505 = UNCERTAINTY_MEASURE_WITH_UNIT (LENGTH_MEASURE( 1.000000000000000082E-05 ), #135, 'distance_accuracy_value', 'NONE');
#2506 = UNCERTAINTY_MEASURE_WITH_UNIT (LENGTH_MEASURE( 1.000000000000000082E-05 ), #3183, 'distance_accuracy_value', 'NONE');
#2507 = DIRECTION ( 'NONE',  ( 1.000000000000000000, 0.000000000000000000, 0.000000000000000000 ) ) ;
#2508 = CARTESIAN_POINT ( 'NONE',  ( -5.540000000000002700, -1.794999999999997042, -3.109999999999999432 ) ) ;
#2509 = COLOUR_RGB ( '',0.4039215686274509887, 0.3176470588235293935, 0.000000000000000000 ) ;
#2510 = SURFACE_SIDE_STYLE ('',( #3030 ) ) ;
#2511 = ORIENTED_EDGE ( 'NONE', *, *, #3001, .F. ) ;
#2512 = STYLED_ITEM ( 'NONE', ( #3137 ), #2776 ) ;
#2513 = MECHANICAL_DESIGN_GEOMETRIC_PRESENTATION_REPRESENTATION (  '', ( #1278 ), #194 ) ;
#2514 =( NAMED_UNIT ( * ) SI_UNIT ( $, .STERADIAN. ) SOLID_ANGLE_UNIT ( ) );
#2515 = ORIENTED_EDGE ( 'NONE', *, *, #41, .F. ) ;
#2516 = EDGE_CURVE ( 'NONE', #179, #395, #2010, .T. ) ;
#2517 = EDGE_CURVE ( 'NONE', #2308, #2728, #827, .T. ) ;
#2518 = CARTESIAN_POINT ( 'NONE',  ( 2.779999999999995808, -1.799999999999997380, -4.110000000000001208 ) ) ;
#2519 = ORIENTED_EDGE ( 'NONE', *, *, #270, .F. ) ;
#2520 = EDGE_CURVE ( 'NONE', #257, #1764, #293, .T. ) ;
#2521 = CARTESIAN_POINT ( 'NONE',  ( -8.620000000000002771, -1.799999999999997158, -3.109999999999999432 ) ) ;
#2522 = DIRECTION ( 'NONE',  ( -0.000000000000000000, -1.000000000000000000, 7.379191939847947013E-17 ) ) ;
#2523 = DIRECTION ( 'NONE',  ( 0.000000000000000000, 0.000000000000000000, 1.000000000000000000 ) ) ;
#2524 = CARTESIAN_POINT ( 'NONE',  ( -6.940000000000001279, -1.794999999999997264, -6.110000000000000320 ) ) ;
#2525 = DIRECTION ( 'NONE',  ( 0.000000000000000000, -1.000000000000000000, 7.379191939847947013E-17 ) ) ;
#2526 = ORIENTED_EDGE ( 'NONE', *, *, #2165, .F. ) ;
#2527 = VERTEX_POINT ( 'NONE', #2795 ) ;
#2528 = MECHANICAL_DESIGN_GEOMETRIC_PRESENTATION_REPRESENTATION (  '', ( #460 ), #2473 ) ;
#2529 = LINE ( 'NONE', #323, #2078 ) ;
#2530 = CARTESIAN_POINT ( 'NONE',  ( -4.490000000000004654, -1.794999999999997042, -3.109999999999999432 ) ) ;
#2531 = CARTESIAN_POINT ( 'NONE',  ( -2.740000000000003766, -1.794999999999997264, -6.110000000000000320 ) ) ;
#2532 = DIRECTION ( 'NONE',  ( -5.782411586589356653E-16, 7.228014483236695816E-17, 1.000000000000000000 ) ) ;
#2533 = EDGE_LOOP ( 'NONE', ( #1486, #577, #86, #341 ) ) ;
#2534 = AXIS2_PLACEMENT_3D ( 'NONE', #596, #1369, #1897 ) ;
#2535 = EDGE_CURVE ( 'NONE', #177, #2026, #796, .T. ) ;
#2536 = LINE ( 'NONE', #3042, #2224 ) ;
#2537 = SURFACE_SIDE_STYLE ('',( #94 ) ) ;
#2538 = SURFACE_STYLE_USAGE ( .BOTH. , #1032 ) ;
#2539 =( NAMED_UNIT ( * ) PLANE_ANGLE_UNIT ( ) SI_UNIT ( $, .RADIAN. ) );
#2540 = ORIENTED_EDGE ( 'NONE', *, *, #2832, .F. ) ;
#2541 = VECTOR ( 'NONE', #2428, 1000.000000000000000 ) ;
#2542 = MECHANICAL_DESIGN_GEOMETRIC_PRESENTATION_REPRESENTATION (  '', ( #1195 ), #3056 ) ;
#2543 = VECTOR ( 'NONE', #697, 1000.000000000000000 ) ;
#2544 = MECHANICAL_DESIGN_GEOMETRIC_PRESENTATION_REPRESENTATION (  '', ( #1361 ), #1563 ) ;
#2545 = PRESENTATION_LAYER_ASSIGNMENT (  '', '', ( #2276 ) ) ;
#2546 =( GEOMETRIC_REPRESENTATION_CONTEXT ( 3 ) GLOBAL_UNCERTAINTY_ASSIGNED_CONTEXT ( ( #2946 ) ) GLOBAL_UNIT_ASSIGNED_CONTEXT ( ( #473, #2747, #1985 ) ) REPRESENTATION_CONTEXT ( 'NONE', 'WORKASPACE' ) );
#2547 = ORIENTED_EDGE ( 'NONE', *, *, #1793, .F. ) ;
#2548 = MECHANICAL_DESIGN_GEOMETRIC_PRESENTATION_REPRESENTATION (  '', ( #81 ), #1778 ) ;
#2549 = DIRECTION ( 'NONE',  ( 1.000000000000000000, 0.000000000000000000, 0.000000000000000000 ) ) ;
#2550 = VECTOR ( 'NONE', #371, 1000.000000000000000 ) ;
#2551 = SURFACE_STYLE_USAGE ( .BOTH. , #1101 ) ;
#2552 = ORIENTED_EDGE ( 'NONE', *, *, #2266, .F. ) ;
#2553 = CARTESIAN_POINT ( 'NONE',  ( -7.620000000000001883, -1.599999999999997202, -3.109999999999999876 ) ) ;
#2554 = FILL_AREA_STYLE_COLOUR ( '', #390 ) ;
#2555 = EDGE_LOOP ( 'NONE', ( #1674, #3090, #2444, #677 ) ) ;
#2556 = VECTOR ( 'NONE', #2432, 1000.000000000000000 ) ;
#2557 = EDGE_LOOP ( 'NONE', ( #1559, #352, #2540, #1438, #2890, #611 ) ) ;
#2558 = DIRECTION ( 'NONE',  ( 1.000000000000000000, 0.000000000000000000, 0.000000000000000000 ) ) ;
#2559 = EDGE_CURVE ( 'NONE', #1893, #776, #71, .T. ) ;
#2560 = DIRECTION ( 'NONE',  ( 1.000000000000000000, 2.133476248632177812E-32, 2.891205793294678326E-16 ) ) ;
#2561 = EDGE_LOOP ( 'NONE', ( #3177, #216, #2064, #2882 ) ) ;
#2562 = DIRECTION ( 'NONE',  ( 0.000000000000000000, 0.000000000000000000, 1.000000000000000000 ) ) ;
#2563 = CARTESIAN_POINT ( 'NONE',  ( 1.109999999999993880, -1.799999999999997158, -3.109999999999999432 ) ) ;
#2564 = SURFACE_STYLE_USAGE ( .BOTH. , #2537 ) ;
#2565 = FILL_AREA_STYLE ('',( #1643 ) ) ;
#2566 = ORIENTED_EDGE ( 'NONE', *, *, #2223, .T. ) ;
#2567 = EDGE_CURVE ( 'NONE', #2289, #455, #2040, .T. ) ;
#2568 = ADVANCED_FACE ( 'NONE', ( #576 ), #1752, .T. ) ;
#2569 = VERTEX_POINT ( 'NONE', #265 ) ;
#2570 = VECTOR ( 'NONE', #3075, 1000.000000000000000 ) ;
#2571 = LINE ( 'NONE', #1121, #2304 ) ;
#2572 = DIRECTION ( 'NONE',  ( 0.000000000000000000, -1.000000000000000000, 0.000000000000000000 ) ) ;
#2573 = ORIENTED_EDGE ( 'NONE', *, *, #2469, .T. ) ;
#2574 = AXIS2_PLACEMENT_3D ( 'NONE', #3016, #2771, #1753 ) ;
#2575 = FILL_AREA_STYLE_COLOUR ( '', #1143 ) ;
#2576 = SURFACE_STYLE_FILL_AREA ( #138 ) ;
#2577 = SURFACE_SIDE_STYLE ('',( #2347 ) ) ;
#2578 = PRESENTATION_LAYER_ASSIGNMENT (  '', '', ( #2097 ) ) ;
#2579 = DIRECTION ( 'NONE',  ( 0.000000000000000000, -7.379191939847947013E-17, -1.000000000000000000 ) ) ;
#2580 = ORIENTED_EDGE ( 'NONE', *, *, #2652, .T. ) ;
#2581 = PRESENTATION_STYLE_ASSIGNMENT (( #1293 ) ) ;
#2582 = VECTOR ( 'NONE', #1385, 1000.000000000000000 ) ;
#2583 =( GEOMETRIC_REPRESENTATION_CONTEXT ( 3 ) GLOBAL_UNCERTAINTY_ASSIGNED_CONTEXT ( ( #2685 ) ) GLOBAL_UNIT_ASSIGNED_CONTEXT ( ( #2356, #1909, #2902 ) ) REPRESENTATION_CONTEXT ( 'NONE', 'WORKASPACE' ) );
#2584 = MECHANICAL_DESIGN_GEOMETRIC_PRESENTATION_REPRESENTATION (  '', ( #1463 ), #2423 ) ;
#2585 = ORIENTED_EDGE ( 'NONE', *, *, #1568, .T. ) ;
#2586 = PLANE ( 'NONE',  #1328 ) ;
#2587 = VECTOR ( 'NONE', #215, 1000.000000000000000 ) ;
#2588 = VECTOR ( 'NONE', #2502, 1000.000000000000000 ) ;
#2589 = EDGE_CURVE ( 'NONE', #1208, #177, #1717, .T. ) ;
#2590 = VECTOR ( 'NONE', #133, 1000.000000000000000 ) ;
#2591 = VECTOR ( 'NONE', #2115, 1000.000000000000000 ) ;
#2592 = VERTEX_POINT ( 'NONE', #504 ) ;
#2593 = AXIS2_PLACEMENT_3D ( 'NONE', #1037, #613, #790 ) ;
#2594 = DIRECTION ( 'NONE',  ( 2.891205793294678326E-16, 0.000000000000000000, -1.000000000000000000 ) ) ;
#2595 =( NAMED_UNIT ( * ) SI_UNIT ( $, .STERADIAN. ) SOLID_ANGLE_UNIT ( ) );
#2596 = CARTESIAN_POINT ( 'NONE',  ( -6.240000000000002878, -1.794999999999997264, -6.110000000000000320 ) ) ;
#2597 = LINE ( 'NONE', #2057, #617 ) ;
#2598 = CARTESIAN_POINT ( 'NONE',  ( -1.340000000000004299, -1.799999999999997380, -6.110000000000000320 ) ) ;
#2599 = ORIENTED_EDGE ( 'NONE', *, *, #1393, .F. ) ;
#2600 = VECTOR ( 'NONE', #716, 1000.000000000000000 ) ;
#2601 = PRESENTATION_STYLE_ASSIGNMENT (( #917 ) ) ;
#2602 = VERTEX_POINT ( 'NONE', #2707 ) ;
#2603 = SURFACE_STYLE_USAGE ( .BOTH. , #470 ) ;
#2604 = PRODUCT_DEFINITION_FORMATION_WITH_SPECIFIED_SOURCE ( 'ä»', '', #139, .NOT_KNOWN. ) ;
#2605 = SURFACE_STYLE_FILL_AREA ( #650 ) ;
#2606 = DIRECTION ( 'NONE',  ( 0.000000000000000000, -0.000000000000000000, -1.000000000000000000 ) ) ;
#2607 = ORIENTED_EDGE ( 'NONE', *, *, #2271, .F. ) ;
#2608 = EDGE_CURVE ( 'NONE', #1814, #873, #1495, .T. ) ;
#2609 = COLOUR_RGB ( '',1.000000000000000000, 1.000000000000000000, 1.000000000000000000 ) ;
#2610 = ORIENTED_EDGE ( 'NONE', *, *, #2849, .F. ) ;
#2611 = ADVANCED_FACE ( 'NONE', ( #23 ), #1484, .T. ) ;
#2612 = FILL_AREA_STYLE_COLOUR ( '', #15 ) ;
#2613 = FACE_OUTER_BOUND ( 'NONE', #1598, .T. ) ;
#2614 = LINE ( 'NONE', #2840, #2884 ) ;
#2615 = FACE_OUTER_BOUND ( 'NONE', #2098, .T. ) ;
#2616 = CARTESIAN_POINT ( 'NONE',  ( 0.05999999999999495320, -1.799999999999997380, -6.110000000000000320 ) ) ;
#2617 = FILL_AREA_STYLE_COLOUR ( '', #84 ) ;
#2618 = ORIENTED_EDGE ( 'NONE', *, *, #1171, .T. ) ;
#2619 = CARTESIAN_POINT ( 'NONE',  ( -0.2900000000000055311, -1.794999999999997264, -6.110000000000000320 ) ) ;
#2620 = ORIENTED_EDGE ( 'NONE', *, *, #3049, .F. ) ;
#2621 = UNCERTAINTY_MEASURE_WITH_UNIT (LENGTH_MEASURE( 1.000000000000000082E-05 ), #1405, 'distance_accuracy_value', 'NONE');
#2622 = VERTEX_POINT ( 'NONE', #319 ) ;
#2623 = PRESENTATION_LAYER_ASSIGNMENT (  '', '', ( #2092 ) ) ;
#2624 = PRESENTATION_STYLE_ASSIGNMENT (( #1883 ) ) ;
#2625 =( NAMED_UNIT ( * ) PLANE_ANGLE_UNIT ( ) SI_UNIT ( $, .RADIAN. ) );
#2626 = EDGE_CURVE ( 'NONE', #411, #2789, #284, .T. ) ;
#2627 = FILL_AREA_STYLE ('',( #155 ) ) ;
#2628 = EDGE_LOOP ( 'NONE', ( #2887, #3125, #230, #3025 ) ) ;
#2629 = UNCERTAINTY_MEASURE_WITH_UNIT (LENGTH_MEASURE( 1.000000000000000082E-05 ), #2753, 'distance_accuracy_value', 'NONE');
#2630 = CARTESIAN_POINT ( 'NONE',  ( -6.940000000000001279, -1.799999999999997158, -3.109999999999999432 ) ) ;
#2631 = STYLED_ITEM ( 'NONE', ( #1174 ), #934 ) ;
#2632 = CARTESIAN_POINT ( 'NONE',  ( -1.690000000000004832, -1.794999999999997042, -3.109999999999999432 ) ) ;
#2633 = ORIENTED_EDGE ( 'NONE', *, *, #1848, .T. ) ;
#2634 = PRESENTATION_LAYER_ASSIGNMENT (  '', '', ( #333 ) ) ;
#2635 = PRESENTATION_LAYER_ASSIGNMENT (  '', '', ( #530 ) ) ;
#2636 = DIRECTION ( 'NONE',  ( 0.000000000000000000, -2.168404344971010840E-16, -1.000000000000000000 ) ) ;
#2637 = CARTESIAN_POINT ( 'NONE',  ( 1.109999999999993880, -1.794999999999997042, -3.109999999999999432 ) ) ;
#2638 = ORIENTED_EDGE ( 'NONE', *, *, #2189, .T. ) ;
#2639 = AXIS2_PLACEMENT_3D ( 'NONE', #2924, #723, #915 ) ;
#2640 = EDGE_CURVE ( 'NONE', #2354, #2622, #299, .T. ) ;
#2641 = ORIENTED_EDGE ( 'NONE', *, *, #1099, .T. ) ;
#2642 = CARTESIAN_POINT ( 'NONE',  ( -0.2900000000000064193, -1.794999999999997042, -3.109999999999999432 ) ) ;
#2644 = PRESENTATION_LAYER_ASSIGNMENT (  '', '', ( #229 ) ) ;
#2643 = CARTESIAN_POINT ( 'NONE',  ( 0.000000000000000000, -1.794999999999996820, 1.297353011012679153E-16 ) ) ;
#2645 = FILL_AREA_STYLE ('',( #1190 ) ) ;
#2646 = ORIENTED_EDGE ( 'NONE', *, *, #1879, .F. ) ;
#2647 = PRESENTATION_LAYER_ASSIGNMENT (  '', '', ( #1414 ) ) ;
#2648 = CARTESIAN_POINT ( 'NONE',  ( -7.620000000000001883, -1.799999999999997380, -3.109999999999999876 ) ) ;
#2649 = SURFACE_STYLE_FILL_AREA ( #157 ) ;
#2650 =( NAMED_UNIT ( * ) SI_UNIT ( $, .STERADIAN. ) SOLID_ANGLE_UNIT ( ) );
#2651 = ORIENTED_EDGE ( 'NONE', *, *, #2358, .F. ) ;
#2652 = EDGE_CURVE ( 'NONE', #1924, #64, #441, .T. ) ;
#2653 = FILL_AREA_STYLE ('',( #2575 ) ) ;
#2654 = PRESENTATION_STYLE_ASSIGNMENT (( #397 ) ) ;
#2655 = ADVANCED_FACE ( 'NONE', ( #520 ), #1968, .F. ) ;
#2656 = VERTEX_POINT ( 'NONE', #2240 ) ;
#2657 = ORIENTED_EDGE ( 'NONE', *, *, #350, .F. ) ;
#2658 = CARTESIAN_POINT ( 'NONE',  ( -0.6400000000000051203, -1.794999999999997042, -3.109999999999999432 ) ) ;
#2659 = LINE ( 'NONE', #2676, #394 ) ;
#2660 = STYLED_ITEM ( 'NONE', ( #870 ), #2689 ) ;
#2661 = FACE_OUTER_BOUND ( 'NONE', #615, .T. ) ;
#2662 = DIRECTION ( 'NONE',  ( 0.000000000000000000, -1.000000000000000000, 1.475838387969588910E-16 ) ) ;
#2663 = ORIENTED_EDGE ( 'NONE', *, *, #2951, .T. ) ;
#2664 = CYLINDRICAL_SURFACE ( 'NONE', #1760, 1.000000000000000000 ) ;
#2665 = COLOUR_RGB ( '',1.000000000000000000, 0.8901960784313724950, 0.000000000000000000 ) ;
#2666 = SURFACE_SIDE_STYLE ('',( #1373 ) ) ;
#2667 = DIRECTION ( 'NONE',  ( -0.000000000000000000, -1.000000000000000000, 7.379191939847947013E-17 ) ) ;
#2668 = FACE_OUTER_BOUND ( 'NONE', #2461, .T. ) ;
#2669 = FACE_OUTER_BOUND ( 'NONE', #1713, .T. ) ;
#2670 = VERTEX_POINT ( 'NONE', #747 ) ;
#2671 = ADVANCED_FACE ( 'NONE', ( #1735 ), #2721, .F. ) ;
#2672 = CARTESIAN_POINT ( 'NONE',  ( -7.620000000000001883, -1.799999999999997158, -3.109999999999999876 ) ) ;
#2673 = SURFACE_SIDE_STYLE ('',( #1892 ) ) ;
#2674 = ORIENTED_EDGE ( 'NONE', *, *, #417, .T. ) ;
#2675 = LINE ( 'NONE', #1474, #2213 ) ;
#2676 = CARTESIAN_POINT ( 'NONE',  ( -2.740000000000003766, -1.799999999999997158, -3.109999999999999432 ) ) ;
#2677 = CARTESIAN_POINT ( 'NONE',  ( -13.08000000000000362, 1.500000000000000000, 14.60999999999999943 ) ) ;
#2678 = PRESENTATION_STYLE_ASSIGNMENT (( #2717 ) ) ;
#2679 = VERTEX_POINT ( 'NONE', #121 ) ;
#2680 = LINE ( 'NONE', #763, #2122 ) ;
#2681 = DIRECTION ( 'NONE',  ( 0.000000000000000000, 2.398237380450581547E-16, 1.000000000000000000 ) ) ;
#2682 = VECTOR ( 'NONE', #946, 1000.000000000000000 ) ;
#2683 = UNCERTAINTY_MEASURE_WITH_UNIT (LENGTH_MEASURE( 1.000000000000000082E-05 ), #2713, 'distance_accuracy_value', 'NONE');
#2684 = CARTESIAN_POINT ( 'NONE',  ( 0.7599999999999950129, -1.799999999999997158, -3.109999999999999432 ) ) ;
#2685 = UNCERTAINTY_MEASURE_WITH_UNIT (LENGTH_MEASURE( 1.000000000000000082E-05 ), #2356, 'distance_accuracy_value', 'NONE');
#2686 = CARTESIAN_POINT ( 'NONE',  ( -0.6400000000000051203, -1.794999999999997042, -3.109999999999999432 ) ) ;
#2687 = VECTOR ( 'NONE', #2722, 1000.000000000000000 ) ;
#2688 = CARTESIAN_POINT ( 'NONE',  ( -3.090000000000004743, -1.794999999999997042, -3.109999999999999432 ) ) ;
#2689 = ADVANCED_FACE ( 'NONE', ( #3028 ), #1614, .F. ) ;
#2690 = PRESENTATION_LAYER_ASSIGNMENT (  '', '', ( #2631 ) ) ;
#2691 = CARTESIAN_POINT ( 'NONE',  ( -12.08000000000000362, -1.599999999999998090, -7.110000000000000320 ) ) ;
#2692 = DIRECTION ( 'NONE',  ( 1.000000000000000000, 0.000000000000000000, -0.000000000000000000 ) ) ;
#2693 =( NAMED_UNIT ( * ) PLANE_ANGLE_UNIT ( ) SI_UNIT ( $, .RADIAN. ) );
#2694 = FACE_OUTER_BOUND ( 'NONE', #405, .T. ) ;
#2695 = ADVANCED_FACE ( 'NONE', ( #1364 ), #2799, .F. ) ;
#2696 =( GEOMETRIC_REPRESENTATION_CONTEXT ( 3 ) GLOBAL_UNCERTAINTY_ASSIGNED_CONTEXT ( ( #2683 ) ) GLOBAL_UNIT_ASSIGNED_CONTEXT ( ( #2713, #427, #3155 ) ) REPRESENTATION_CONTEXT ( 'NONE', 'WORKASPACE' ) );
#2697 = AXIS2_PLACEMENT_3D ( 'NONE', #3109, #1124, #883 ) ;
#2698 = VERTEX_POINT ( 'NONE', #1350 ) ;
#2699 = VECTOR ( 'NONE', #1802, 1000.000000000000000 ) ;
#2700 =( LENGTH_UNIT ( ) NAMED_UNIT ( * ) SI_UNIT ( .MILLI., .METRE. ) );
#2701 = ORIENTED_EDGE ( 'NONE', *, *, #162, .T. ) ;
#2702 = VECTOR ( 'NONE', #199, 1000.000000000000000 ) ;
#2703 = VECTOR ( 'NONE', #2193, 1000.000000000000000 ) ;
#2704 = LINE ( 'NONE', #2433, #782 ) ;
#2705 = AXIS2_PLACEMENT_3D ( 'NONE', #2897, #442, #908 ) ;
#2706 = CARTESIAN_POINT ( 'NONE',  ( 2.779999999999997584, -1.600000000000000089, -14.86415607913129477 ) ) ;
#2707 = CARTESIAN_POINT ( 'NONE',  ( -1.690000000000004832, -1.794999999999997042, -3.109999999999999432 ) ) ;
#2708 = VECTOR ( 'NONE', #503, 1000.000000000000000 ) ;
#2709 = DIRECTION ( 'NONE',  ( -0.000000000000000000, 1.000000000000000000, -0.000000000000000000 ) ) ;
#2710 = ORIENTED_EDGE ( 'NONE', *, *, #2608, .T. ) ;
#2711 = DIRECTION ( 'NONE',  ( 0.000000000000000000, 0.000000000000000000, 1.000000000000000000 ) ) ;
#2712 =( NAMED_UNIT ( * ) PLANE_ANGLE_UNIT ( ) SI_UNIT ( $, .RADIAN. ) );
#2713 =( LENGTH_UNIT ( ) NAMED_UNIT ( * ) SI_UNIT ( .MILLI., .METRE. ) );
#2714 = ORIENTED_EDGE ( 'NONE', *, *, #1277, .T. ) ;
#2715 = ADVANCED_FACE ( 'NONE', ( #2313 ), #1106, .F. ) ;
#2716 = SURFACE_STYLE_FILL_AREA ( #3005 ) ;
#2717 = SURFACE_STYLE_USAGE ( .BOTH. , #447 ) ;
#2718 = ORIENTED_EDGE ( 'NONE', *, *, #672, .F. ) ;
#2719 = EDGE_CURVE ( 'NONE', #2131, #2973, #2659, .T. ) ;
#2720 =( GEOMETRIC_REPRESENTATION_CONTEXT ( 3 ) GLOBAL_UNCERTAINTY_ASSIGNED_CONTEXT ( ( #654 ) ) GLOBAL_UNIT_ASSIGNED_CONTEXT ( ( #1189, #1910, #465 ) ) REPRESENTATION_CONTEXT ( 'NONE', 'WORKASPACE' ) );
#2721 = PLANE ( 'NONE',  #36 ) ;
#2722 = DIRECTION ( 'NONE',  ( -0.000000000000000000, -1.000000000000000000, 7.379191939847947013E-17 ) ) ;
#2723 = LINE ( 'NONE', #40, #1659 ) ;
#2724 = FILL_AREA_STYLE ('',( #750 ) ) ;
#2725 = ORIENTED_EDGE ( 'NONE', *, *, #48, .T. ) ;
#2726 = DIRECTION ( 'NONE',  ( 0.000000000000000000, -7.379191939847947013E-17, -1.000000000000000000 ) ) ;
#2727 = DIRECTION ( 'NONE',  ( 2.891205793294678326E-16, 0.000000000000000000, -1.000000000000000000 ) ) ;
#2728 = VERTEX_POINT ( 'NONE', #2389 ) ;
#2729 = SURFACE_SIDE_STYLE ('',( #1750 ) ) ;
#2730 = FACE_OUTER_BOUND ( 'NONE', #3086, .T. ) ;
#2731 =( NAMED_UNIT ( * ) PLANE_ANGLE_UNIT ( ) SI_UNIT ( $, .RADIAN. ) );
#2732 = LINE ( 'NONE', #2221, #936 ) ;
#2733 = EDGE_CURVE ( 'NONE', #1552, #2622, #3094, .T. ) ;
#2734 = CARTESIAN_POINT ( 'NONE',  ( 0.000000000000000000, -1.794999999999996820, 1.297353011012678907E-16 ) ) ;
#2735 = ORIENTED_EDGE ( 'NONE', *, *, #1238, .F. ) ;
#2736 = STYLED_ITEM ( 'NONE', ( #25 ), #1641 ) ;
#2737 = FACE_OUTER_BOUND ( 'NONE', #2533, .T. ) ;
#2738 = CARTESIAN_POINT ( 'NONE',  ( -0.9900000000000047651, -1.799999999999997380, -6.110000000000000320 ) ) ;
#2739 = AXIS2_PLACEMENT_3D ( 'NONE', #123, #610, #416 ) ;
#2740 = DIRECTION ( 'NONE',  ( 0.000000000000000000, -0.000000000000000000, -1.000000000000000000 ) ) ;
#2741 = CARTESIAN_POINT ( 'NONE',  ( -2.390000000000004121, -1.794999999999997264, -6.110000000000000320 ) ) ;
#2742 = DIRECTION ( 'NONE',  ( 1.000000000000000000, 2.133476248632177812E-32, 2.891205793294678326E-16 ) ) ;
#2743 =( NAMED_UNIT ( * ) SI_UNIT ( $, .STERADIAN. ) SOLID_ANGLE_UNIT ( ) );
#2744 = ORIENTED_EDGE ( 'NONE', *, *, #1660, .T. ) ;
#2745 = MECHANICAL_DESIGN_GEOMETRIC_PRESENTATION_REPRESENTATION (  '', ( #1310 ), #2895 ) ;
#2746 = DIRECTION ( 'NONE',  ( -2.891205793294678326E-16, 7.228014483236695816E-17, 1.000000000000000000 ) ) ;
#2747 =( NAMED_UNIT ( * ) PLANE_ANGLE_UNIT ( ) SI_UNIT ( $, .RADIAN. ) );
#2748 = STYLED_ITEM ( 'NONE', ( #2838 ), #456 ) ;
#2749 = PRESENTATION_STYLE_ASSIGNMENT (( #781 ) ) ;
#2750 = AXIS2_PLACEMENT_3D ( 'NONE', #1035, #2004, #963 ) ;
#2751 = DIRECTION ( 'NONE',  ( 0.000000000000000000, 1.000000000000000000, -7.228014483236695816E-17 ) ) ;
#2752 = AXIS2_PLACEMENT_3D ( 'NONE', #391, #2314, #1336 ) ;
#2753 =( LENGTH_UNIT ( ) NAMED_UNIT ( * ) SI_UNIT ( .MILLI., .METRE. ) );
#2754 = ORIENTED_EDGE ( 'NONE', *, *, #1497, .T. ) ;
#2755 = PRESENTATION_LAYER_ASSIGNMENT (  '', '', ( #944 ) ) ;
#2756 = EDGE_CURVE ( 'NONE', #2256, #430, #2856, .T. ) ;
#2757 = SURFACE_STYLE_FILL_AREA ( #11 ) ;
#2758 = EDGE_CURVE ( 'NONE', #1237, #2592, #1158, .T. ) ;
#2759 =( LENGTH_UNIT ( ) NAMED_UNIT ( * ) SI_UNIT ( .MILLI., .METRE. ) );
#2760 = CARTESIAN_POINT ( 'NONE',  ( -5.190000000000003055, -1.794999999999997264, -6.110000000000000320 ) ) ;
#2761 = EDGE_LOOP ( 'NONE', ( #972, #33, #382, #2448 ) ) ;
#2762 =( LENGTH_UNIT ( ) NAMED_UNIT ( * ) SI_UNIT ( .MILLI., .METRE. ) );
#2763 = VECTOR ( 'NONE', #586, 1000.000000000000000 ) ;
#2764 = LINE ( 'NONE', #51, #1866 ) ;
#2765 = ORIENTED_EDGE ( 'NONE', *, *, #136, .F. ) ;
#2766 = CARTESIAN_POINT ( 'NONE',  ( -2.390000000000005009, -1.799999999999997158, -3.109999999999999432 ) ) ;
#2767 = UNCERTAINTY_MEASURE_WITH_UNIT (LENGTH_MEASURE( 1.000000000000000082E-05 ), #868, 'distance_accuracy_value', 'NONE');
#2768 = UNCERTAINTY_MEASURE_WITH_UNIT (LENGTH_MEASURE( 1.000000000000000082E-05 ), #2459, 'distance_accuracy_value', 'NONE');
#2769 = PRESENTATION_STYLE_ASSIGNMENT (( #2798 ) ) ;
#2770 = DIRECTION ( 'NONE',  ( -1.000000000000000000, 0.000000000000000000, 0.000000000000000000 ) ) ;
#2771 = DIRECTION ( 'NONE',  ( 0.000000000000000000, -7.379191939847947013E-17, -1.000000000000000000 ) ) ;
#2772 = FACE_OUTER_BOUND ( 'NONE', #1173, .T. ) ;
#2773 = VERTEX_POINT ( 'NONE', #2109 ) ;
#2774 = COLOUR_RGB ( '',0.4039215686274509887, 0.3176470588235293935, 0.000000000000000000 ) ;
#2775 = PRESENTATION_LAYER_ASSIGNMENT (  '', '', ( #1278 ) ) ;
#2776 = ADVANCED_FACE ( 'NONE', ( #914 ), #2155, .F. ) ;
#2777 = ORIENTED_EDGE ( 'NONE', *, *, #600, .F. ) ;
#2778 = VECTOR ( 'NONE', #3047, 1000.000000000000000 ) ;
#2779 = CARTESIAN_POINT ( 'NONE',  ( 0.05999999999999495320, -1.794999999999997264, -6.110000000000000320 ) ) ;
#2780 = CARTESIAN_POINT ( 'NONE',  ( -0.9900000000000047651, -1.794999999999997264, -6.110000000000000320 ) ) ;
#2781 = ADVANCED_FACE ( 'NONE', ( #2613 ), #2426, .F. ) ;
#2782 = LINE ( 'NONE', #2503, #76 ) ;
#2783 = VERTEX_POINT ( 'NONE', #549 ) ;
#2784 = FILL_AREA_STYLE ('',( #1676 ) ) ;
#2785 = SURFACE_SIDE_STYLE ('',( #1065 ) ) ;
#2786 =( LENGTH_UNIT ( ) NAMED_UNIT ( * ) SI_UNIT ( .MILLI., .METRE. ) );
#2787 = FILL_AREA_STYLE_COLOUR ( '', #1093 ) ;
#2788 = DIRECTION ( 'NONE',  ( -2.891205793294678326E-16, 7.228014483236695816E-17, 1.000000000000000000 ) ) ;
#2789 = VERTEX_POINT ( 'NONE', #2177 ) ;
#2790 = EDGE_CURVE ( 'NONE', #2783, #1170, #259, .T. ) ;
#2791 = ORIENTED_EDGE ( 'NONE', *, *, #1757, .F. ) ;
#2792 = CIRCLE ( 'NONE', #1856, 0.9999999999999991118 ) ;
#2793 = EDGE_CURVE ( 'NONE', #179, #592, #2462, .T. ) ;
#2794 = DIRECTION ( 'NONE',  ( -1.000000000000000000, 0.000000000000000000, 0.000000000000000000 ) ) ;
#2795 = CARTESIAN_POINT ( 'NONE',  ( -13.08000000000000362, -1.799999999999999156, -14.86415607913129477 ) ) ;
#2796 = ORIENTED_EDGE ( 'NONE', *, *, #895, .T. ) ;
#2797 = DIRECTION ( 'NONE',  ( -0.000000000000000000, 7.228014483236695816E-17, 1.000000000000000000 ) ) ;
#2798 = SURFACE_STYLE_USAGE ( .BOTH. , #2785 ) ;
#2799 = PLANE ( 'NONE',  #3176 ) ;
#2800 = LINE ( 'NONE', #1046, #2763 ) ;
#2801 = ORIENTED_EDGE ( 'NONE', *, *, #2410, .F. ) ;
#2802 = VECTOR ( 'NONE', #275, 1000.000000000000000 ) ;
#2803 =( GEOMETRIC_REPRESENTATION_CONTEXT ( 3 ) GLOBAL_UNCERTAINTY_ASSIGNED_CONTEXT ( ( #1716 ) ) GLOBAL_UNIT_ASSIGNED_CONTEXT ( ( #1157, #196, #2595 ) ) REPRESENTATION_CONTEXT ( 'NONE', 'WORKASPACE' ) );
#2804 = VECTOR ( 'NONE', #1841, 1000.000000000000000 ) ;
#2805 = EDGE_LOOP ( 'NONE', ( #1640, #1671, #156, #1881 ) ) ;
#2806 = AXIS2_PLACEMENT_3D ( 'NONE', #1388, #2572, #1592 ) ;
#2807 = CARTESIAN_POINT ( 'NONE',  ( -13.08000000000000362, 1.500000000000000000, -14.60999999999999943 ) ) ;
#2808 = VECTOR ( 'NONE', #2522, 1000.000000000000000 ) ;
#2809 = SURFACE_STYLE_USAGE ( .BOTH. , #1608 ) ;
#2810 = ORIENTED_EDGE ( 'NONE', *, *, #633, .T. ) ;
#2811 = ADVANCED_FACE ( 'NONE', ( #2445 ), #794, .F. ) ;
#2812 = CARTESIAN_POINT ( 'NONE',  ( -0.6400000000000051203, -1.794999999999997264, -6.110000000000000320 ) ) ;
#2813 = EDGE_CURVE ( 'NONE', #1690, #978, #1710, .T. ) ;
#2814 = CARTESIAN_POINT ( 'NONE',  ( -6.590000000000003411, -1.794999999999997042, -3.109999999999999432 ) ) ;
#2815 = PRODUCT_DEFINITION_SHAPE ( 'NONE', 'NONE',  #217 ) ;
#2816 = DIRECTION ( 'NONE',  ( -0.000000000000000000, -1.000000000000000000, 7.379191939847947013E-17 ) ) ;
#2817 = ADVANCED_FACE ( 'NONE', ( #1475 ), #2231, .F. ) ;
#2818 = PLANE ( 'NONE',  #2534 ) ;
#2819 = EDGE_LOOP ( 'NONE', ( #3158, #2710, #206, #10 ) ) ;
#2820 = ORIENTED_EDGE ( 'NONE', *, *, #2070, .T. ) ;
#2821 = SURFACE_SIDE_STYLE ('',( #851 ) ) ;
#2822 = STYLED_ITEM ( 'NONE', ( #926 ), #2715 ) ;
#2823 = VECTOR ( 'NONE', #2975, 1000.000000000000000 ) ;
#2824 = CARTESIAN_POINT ( 'NONE',  ( -3.090000000000004743, -1.794999999999997042, -3.109999999999999432 ) ) ;
#2825 = FACE_OUTER_BOUND ( 'NONE', #2059, .T. ) ;
#2826 = ORIENTED_EDGE ( 'NONE', *, *, #845, .F. ) ;
#2827 = CARTESIAN_POINT ( 'NONE',  ( 25.99001538693280366, -1.799999999999997380, -3.109999999999999876 ) ) ;
#2828 = DIRECTION ( 'NONE',  ( 1.000000000000000000, 0.000000000000000000, 0.000000000000000000 ) ) ;
#2829 = DIRECTION ( 'NONE',  ( -0.000000000000000000, -1.000000000000000000, 7.379191939847947013E-17 ) ) ;
#2830 = CARTESIAN_POINT ( 'NONE',  ( -2.040000000000003588, -1.794999999999997264, -6.110000000000000320 ) ) ;
#2831 = ORIENTED_EDGE ( 'NONE', *, *, #1622, .F. ) ;
#2832 = EDGE_CURVE ( 'NONE', #3077, #2783, #1038, .T. ) ;
#2833 = ORIENTED_EDGE ( 'NONE', *, *, #34, .T. ) ;
#2834 = VECTOR ( 'NONE', #591, 1000.000000000000000 ) ;
#2835 =( NAMED_UNIT ( * ) SI_UNIT ( $, .STERADIAN. ) SOLID_ANGLE_UNIT ( ) );
#2836 = PLANE ( 'NONE',  #1318 ) ;
#2837 = ORIENTED_EDGE ( 'NONE', *, *, #2756, .F. ) ;
#2838 = PRESENTATION_STYLE_ASSIGNMENT (( #638 ) ) ;
#2839 =( NAMED_UNIT ( * ) PLANE_ANGLE_UNIT ( ) SI_UNIT ( $, .RADIAN. ) );
#2840 = CARTESIAN_POINT ( 'NONE',  ( 0.05999999999999495320, -1.794999999999997042, -3.109999999999999432 ) ) ;
#2841 = SURFACE_STYLE_USAGE ( .BOTH. , #2333 ) ;
#2842 = VERTEX_POINT ( 'NONE', #2197 ) ;
#2843 = DIRECTION ( 'NONE',  ( -0.000000000000000000, -1.000000000000000000, 7.379191939847947013E-17 ) ) ;
#2844 = MECHANICAL_DESIGN_GEOMETRIC_PRESENTATION_REPRESENTATION (  '', ( #1064 ), #800 ) ;
#2845 = VECTOR ( 'NONE', #1, 1000.000000000000000 ) ;
#2846 = ORIENTED_EDGE ( 'NONE', *, *, #1043, .F. ) ;
#2847 = EDGE_CURVE ( 'NONE', #1997, #395, #2, .T. ) ;
#2848 = VECTOR ( 'NONE', #1928, 1000.000000000000000 ) ;
#2849 = EDGE_CURVE ( 'NONE', #2773, #1797, #756, .T. ) ;
#2850 = PRESENTATION_LAYER_ASSIGNMENT (  '', '', ( #1202 ) ) ;
#2851 =( NAMED_UNIT ( * ) SI_UNIT ( $, .STERADIAN. ) SOLID_ANGLE_UNIT ( ) );
#2852 = LINE ( 'NONE', #1359, #1515 ) ;
#2853 = VERTEX_POINT ( 'NONE', #31 ) ;
#2854 = ORIENTED_EDGE ( 'NONE', *, *, #3019, .F. ) ;
#2855 = LINE ( 'NONE', #1404, #1820 ) ;
#2856 = LINE ( 'NONE', #2870, #190 ) ;
#2857 = DIRECTION ( 'NONE',  ( -1.000000000000000000, 0.000000000000000000, 0.000000000000000000 ) ) ;
#2858 =( NAMED_UNIT ( * ) SI_UNIT ( $, .STERADIAN. ) SOLID_ANGLE_UNIT ( ) );
#2859 = ORIENTED_EDGE ( 'NONE', *, *, #457, .F. ) ;
#2860 =( GEOMETRIC_REPRESENTATION_CONTEXT ( 3 ) GLOBAL_UNCERTAINTY_ASSIGNED_CONTEXT ( ( #2629 ) ) GLOBAL_UNIT_ASSIGNED_CONTEXT ( ( #2753, #303, #2858 ) ) REPRESENTATION_CONTEXT ( 'NONE', 'WORKASPACE' ) );
#2861 = LINE ( 'NONE', #3127, #1314 ) ;
#2862 = ORIENTED_EDGE ( 'NONE', *, *, #2117, .F. ) ;
#2863 = AXIS2_PLACEMENT_3D ( 'NONE', #2643, #164, #951 ) ;
#2864 = LINE ( 'NONE', #2421, #1553 ) ;
#2865 = CARTESIAN_POINT ( 'NONE',  ( -13.08000000000000362, -0.8000000000000000444, -14.86415607913129477 ) ) ;
#2866 = ORIENTED_EDGE ( 'NONE', *, *, #2082, .F. ) ;
#2867 = EDGE_CURVE ( 'NONE', #1721, #859, #1022, .T. ) ;
#2868 = VECTOR ( 'NONE', #2711, 1000.000000000000000 ) ;
#2869 = ORIENTED_EDGE ( 'NONE', *, *, #1729, .T. ) ;
#2870 = CARTESIAN_POINT ( 'NONE',  ( 0.05999999999999495320, -1.794999999999997042, -3.109999999999999432 ) ) ;
#2871 = CARTESIAN_POINT ( 'NONE',  ( -1.340000000000004299, -1.794999999999997042, -3.109999999999999432 ) ) ;
#2872 = ORIENTED_EDGE ( 'NONE', *, *, #1497, .F. ) ;
#2873 = MANIFOLD_SOLID_BREP ( '\X2\52079664\X0\-\X2\62c94f38\X0\3', #3060 ) ;
#2874 = DIRECTION ( 'NONE',  ( -2.891205793294678326E-16, 7.228014483236695816E-17, 1.000000000000000000 ) ) ;
#2875 = DIRECTION ( 'NONE',  ( -1.000000000000000000, 0.000000000000000000, 0.000000000000000000 ) ) ;
#2876 = ORIENTED_EDGE ( 'NONE', *, *, #100, .F. ) ;
#2877 = EDGE_CURVE ( 'NONE', #91, #2126, #69, .T. ) ;
#2878 = PLANE ( 'NONE',  #1701 ) ;
#2879 = EDGE_LOOP ( 'NONE', ( #2754, #1346, #1265, #2158 ) ) ;
#2880 = UNCERTAINTY_MEASURE_WITH_UNIT (LENGTH_MEASURE( 1.000000000000000082E-05 ), #556, 'distance_accuracy_value', 'NONE');
#2881 = AXIS2_PLACEMENT_3D ( 'NONE', #907, #2352, #1134 ) ;
#2882 = ORIENTED_EDGE ( 'NONE', *, *, #136, .T. ) ;
#2883 = LINE ( 'NONE', #431, #2322 ) ;
#2884 = VECTOR ( 'NONE', #404, 1000.000000000000000 ) ;
#2885 = FILL_AREA_STYLE ('',( #884 ) ) ;
#2886 = CARTESIAN_POINT ( 'NONE',  ( 25.99001538693280366, 0.1999999999999999833, -14.86415607913129477 ) ) ;
#2887 = ORIENTED_EDGE ( 'NONE', *, *, #210, .T. ) ;
#2888 = ADVANCED_FACE ( 'NONE', ( #1704 ), #476, .F. ) ;
#2889 = DIRECTION ( 'NONE',  ( -0.000000000000000000, -1.000000000000000000, 7.379191939847947013E-17 ) ) ;
#2890 = ORIENTED_EDGE ( 'NONE', *, *, #291, .T. ) ;
#2891 = EDGE_CURVE ( 'NONE', #64, #1069, #2985, .T. ) ;
#2892 = VECTOR ( 'NONE', #1210, 1000.000000000000000 ) ;
#2893 = FILL_AREA_STYLE_COLOUR ( '', #1408 ) ;
#2894 = VECTOR ( 'NONE', #775, 1000.000000000000000 ) ;
#2895 =( GEOMETRIC_REPRESENTATION_CONTEXT ( 3 ) GLOBAL_UNCERTAINTY_ASSIGNED_CONTEXT ( ( #1028 ) ) GLOBAL_UNIT_ASSIGNED_CONTEXT ( ( #1042, #1766, #2978 ) ) REPRESENTATION_CONTEXT ( 'NONE', 'WORKASPACE' ) );
#2896 = CARTESIAN_POINT ( 'NONE',  ( -11.69999999999999574, 1.399999999999999911, 13.27999999999999936 ) ) ;
#2897 = CARTESIAN_POINT ( 'NONE',  ( -6.940000000000001279, -1.794999999999997042, -3.109999999999999432 ) ) ;
#2898 = ORIENTED_EDGE ( 'NONE', *, *, #762, .F. ) ;
#2899 = AXIS2_PLACEMENT_3D ( 'NONE', #686, #2427, #1725 ) ;
#2900 = VERTEX_POINT ( 'NONE', #2738 ) ;
#2901 = VECTOR ( 'NONE', #2417, 1000.000000000000000 ) ;
#2902 =( NAMED_UNIT ( * ) SI_UNIT ( $, .STERADIAN. ) SOLID_ANGLE_UNIT ( ) );
#2904 = STYLED_ITEM ( 'NONE', ( #1992 ), #2034 ) ;
#2903 = SURFACE_STYLE_FILL_AREA ( #2885 ) ;
#2905 = CARTESIAN_POINT ( 'NONE',  ( -1.340000000000004299, -1.794999999999997042, -3.109999999999999432 ) ) ;
#2906 = ORIENTED_EDGE ( 'NONE', *, *, #1377, .T. ) ;
#2907 = AXIS2_PLACEMENT_3D ( 'NONE', #567, #3054, #120 ) ;
#2908 = PLANE ( 'NONE',  #3010 ) ;
#2909 = UNCERTAINTY_MEASURE_WITH_UNIT (LENGTH_MEASURE( 1.000000000000000082E-05 ), #1140, 'distance_accuracy_value', 'NONE');
#2910 = DIRECTION ( 'NONE',  ( 0.000000000000000000, -1.000000000000000000, 7.379191939847947013E-17 ) ) ;
#2911 = ADVANCED_FACE ( 'NONE', ( #965 ), #1958, .F. ) ;
#2912 = PRESENTATION_STYLE_ASSIGNMENT (( #1176 ) ) ;
#2913 = ORIENTED_EDGE ( 'NONE', *, *, #1377, .F. ) ;
#2914 = LINE ( 'NONE', #2343, #2543 ) ;
#2915 = DIRECTION ( 'NONE',  ( 0.000000000000000000, 1.000000000000000000, -2.398237380450581547E-16 ) ) ;
#2916 = DIRECTION ( 'NONE',  ( 0.000000000000000000, 1.000000000000000000, -7.379191939847947013E-17 ) ) ;
#2917 = FACE_OUTER_BOUND ( 'NONE', #1271, .T. ) ;
#2918 = EDGE_LOOP ( 'NONE', ( #2252, #424, #923, #2820 ) ) ;
#2919 = AXIS2_PLACEMENT_3D ( 'NONE', #2922, #705, #3110 ) ;
#2920 = ORIENTED_EDGE ( 'NONE', *, *, #2441, .T. ) ;
#2921 = CARTESIAN_POINT ( 'NONE',  ( -4.490000000000002878, -1.799999999999997380, -6.110000000000000320 ) ) ;
#2922 = CARTESIAN_POINT ( 'NONE',  ( -2.040000000000003588, -1.794999999999997042, -3.109999999999999432 ) ) ;
#2923 = AXIS2_PLACEMENT_3D ( 'NONE', #17, #2742, #722 ) ;
#2924 = CARTESIAN_POINT ( 'NONE',  ( -0.6400000000000051203, -1.794999999999997042, -3.109999999999999432 ) ) ;
#2925 = CARTESIAN_POINT ( 'NONE',  ( 0.05999999999999495320, -1.794999999999997264, -6.110000000000000320 ) ) ;
#2926 = ORIENTED_EDGE ( 'NONE', *, *, #2049, .T. ) ;
#2927 =( NAMED_UNIT ( * ) PLANE_ANGLE_UNIT ( ) SI_UNIT ( $, .RADIAN. ) );
#2928 = DIRECTION ( 'NONE',  ( 0.000000000000000000, 1.000000000000000000, -2.398237380450581547E-16 ) ) ;
#2929 = VECTOR ( 'NONE', #690, 1000.000000000000000 ) ;
#2930 = LINE ( 'NONE', #2684, #680 ) ;
#2931 = CARTESIAN_POINT ( 'NONE',  ( -9.620000000000002771, -1.799999999999997380, -5.110000000000000320 ) ) ;
#2932 = CARTESIAN_POINT ( 'NONE',  ( -2.040000000000003588, -1.794999999999997042, -3.109999999999999432 ) ) ;
#2933 = PLANE ( 'NONE',  #942 ) ;
#2934 = EDGE_CURVE ( 'NONE', #377, #828, #2952, .T. ) ;
#2935 = DIRECTION ( 'NONE',  ( 0.000000000000000000, 2.168404344971008868E-16, 1.000000000000000000 ) ) ;
#2936 = PRESENTATION_STYLE_ASSIGNMENT (( #2227 ) ) ;
#2937 = DIRECTION ( 'NONE',  ( 0.000000000000000000, 1.000000000000000000, -0.000000000000000000 ) ) ;
#2938 = CARTESIAN_POINT ( 'NONE',  ( -4.140000000000003233, -1.794999999999997042, -3.109999999999999432 ) ) ;
#2939 = ORIENTED_EDGE ( 'NONE', *, *, #2877, .F. ) ;
#2940 = SURFACE_STYLE_USAGE ( .BOTH. , #704 ) ;
#2941 = DIRECTION ( 'NONE',  ( 0.000000000000000000, -2.168404344971008868E-16, -1.000000000000000000 ) ) ;
#2942 = ORIENTED_EDGE ( 'NONE', *, *, #2358, .T. ) ;
#2943 =( NAMED_UNIT ( * ) SI_UNIT ( $, .STERADIAN. ) SOLID_ANGLE_UNIT ( ) );
#2944 = CARTESIAN_POINT ( 'NONE',  ( 1.779999999999996030, 1.500000000000000000, -4.110000000000001208 ) ) ;
#2945 = PLANE ( 'NONE',  #2280 ) ;
#2946 = UNCERTAINTY_MEASURE_WITH_UNIT (LENGTH_MEASURE( 1.000000000000000082E-05 ), #473, 'distance_accuracy_value', 'NONE');
#2947 = CARTESIAN_POINT ( 'NONE',  ( -12.08000000000000362, -0.7999999999999973799, -6.110000000000000320 ) ) ;
#2948 = ORIENTED_EDGE ( 'NONE', *, *, #273, .F. ) ;
#2949 = VECTOR ( 'NONE', #1216, 1000.000000000000000 ) ;
#2950 = LINE ( 'NONE', #507, #1973 ) ;
#2951 = EDGE_CURVE ( 'NONE', #487, #909, #269, .T. ) ;
#2952 = LINE ( 'NONE', #2148, #2342 ) ;
#2953 = EDGE_CURVE ( 'NONE', #592, #1721, #1535, .T. ) ;
#2954 = AXIS2_PLACEMENT_3D ( 'NONE', #687, #2662, #2941 ) ;
#2955 = ORIENTED_EDGE ( 'NONE', *, *, #1099, .F. ) ;
#2956 = PRESENTATION_LAYER_ASSIGNMENT (  '', '', ( #1463 ) ) ;
#2957 = LINE ( 'NONE', #2176, #2845 ) ;
#2958 = DIRECTION ( 'NONE',  ( 0.000000000000000000, 1.000000000000000000, -0.000000000000000000 ) ) ;
#2959 = FACE_OUTER_BOUND ( 'NONE', #823, .T. ) ;
#2960 = FACE_OUTER_BOUND ( 'NONE', #1076, .T. ) ;
#2961 = ORIENTED_EDGE ( 'NONE', *, *, #1851, .T. ) ;
#2962 = VECTOR ( 'NONE', #490, 1000.000000000000000 ) ;
#2963 =( GEOMETRIC_REPRESENTATION_CONTEXT ( 3 ) GLOBAL_UNCERTAINTY_ASSIGNED_CONTEXT ( ( #2012 ) ) GLOBAL_UNIT_ASSIGNED_CONTEXT ( ( #2463, #2232, #1981 ) ) REPRESENTATION_CONTEXT ( 'NONE', 'WORKASPACE' ) );
#2964 = LINE ( 'NONE', #1934, #1110 ) ;
#2965 = DIRECTION ( 'NONE',  ( 0.000000000000000000, 1.084202172485504434E-16, 1.000000000000000000 ) ) ;
#2966 = AXIS2_PLACEMENT_3D ( 'NONE', #2043, #1594, #75 ) ;
#2967 =( LENGTH_UNIT ( ) NAMED_UNIT ( * ) SI_UNIT ( .MILLI., .METRE. ) );
#2968 = CARTESIAN_POINT ( 'NONE',  ( -11.69999999999999574, 1.399999999999999911, -10.11999999999999744 ) ) ;
#2969 = VERTEX_POINT ( 'NONE', #13 ) ;
#2970 = CARTESIAN_POINT ( 'NONE',  ( -4.140000000000005009, -1.799999999999997380, -3.109999999999999876 ) ) ;
#2971 = FILL_AREA_STYLE ('',( #737 ) ) ;
#2972 =( NAMED_UNIT ( * ) SI_UNIT ( $, .STERADIAN. ) SOLID_ANGLE_UNIT ( ) );
#2973 = VERTEX_POINT ( 'NONE', #1256 ) ;
#2974 = EDGE_CURVE ( 'NONE', #2037, #2656, #1000, .T. ) ;
#2975 = DIRECTION ( 'NONE',  ( -2.891205793294678326E-16, 7.228014483236695816E-17, 1.000000000000000000 ) ) ;
#2976 = ORIENTED_EDGE ( 'NONE', *, *, #2813, .F. ) ;
#2977 = PRESENTATION_LAYER_ASSIGNMENT (  '', '', ( #1792 ) ) ;
#2978 =( NAMED_UNIT ( * ) SI_UNIT ( $, .STERADIAN. ) SOLID_ANGLE_UNIT ( ) );
#2979 = STYLED_ITEM ( 'NONE', ( #2028 ), #2695 ) ;
#2980 = SURFACE_STYLE_USAGE ( .BOTH. , #1986 ) ;
#2981 = DIRECTION ( 'NONE',  ( -0.000000000000000000, 1.000000000000000000, -1.475838387969588910E-16 ) ) ;
#2982 = VECTOR ( 'NONE', #837, 1000.000000000000000 ) ;
#2983 = ORIENTED_EDGE ( 'NONE', *, *, #2953, .F. ) ;
#2984 = CARTESIAN_POINT ( 'NONE',  ( -8.620000000000002771, -0.7999999999999971578, -3.109999999999999432 ) ) ;
#2985 = LINE ( 'NONE', #2420, #1685 ) ;
#2986 = SURFACE_SIDE_STYLE ('',( #2194 ) ) ;
#2987 = ORIENTED_EDGE ( 'NONE', *, *, #695, .T. ) ;
#2988 = CARTESIAN_POINT ( 'NONE',  ( -3.090000000000003855, -1.794999999999997264, -6.110000000000000320 ) ) ;
#2989 = DIRECTION ( 'NONE',  ( -0.000000000000000000, -1.000000000000000000, 7.379191939847947013E-17 ) ) ;
#2990 = DIRECTION ( 'NONE',  ( -1.000000000000000000, 0.000000000000000000, -0.000000000000000000 ) ) ;
#2991 = EDGE_LOOP ( 'NONE', ( #392, #961, #601, #2334 ) ) ;
#2992 = DIRECTION ( 'NONE',  ( 0.000000000000000000, 1.000000000000000000, -7.228014483236695816E-17 ) ) ;
#2993 = UNCERTAINTY_MEASURE_WITH_UNIT (LENGTH_MEASURE( 1.000000000000000082E-05 ), #3096, 'distance_accuracy_value', 'NONE');
#2994 = PRODUCT_DEFINITION_CONTEXT ( 'detailed design', #713, 'design' ) ;
#2995 = LINE ( 'NONE', #746, #339 ) ;
#2996 = FILL_AREA_STYLE_COLOUR ( '', #2774 ) ;
#2997 = CARTESIAN_POINT ( 'NONE',  ( -5.540000000000002700, -1.794999999999997042, -3.109999999999999432 ) ) ;
#2998 = AXIS2_PLACEMENT_3D ( 'NONE', #604, #325, #89 ) ;
#2999 = PLANE ( 'NONE',  #2147 ) ;
#3000 = ORIENTED_EDGE ( 'NONE', *, *, #2535, .F. ) ;
#3001 = EDGE_CURVE ( 'NONE', #1839, #1575, #2171, .T. ) ;
#3002 = VECTOR ( 'NONE', #79, 1000.000000000000000 ) ;
#3003 = ADVANCED_FACE ( 'NONE', ( #1097 ), #1532, .F. ) ;
#3004 = LINE ( 'NONE', #1979, #1194 ) ;
#3005 = FILL_AREA_STYLE ('',( #1731 ) ) ;
#3006 = CARTESIAN_POINT ( 'NONE',  ( -2.040000000000003588, -1.799999999999997380, -6.110000000000000320 ) ) ;
#3007 = ORIENTED_EDGE ( 'NONE', *, *, #1001, .F. ) ;
#3008 = PRESENTATION_LAYER_ASSIGNMENT (  '', '', ( #1874 ) ) ;
#3009 = VECTOR ( 'NONE', #2424, 1000.000000000000000 ) ;
#3010 = AXIS2_PLACEMENT_3D ( 'NONE', #2042, #1525, #1786 ) ;
#3011 = SURFACE_STYLE_FILL_AREA ( #2784 ) ;
#3012 = LINE ( 'NONE', #2814, #2376 ) ;
#3013 = VECTOR ( 'NONE', #2667, 1000.000000000000000 ) ;
#3014 = ADVANCED_FACE ( 'NONE', ( #561 ), #115, .F. ) ;
#3015 = AXIS2_PLACEMENT_3D ( 'NONE', #2984, #2496, #1977 ) ;
#3016 = CARTESIAN_POINT ( 'NONE',  ( 0.05999999999999495320, -1.794999999999997264, -6.110000000000000320 ) ) ;
#3017 = CARTESIAN_POINT ( 'NONE',  ( -5.190000000000003944, -1.794999999999997042, -3.109999999999999432 ) ) ;
#3018 = ORIENTED_EDGE ( 'NONE', *, *, #1703, .T. ) ;
#3019 = EDGE_CURVE ( 'NONE', #1797, #103, #46, .T. ) ;
#3020 = AXIS2_PLACEMENT_3D ( 'NONE', #3126, #2096, #167 ) ;
#3021 = EDGE_LOOP ( 'NONE', ( #1589, #1338, #1088, #560 ) ) ;
#3022 = DIRECTION ( 'NONE',  ( -0.000000000000000000, 0.000000000000000000, 1.000000000000000000 ) ) ;
#3023 = DIRECTION ( 'NONE',  ( 0.000000000000000000, 1.000000000000000000, -7.379191939847947013E-17 ) ) ;
#3024 =( NAMED_UNIT ( * ) PLANE_ANGLE_UNIT ( ) SI_UNIT ( $, .RADIAN. ) );
#3025 = ORIENTED_EDGE ( 'NONE', *, *, #1662, .T. ) ;
#3026 = CARTESIAN_POINT ( 'NONE',  ( -3.790000000000003588, -1.794999999999997264, -6.110000000000000320 ) ) ;
#3027 = DIRECTION ( 'NONE',  ( -1.000000000000000000, 0.000000000000000000, -0.000000000000000000 ) ) ;
#3028 = FACE_OUTER_BOUND ( 'NONE', #433, .T. ) ;
#3029 = AXIS2_PLACEMENT_3D ( 'NONE', #1481, #1231, #251 ) ;
#3030 = SURFACE_STYLE_FILL_AREA ( #2488 ) ;
#3031 =( LENGTH_UNIT ( ) NAMED_UNIT ( * ) SI_UNIT ( .MILLI., .METRE. ) );
#3032 = ORIENTED_EDGE ( 'NONE', *, *, #2103, .T. ) ;
#3033 = MECHANICAL_DESIGN_GEOMETRIC_PRESENTATION_REPRESENTATION (  '', ( #1222 ), #1333 ) ;
#3034 = EDGE_CURVE ( 'NONE', #430, #1342, #1779, .T. ) ;
#3035 = ORIENTED_EDGE ( 'NONE', *, *, #3001, .T. ) ;
#3036 = DIRECTION ( 'NONE',  ( -0.000000000000000000, 0.000000000000000000, 1.000000000000000000 ) ) ;
#3037 = ORIENTED_EDGE ( 'NONE', *, *, #2401, .F. ) ;
#3038 =( NAMED_UNIT ( * ) SI_UNIT ( $, .STERADIAN. ) SOLID_ANGLE_UNIT ( ) );
#3039 = CARTESIAN_POINT ( 'NONE',  ( -2.040000000000003588, -1.794999999999997264, -6.110000000000000320 ) ) ;
#3040 = ORIENTED_EDGE ( 'NONE', *, *, #166, .T. ) ;
#3041 = FACE_OUTER_BOUND ( 'NONE', #443, .T. ) ;
#3042 = CARTESIAN_POINT ( 'NONE',  ( -4.840000000000002522, -1.794999999999997264, -6.110000000000000320 ) ) ;
#3043 = FACE_OUTER_BOUND ( 'NONE', #2991, .T. ) ;
#3044 = ORIENTED_EDGE ( 'NONE', *, *, #1277, .F. ) ;
#3045 = ORIENTED_EDGE ( 'NONE', *, *, #2849, .T. ) ;
#3046 = MECHANICAL_DESIGN_GEOMETRIC_PRESENTATION_REPRESENTATION (  '', ( #320 ), #3088 ) ;
#3047 = DIRECTION ( 'NONE',  ( -1.000000000000000000, -0.000000000000000000, -0.000000000000000000 ) ) ;
#3048 = EDGE_CURVE ( 'NONE', #129, #359, #2529, .T. ) ;
#3049 = EDGE_CURVE ( 'NONE', #809, #3147, #2036, .T. ) ;
#3050 =( LENGTH_UNIT ( ) NAMED_UNIT ( * ) SI_UNIT ( .MILLI., .METRE. ) );
#3051 = LINE ( 'NONE', #839, #628 ) ;
#3052 = EDGE_LOOP ( 'NONE', ( #3182, #428, #1649, #2084 ) ) ;
#3053 =( NAMED_UNIT ( * ) SI_UNIT ( $, .STERADIAN. ) SOLID_ANGLE_UNIT ( ) );
#3054 = DIRECTION ( 'NONE',  ( 1.000000000000000000, -0.000000000000000000, -0.000000000000000000 ) ) ;
#3055 = DIRECTION ( 'NONE',  ( 0.000000000000000000, -7.379191939847947013E-17, -1.000000000000000000 ) ) ;
#3056 =( GEOMETRIC_REPRESENTATION_CONTEXT ( 3 ) GLOBAL_UNCERTAINTY_ASSIGNED_CONTEXT ( ( #1887 ) ) GLOBAL_UNIT_ASSIGNED_CONTEXT ( ( #505, #2416, #453 ) ) REPRESENTATION_CONTEXT ( 'NONE', 'WORKASPACE' ) );
#3057 = EDGE_LOOP ( 'NONE', ( #400, #338, #142, #200 ) ) ;
#3058 = COLOUR_RGB ( '',1.000000000000000000, 0.8901960784313724950, 0.000000000000000000 ) ;
#3059 =( GEOMETRIC_REPRESENTATION_CONTEXT ( 3 ) GLOBAL_UNCERTAINTY_ASSIGNED_CONTEXT ( ( #1932 ) ) GLOBAL_UNIT_ASSIGNED_CONTEXT ( ( #831, #3080, #585 ) ) REPRESENTATION_CONTEXT ( 'NONE', 'WORKASPACE' ) );
#3060 = CLOSED_SHELL ( 'NONE', ( #1521, #2911, #68, #2817, #1896, #1914, #1128, #934, #2568, #700, #1774, #1573, #2888, #1209, #1282, #858, #2611, #2655, #718, #807, #401, #189, #150, #1571, #1957, #1454, #1588, #2033, #649, #1606, #1162, #484, #2811, #2695, #1810, #2162, #1876, #2671, #415, #1340, #958, #808, #2776, #2290, #1084, #1432, #140, #3101, #835, #2072, #2425, #2715, #456, #2034, #1941, #1641, #3014, #1846, #1830, #1339, #2361, #1181, #3003, #2781, #3085, #2689, #785, #3083, #1937, #1254, #12, #590 ) ) ;
#3061 = ORIENTED_EDGE ( 'NONE', *, *, #2719, .T. ) ;
#3062 =( LENGTH_UNIT ( ) NAMED_UNIT ( * ) SI_UNIT ( .MILLI., .METRE. ) );
#3063 = DIRECTION ( 'NONE',  ( 1.000000000000000000, 0.000000000000000000, 0.000000000000000000 ) ) ;
#3064 = EDGE_LOOP ( 'NONE', ( #3117, #1260, #304, #2566 ) ) ;
#3065 = PLANE ( 'NONE',  #169 ) ;
#3066 = EDGE_CURVE ( 'NONE', #1041, #1814, #1327, .T. ) ;
#3067 = DIRECTION ( 'NONE',  ( -0.000000000000000000, 0.000000000000000000, 1.000000000000000000 ) ) ;
#3068 = FILL_AREA_STYLE_COLOUR ( '', #860 ) ;
#3069 = PRESENTATION_STYLE_ASSIGNMENT (( #1858 ) ) ;
#3070 = ORIENTED_EDGE ( 'NONE', *, *, #1238, .T. ) ;
#3071 = MECHANICAL_DESIGN_GEOMETRIC_PRESENTATION_REPRESENTATION (  '', ( #2387 ), #439 ) ;
#3072 = DIRECTION ( 'NONE',  ( -0.000000000000000000, -1.000000000000000000, 7.379191939847947013E-17 ) ) ;
#3073 = AXIS2_PLACEMENT_3D ( 'NONE', #58, #2770, #2269 ) ;
#3074 = ORIENTED_EDGE ( 'NONE', *, *, #256, .T. ) ;
#3075 = DIRECTION ( 'NONE',  ( -0.000000000000000000, -1.000000000000000000, 7.379191939847947013E-17 ) ) ;
#3076 = CARTESIAN_POINT ( 'NONE',  ( 0.000000000000000000, 1.500000000000000000, 0.000000000000000000 ) ) ;
#3077 = VERTEX_POINT ( 'NONE', #2807 ) ;
#3078 = SURFACE_STYLE_FILL_AREA ( #2653 ) ;
#3079 = CARTESIAN_POINT ( 'NONE',  ( -1.340000000000004299, -1.794999999999997264, -6.110000000000000320 ) ) ;
#3080 =( NAMED_UNIT ( * ) PLANE_ANGLE_UNIT ( ) SI_UNIT ( $, .RADIAN. ) );
#3081 = EDGE_CURVE ( 'NONE', #2602, #2656, #131, .T. ) ;
#3082 = ORIENTED_EDGE ( 'NONE', *, *, #419, .T. ) ;
#3083 = ADVANCED_FACE ( 'NONE', ( #2351 ), #3167, .F. ) ;
#3084 = SURFACE_SIDE_STYLE ('',( #2649 ) ) ;
#3085 = ADVANCED_FACE ( 'NONE', ( #146 ), #2586, .F. ) ;
#3086 = EDGE_LOOP ( 'NONE', ( #1633, #158, #1213, #2810 ) ) ;
#3087 = PRESENTATION_STYLE_ASSIGNMENT (( #220 ) ) ;
#3088 =( GEOMETRIC_REPRESENTATION_CONTEXT ( 3 ) GLOBAL_UNCERTAINTY_ASSIGNED_CONTEXT ( ( #55 ) ) GLOBAL_UNIT_ASSIGNED_CONTEXT ( ( #2759, #2712, #2972 ) ) REPRESENTATION_CONTEXT ( 'NONE', 'WORKASPACE' ) );
#3089 = CARTESIAN_POINT ( 'NONE',  ( -13.08000000000000362, -1.799999999999997380, -6.110000000000000320 ) ) ;
#3090 = ORIENTED_EDGE ( 'NONE', *, *, #2472, .F. ) ;
#3091 = CARTESIAN_POINT ( 'NONE',  ( -5.540000000000002700, -1.794999999999997264, -6.110000000000000320 ) ) ;
#3092 = ORIENTED_EDGE ( 'NONE', *, *, #612, .T. ) ;
#3093 = MECHANICAL_DESIGN_GEOMETRIC_PRESENTATION_REPRESENTATION (  '', ( #2631 ), #1433 ) ;
#3094 = LINE ( 'NONE', #685, #962 ) ;
#3095 = CARTESIAN_POINT ( 'NONE',  ( -5.190000000000003944, -1.799999999999997158, -3.109999999999999432 ) ) ;
#3096 =( LENGTH_UNIT ( ) NAMED_UNIT ( * ) SI_UNIT ( .MILLI., .METRE. ) );
#3097 = ORIENTED_EDGE ( 'NONE', *, *, #2953, .T. ) ;
#3098 = CARTESIAN_POINT ( 'NONE',  ( -4.840000000000004299, -1.799999999999997380, -3.109999999999999876 ) ) ;
#3099 = AXIS2_PLACEMENT_3D ( 'NONE', #151, #1582, #2562 ) ;
#3100 = ORIENTED_EDGE ( 'NONE', *, *, #1257, .F. ) ;
#3101 = ADVANCED_FACE ( 'NONE', ( #932 ), #1459, .F. ) ;
#3102 = COLOUR_RGB ( '',0.4039215686274509887, 0.3176470588235293935, 0.000000000000000000 ) ;
#3103 = COLOUR_RGB ( '',0.4039215686274509887, 0.3176470588235293935, 0.000000000000000000 ) ;
#3104 = MECHANICAL_DESIGN_GEOMETRIC_PRESENTATION_REPRESENTATION (  '', ( #1873 ), #2546 ) ;
#3105 = AXIS2_PLACEMENT_3D ( 'NONE', #728, #1734, #283 ) ;
#3106 = FACE_OUTER_BOUND ( 'NONE', #1548, .T. ) ;
#3107 = EDGE_LOOP ( 'NONE', ( #2983, #2222, #437, #1670 ) ) ;
#3108 = ORIENTED_EDGE ( 'NONE', *, *, #350, .T. ) ;
#3109 = CARTESIAN_POINT ( 'NONE',  ( 0.000000000000000000, -1.794999999999996820, 1.297353011012679153E-16 ) ) ;
#3110 = DIRECTION ( 'NONE',  ( -0.000000000000000000, 0.000000000000000000, 1.000000000000000000 ) ) ;
#3111 =( NAMED_UNIT ( * ) PLANE_ANGLE_UNIT ( ) SI_UNIT ( $, .RADIAN. ) );
#3112 = CARTESIAN_POINT ( 'NONE',  ( -6.240000000000002878, -1.799999999999997380, -6.110000000000000320 ) ) ;
#3113 = ORIENTED_EDGE ( 'NONE', *, *, #335, .T. ) ;
#3114 = EDGE_CURVE ( 'NONE', #688, #1178, #449, .T. ) ;
#3115 = DIRECTION ( 'NONE',  ( -0.000000000000000000, -1.000000000000000000, 7.379191939847947013E-17 ) ) ;
#3116 = LINE ( 'NONE', #1413, #2436 ) ;
#3117 = ORIENTED_EDGE ( 'NONE', *, *, #1684, .T. ) ;
#3118 = VECTOR ( 'NONE', #1998, 1000.000000000000000 ) ;
#3119 = FACE_OUTER_BOUND ( 'NONE', #636, .T. ) ;
#3120 = FILL_AREA_STYLE ('',( #2173 ) ) ;
#3121 = EDGE_LOOP ( 'NONE', ( #725, #1331, #2393, #412 ) ) ;
#3122 = ORIENTED_EDGE ( 'NONE', *, *, #2344, .F. ) ;
#3123 = PLANE ( 'NONE',  #1407 ) ;
#3124 = SURFACE_STYLE_USAGE ( .BOTH. , #214 ) ;
#3125 = ORIENTED_EDGE ( 'NONE', *, *, #519, .F. ) ;
#3126 = CARTESIAN_POINT ( 'NONE',  ( -3.440000000000003499, -1.794999999999997264, -6.110000000000000320 ) ) ;
#3127 = CARTESIAN_POINT ( 'NONE',  ( -13.08000000000000362, -1.600000000000000089, -14.86415607913129477 ) ) ;
#3128 = ORIENTED_EDGE ( 'NONE', *, *, #80, .F. ) ;
#3129 = EDGE_CURVE ( 'NONE', #1764, #2656, #2680, .T. ) ;
#3130 = CARTESIAN_POINT ( 'NONE',  ( -5.540000000000002700, -1.799999999999997380, -6.110000000000000320 ) ) ;
#3131 = ORIENTED_EDGE ( 'NONE', *, *, #1098, .T. ) ;
#3132 = EDGE_CURVE ( 'NONE', #1609, #2474, #467, .T. ) ;
#3133 = UNCERTAINTY_MEASURE_WITH_UNIT (LENGTH_MEASURE( 1.000000000000000082E-05 ), #2762, 'distance_accuracy_value', 'NONE');
#3134 = PRESENTATION_LAYER_ASSIGNMENT (  '', '', ( #460 ) ) ;
#3135 = ORIENTED_EDGE ( 'NONE', *, *, #715, .T. ) ;
#3136 = VECTOR ( 'NONE', #1054, 1000.000000000000000 ) ;
#3137 = PRESENTATION_STYLE_ASSIGNMENT (( #1642 ) ) ;
#3138 = PLANE ( 'NONE',  #2099 ) ;
#3139 = ORIENTED_EDGE ( 'NONE', *, *, #48, .F. ) ;
#3140 = VECTOR ( 'NONE', #1714, 1000.000000000000000 ) ;
#3141 = CARTESIAN_POINT ( 'NONE',  ( -3.090000000000004743, -1.799999999999997158, -3.109999999999999432 ) ) ;
#3142 =( GEOMETRIC_REPRESENTATION_CONTEXT ( 3 ) GLOBAL_UNCERTAINTY_ASSIGNED_CONTEXT ( ( #2360 ) ) GLOBAL_UNIT_ASSIGNED_CONTEXT ( ( #1145, #641, #872 ) ) REPRESENTATION_CONTEXT ( 'NONE', 'WORKASPACE' ) );
#3143 = DIRECTION ( 'NONE',  ( 0.000000000000000000, 7.228014483236694583E-17, 1.000000000000000000 ) ) ;
#3144 = FILL_AREA_STYLE_COLOUR ( '', #85 ) ;
#3145 = DIRECTION ( 'NONE',  ( -1.000000000000000000, 0.000000000000000000, 0.000000000000000000 ) ) ;
#3146 = CARTESIAN_POINT ( 'NONE',  ( -3.440000000000003499, -1.794999999999997042, -3.109999999999999432 ) ) ;
#3147 = VERTEX_POINT ( 'NONE', #778 ) ;
#3148 = VECTOR ( 'NONE', #1720, 1000.000000000000000 ) ;
#3149 = VECTOR ( 'NONE', #280, 1000.000000000000000 ) ;
#3150 = CYLINDRICAL_SURFACE ( 'NONE', #3099, 0.8000000000000003775 ) ;
#3151 = PRESENTATION_LAYER_ASSIGNMENT (  '', '', ( #2486 ) ) ;
#3152 = COLOUR_RGB ( '',0.4039215686274509887, 0.3176470588235293935, 0.000000000000000000 ) ;
#3153 = DIRECTION ( 'NONE',  ( 0.000000000000000000, -7.228014483236695816E-17, -1.000000000000000000 ) ) ;
#3154 = CARTESIAN_POINT ( 'NONE',  ( -4.140000000000003233, -1.799999999999997380, -6.110000000000000320 ) ) ;
#3155 =( NAMED_UNIT ( * ) SI_UNIT ( $, .STERADIAN. ) SOLID_ANGLE_UNIT ( ) );
#3156 = ORIENTED_EDGE ( 'NONE', *, *, #2311, .T. ) ;
#3157 = COLOUR_RGB ( '',0.4039215686274509887, 0.3176470588235293935, 0.000000000000000000 ) ;
#3158 = ORIENTED_EDGE ( 'NONE', *, *, #3066, .T. ) ;
#3159 = VECTOR ( 'NONE', #1877, 1000.000000000000000 ) ;
#3160 = CARTESIAN_POINT ( 'NONE',  ( -4.840000000000002522, -1.794999999999997042, -3.109999999999999432 ) ) ;
#3161 = DIRECTION ( 'NONE',  ( 0.000000000000000000, 0.000000000000000000, -1.000000000000000000 ) ) ;
#3162 = VERTEX_POINT ( 'NONE', #3163 ) ;
#3163 = CARTESIAN_POINT ( 'NONE',  ( -3.440000000000003499, -1.799999999999997380, -6.110000000000000320 ) ) ;
#3164 = EDGE_CURVE ( 'NONE', #1479, #1580, #2409, .T. ) ;
#3165 =( NAMED_UNIT ( * ) PLANE_ANGLE_UNIT ( ) SI_UNIT ( $, .RADIAN. ) );
#3166 = UNCERTAINTY_MEASURE_WITH_UNIT (LENGTH_MEASURE( 1.000000000000000082E-05 ), #360, 'distance_accuracy_value', 'NONE');
#3167 = PLANE ( 'NONE',  #2345 ) ;
#3168 = CARTESIAN_POINT ( 'NONE',  ( -6.240000000000002878, -1.794999999999997264, -6.110000000000000320 ) ) ;
#3169 = CARTESIAN_POINT ( 'NONE',  ( -2.740000000000003766, -1.794999999999997042, -3.109999999999999432 ) ) ;
#3170 = LINE ( 'NONE', #2632, #1469 ) ;
#3171 = ORIENTED_EDGE ( 'NONE', *, *, #1480, .F. ) ;
#3172 = STYLED_ITEM ( 'NONE', ( #1771 ), #785 ) ;
#3173 = AXIS2_PLACEMENT_3D ( 'NONE', #1695, #2992, #2214 ) ;
#3174 = DIRECTION ( 'NONE',  ( -0.000000000000000000, 7.228014483236695816E-17, 1.000000000000000000 ) ) ;
#3175 = SURFACE_SIDE_STYLE ('',( #2384 ) ) ;
#3176 = AXIS2_PLACEMENT_3D ( 'NONE', #583, #3055, #1585 ) ;
#3177 = ORIENTED_EDGE ( 'NONE', *, *, #616, .T. ) ;
#3178 = CARTESIAN_POINT ( 'NONE',  ( -6.590000000000002522, -1.799999999999997380, -6.110000000000000320 ) ) ;
#3179 = SURFACE_STYLE_FILL_AREA ( #2008 ) ;
#3180 = PRESENTATION_LAYER_ASSIGNMENT (  '', '', ( #555 ) ) ;
#3181 = CARTESIAN_POINT ( 'NONE',  ( -12.08000000000000362, -1.799999999999997380, -6.110000000000000320 ) ) ;
#3182 = ORIENTED_EDGE ( 'NONE', *, *, #3049, .T. ) ;
#3183 =( LENGTH_UNIT ( ) NAMED_UNIT ( * ) SI_UNIT ( .MILLI., .METRE. ) );
#3184 = DIRECTION ( 'NONE',  ( 0.000000000000000000, 0.000000000000000000, 1.000000000000000000 ) ) ;
#3185 = DIRECTION ( 'NONE',  ( -0.000000000000000000, 1.000000000000000000, -0.000000000000000000 ) ) ;
#3186 = CARTESIAN_POINT ( 'NONE',  ( -5.890000000000003233, -1.794999999999997042, -3.109999999999999432 ) ) ;
#3187 = LINE ( 'NONE', #522, #421 ) ;
#3188 = EDGE_CURVE ( 'NONE', #992, #1415, #2449, .T. ) ;
#3189 = DIRECTION ( 'NONE',  ( -0.000000000000000000, -1.000000000000000000, -0.000000000000000000 ) ) ;
#3190 = LINE ( 'NONE', #1177, #2493 ) ;
#3191 = EDGE_CURVE ( 'NONE', #1421, #513, #1930, .T. ) ;
#3192 = CARTESIAN_POINT ( 'NONE',  ( -11.69999999999999574, 1.399999999999999911, -10.11999999999999744 ) ) ;
#3193 = SURFACE_SIDE_STYLE ('',( #495 ) ) ;
#3194 = EDGE_LOOP ( 'NONE', ( #2859, #2866, #3037, #1355 ) ) ;
ENDSEC;
END-ISO-10303-21;
