ISO-10303-21;
HEADER;
FILE_DESCRIPTION (( 'STEP AP214' ),
    '1' );
FILE_NAME ('1.3´ç240ÆÁÄ»º¸½Ó.STEP',
    '2025-04-05T14:31:32',
    ( '' ),
    ( '' ),
    'SwSTEP 2.0',
    'SolidWorks 2024',
    '' );
FILE_SCHEMA (( 'AUTOMOTIVE_DESIGN' ));
ENDSEC;

DATA;
#1 = VECTOR ( 'NONE', #3151, 1000.000000000000000 ) ;
#2 = STYLED_ITEM ( 'NONE', ( #414 ), #239 ) ;
#3 = FILL_AREA_STYLE ('',( #2211 ) ) ;
#4 = EDGE_LOOP ( 'NONE', ( #326, #1467, #210, #2932 ) ) ;
#5 = STYLED_ITEM ( 'NONE', ( #3181 ), #2538 ) ;
#6 = EDGE_CURVE ( 'NONE', #3154, #1495, #894, .T. ) ;
#7 = SURFACE_SIDE_STYLE ('',( #1002 ) ) ;
#8 = EDGE_CURVE ( 'NONE', #838, #2524, #2339, .T. ) ;
#9 = EDGE_CURVE ( 'NONE', #2453, #1730, #2593, .T. ) ;
#10 = VECTOR ( 'NONE', #2632, 1000.000000000000000 ) ;
#11 = VERTEX_POINT ( 'NONE', #386 ) ;
#12 =( NAMED_UNIT ( * ) SI_UNIT ( $, .STERADIAN. ) SOLID_ANGLE_UNIT ( ) );
#13 =( NAMED_UNIT ( * ) SI_UNIT ( $, .STERADIAN. ) SOLID_ANGLE_UNIT ( ) );
#14 = DIRECTION ( 'NONE',  ( -2.891205793294678326E-16, 7.228014483236695816E-17, 1.000000000000000000 ) ) ;
#15 = CARTESIAN_POINT ( 'NONE',  ( 0.05999999999999495320, -1.385196573203009152, -3.109999999999999876 ) ) ;
#16 = CARTESIAN_POINT ( 'NONE',  ( -6.940000000000001279, -1.385196573203009152, -3.109999999999999876 ) ) ;
#17 = FILL_AREA_STYLE_COLOUR ( '', #992 ) ;
#18 = CARTESIAN_POINT ( 'NONE',  ( 0.7599999999999950129, -1.385196573203009152, -3.109999999999999876 ) ) ;
#19 = VECTOR ( 'NONE', #3039, 1000.000000000000000 ) ;
#20 = ORIENTED_EDGE ( 'NONE', *, *, #2907, .F. ) ;
#21 = MECHANICAL_DESIGN_GEOMETRIC_PRESENTATION_REPRESENTATION (  '', ( #1127 ), #3117 ) ;
#22 = STYLED_ITEM ( 'NONE', ( #1000 ), #1862 ) ;
#23 = CARTESIAN_POINT ( 'NONE',  ( -1.690000000000004832, -1.385196573203009152, -3.109999999999999876 ) ) ;
#24 = UNCERTAINTY_MEASURE_WITH_UNIT (LENGTH_MEASURE( 1.000000000000000082E-05 ), #2355, 'distance_accuracy_value', 'NONE');
#25 = ADVANCED_FACE ( 'NONE', ( #828 ), #2357, .F. ) ;
#26 = SURFACE_SIDE_STYLE ('',( #1733 ) ) ;
#27 = ORIENTED_EDGE ( 'NONE', *, *, #449, .F. ) ;
#28 = DIRECTION ( 'NONE',  ( -0.000000000000000000, -1.000000000000000000, 7.379191939847947013E-17 ) ) ;
#29 = MECHANICAL_DESIGN_GEOMETRIC_PRESENTATION_REPRESENTATION (  '', ( #1136 ), #2614 ) ;
#30 = LINE ( 'NONE', #1285, #1849 ) ;
#31 = VERTEX_POINT ( 'NONE', #1619 ) ;
#32 = DIRECTION ( 'NONE',  ( 0.000000000000000000, 0.000000000000000000, -1.000000000000000000 ) ) ;
#33 = AXIS2_PLACEMENT_3D ( 'NONE', #3080, #1172, #3124 ) ;
#34 = CARTESIAN_POINT ( 'NONE',  ( 25.72960514313748348, -1.190196573203009089, -14.86415607913129477 ) ) ;
#35 = DIRECTION ( 'NONE',  ( -0.000000000000000000, -1.000000000000000000, 7.379191939847947013E-17 ) ) ;
#36 = FACE_OUTER_BOUND ( 'NONE', #1622, .T. ) ;
#37 = VERTEX_POINT ( 'NONE', #3092 ) ;
#38 = CARTESIAN_POINT ( 'NONE',  ( -4.840000000000002522, -1.385196573203009374, -6.110000000000000320 ) ) ;
#39 = PRESENTATION_LAYER_ASSIGNMENT (  '', '', ( #2417 ) ) ;
#40 = ORIENTED_EDGE ( 'NONE', *, *, #1066, .T. ) ;
#41 = SURFACE_STYLE_FILL_AREA ( #2493 ) ;
#42 =( GEOMETRIC_REPRESENTATION_CONTEXT ( 3 ) GLOBAL_UNCERTAINTY_ASSIGNED_CONTEXT ( ( #1369 ) ) GLOBAL_UNIT_ASSIGNED_CONTEXT ( ( #187, #196, #397 ) ) REPRESENTATION_CONTEXT ( 'NONE', 'WORKASPACE' ) );
#43 = AXIS2_PLACEMENT_3D ( 'NONE', #761, #2488, #1742 ) ;
#44 = VECTOR ( 'NONE', #284, 1000.000000000000000 ) ;
#45 = DIRECTION ( 'NONE',  ( 2.891205793294678819E-16, 0.000000000000000000, -1.000000000000000000 ) ) ;
#46 = ORIENTED_EDGE ( 'NONE', *, *, #1727, .F. ) ;
#47 = PLANE ( 'NONE',  #2338 ) ;
#48 = MECHANICAL_DESIGN_GEOMETRIC_PRESENTATION_REPRESENTATION (  '', ( #2825 ), #2717 ) ;
#49 = UNCERTAINTY_MEASURE_WITH_UNIT (LENGTH_MEASURE( 1.000000000000000082E-05 ), #2906, 'distance_accuracy_value', 'NONE');
#50 = CARTESIAN_POINT ( 'NONE',  ( 2.779999999999995808, -1.390196573203009045, -4.110000000000001208 ) ) ;
#51 = ORIENTED_EDGE ( 'NONE', *, *, #9, .F. ) ;
#52 = CARTESIAN_POINT ( 'NONE',  ( -3.790000000000004476, -1.385196573203009152, -3.109999999999999876 ) ) ;
#53 = CARTESIAN_POINT ( 'NONE',  ( -6.940000000000001279, -1.385196573203009374, -6.110000000000000320 ) ) ;
#54 = EDGE_CURVE ( 'NONE', #421, #2392, #1879, .T. ) ;
#55 = PRESENTATION_STYLE_ASSIGNMENT (( #1580 ) ) ;
#56 = ORIENTED_EDGE ( 'NONE', *, *, #1470, .T. ) ;
#57 = EDGE_CURVE ( 'NONE', #2053, #1133, #1064, .T. ) ;
#58 = SURFACE_STYLE_USAGE ( .BOTH. , #1329 ) ;
#59 = LINE ( 'NONE', #1045, #2699 ) ;
#60 = MECHANICAL_DESIGN_GEOMETRIC_PRESENTATION_REPRESENTATION (  '', ( #578 ), #425 ) ;
#61 = EDGE_LOOP ( 'NONE', ( #634, #619, #823, #927 ) ) ;
#62 = COLOUR_RGB ( '',0.4039215686274509887, 0.3176470588235293935, 0.000000000000000000 ) ;
#63 = FILL_AREA_STYLE_COLOUR ( '', #496 ) ;
#64 = LINE ( 'NONE', #2039, #906 ) ;
#65 = EDGE_LOOP ( 'NONE', ( #322, #307, #2283, #261 ) ) ;
#66 = LINE ( 'NONE', #2730, #584 ) ;
#67 = CARTESIAN_POINT ( 'NONE',  ( -5.540000000000002700, -1.390196573203009267, -6.110000000000000320 ) ) ;
#68 = AXIS2_PLACEMENT_3D ( 'NONE', #1722, #772, #2425 ) ;
#69 = ORIENTED_EDGE ( 'NONE', *, *, #528, .F. ) ;
#70 = CARTESIAN_POINT ( 'NONE',  ( 2.779999999999997584, 0.2000000000000007327, -14.60999999999999943 ) ) ;
#71 = DIRECTION ( 'NONE',  ( 5.782411586589357639E-16, 0.000000000000000000, -1.000000000000000000 ) ) ;
#72 = VECTOR ( 'NONE', #1019, 1000.000000000000000 ) ;
#73 = EDGE_CURVE ( 'NONE', #2779, #1308, #3037, .T. ) ;
#74 = ADVANCED_FACE ( 'NONE', ( #602 ), #1586, .F. ) ;
#75 =( LENGTH_UNIT ( ) NAMED_UNIT ( * ) SI_UNIT ( .MILLI., .METRE. ) );
#76 = DIRECTION ( 'NONE',  ( -0.000000000000000000, -1.000000000000000000, 7.379191939847947013E-17 ) ) ;
#77 = DIRECTION ( 'NONE',  ( 1.000000000000000000, 0.000000000000000000, 0.000000000000000000 ) ) ;
#78 = AXIS2_PLACEMENT_3D ( 'NONE', #2836, #124, #1346 ) ;
#79 = ORIENTED_EDGE ( 'NONE', *, *, #1165, .T. ) ;
#80 = DIRECTION ( 'NONE',  ( -0.000000000000000000, 1.000000000000000000, -7.379191939847947013E-17 ) ) ;
#81 = CIRCLE ( 'NONE', #1896, 1.000000000000000000 ) ;
#82 = ORIENTED_EDGE ( 'NONE', *, *, #3072, .T. ) ;
#83 = DIRECTION ( 'NONE',  ( -1.000000000000000000, 0.000000000000000000, 0.000000000000000000 ) ) ;
#84 = VERTEX_POINT ( 'NONE', #2965 ) ;
#85 = DIRECTION ( 'NONE',  ( -1.000000000000000000, -0.000000000000000000, -0.000000000000000000 ) ) ;
#86 = LINE ( 'NONE', #2512, #1537 ) ;
#87 = VERTEX_POINT ( 'NONE', #3107 ) ;
#88 = DIRECTION ( 'NONE',  ( 0.000000000000000000, -5.421010862427527100E-17, -1.000000000000000000 ) ) ;
#89 = COLOUR_RGB ( '',0.4039215686274509887, 0.3176470588235293935, 0.000000000000000000 ) ;
#90 = FILL_AREA_STYLE ('',( #2295 ) ) ;
#91 = MECHANICAL_DESIGN_GEOMETRIC_PRESENTATION_REPRESENTATION (  '', ( #1398 ), #503 ) ;
#92 = AXIS2_PLACEMENT_3D ( 'NONE', #2136, #3118, #3104 ) ;
#93 = FILL_AREA_STYLE ('',( #353 ) ) ;
#94 = DIRECTION ( 'NONE',  ( -0.000000000000000000, 0.000000000000000000, 1.000000000000000000 ) ) ;
#95 = ORIENTED_EDGE ( 'NONE', *, *, #794, .F. ) ;
#96 = EDGE_LOOP ( 'NONE', ( #1238, #2477, #734, #3128 ) ) ;
#97 =( LENGTH_UNIT ( ) NAMED_UNIT ( * ) SI_UNIT ( .MILLI., .METRE. ) );
#98 = ORIENTED_EDGE ( 'NONE', *, *, #394, .T. ) ;
#99 = CARTESIAN_POINT ( 'NONE',  ( -6.240000000000002878, -1.385196573203009152, -3.109999999999999876 ) ) ;
#100 = VERTEX_POINT ( 'NONE', #2418 ) ;
#101 = DIRECTION ( 'NONE',  ( 0.000000000000000000, 0.000000000000000000, -1.000000000000000000 ) ) ;
#102 = ADVANCED_BREP_SHAPE_REPRESENTATION ( '1.3\X2\5bf8\X0\240\X2\5c4f5e55710a63a5\X0\', ( #332, #2896 ), #1679 ) ;
#103 = CARTESIAN_POINT ( 'NONE',  ( 0.05999999999999495320, -1.385196573203009374, -6.110000000000000320 ) ) ;
#104 = ORIENTED_EDGE ( 'NONE', *, *, #1230, .T. ) ;
#105 = CARTESIAN_POINT ( 'NONE',  ( 25.72960514313748348, -1.390196573203009045, -3.109999999999999876 ) ) ;
#106 = AXIS2_PLACEMENT_3D ( 'NONE', #936, #2383, #1417 ) ;
#107 = CARTESIAN_POINT ( 'NONE',  ( -12.08000000000000362, -0.3901965732030094336, -7.110000000000000320 ) ) ;
#108 = CARTESIAN_POINT ( 'NONE',  ( 13.07999999999999652, 1.500000000000000000, -14.60999999999999943 ) ) ;
#109 = VERTEX_POINT ( 'NONE', #909 ) ;
#110 = ORIENTED_EDGE ( 'NONE', *, *, #398, .F. ) ;
#111 = ORIENTED_EDGE ( 'NONE', *, *, #948, .T. ) ;
#112 = LINE ( 'NONE', #2095, #1785 ) ;
#113 =( LENGTH_UNIT ( ) NAMED_UNIT ( * ) SI_UNIT ( .MILLI., .METRE. ) );
#114 = ORIENTED_EDGE ( 'NONE', *, *, #639, .F. ) ;
#115 = CARTESIAN_POINT ( 'NONE',  ( 11.70000000000000284, 1.399999999999999911, 13.27999999999999936 ) ) ;
#116 = ORIENTED_EDGE ( 'NONE', *, *, #451, .T. ) ;
#117 = VECTOR ( 'NONE', #3021, 1000.000000000000000 ) ;
#118 = ADVANCED_FACE ( 'NONE', ( #2232 ), #685, .F. ) ;
#119 = EDGE_CURVE ( 'NONE', #1078, #1730, #2370, .T. ) ;
#120 = CARTESIAN_POINT ( 'NONE',  ( -5.540000000000002700, -1.385196573203009374, -6.110000000000000320 ) ) ;
#121 = ADVANCED_FACE ( 'NONE', ( #1421 ), #2620, .F. ) ;
#122 = DIRECTION ( 'NONE',  ( 0.000000000000000000, 1.000000000000000000, -0.000000000000000000 ) ) ;
#123 = EDGE_LOOP ( 'NONE', ( #2813, #114, #1544, #1221 ) ) ;
#124 = DIRECTION ( 'NONE',  ( -1.000000000000000000, 0.000000000000000000, 0.000000000000000000 ) ) ;
#125 = FACE_OUTER_BOUND ( 'NONE', #2587, .T. ) ;
#126 = LINE ( 'NONE', #1349, #1200 ) ;
#127 = VECTOR ( 'NONE', #221, 1000.000000000000000 ) ;
#128 =( NAMED_UNIT ( * ) SI_UNIT ( $, .STERADIAN. ) SOLID_ANGLE_UNIT ( ) );
#129 = CARTESIAN_POINT ( 'NONE',  ( 0.7599999999999967892, -1.390196573203009045, -3.109999999999999876 ) ) ;
#130 = ORIENTED_EDGE ( 'NONE', *, *, #642, .T. ) ;
#131 = UNCERTAINTY_MEASURE_WITH_UNIT (LENGTH_MEASURE( 1.000000000000000082E-05 ), #2216, 'distance_accuracy_value', 'NONE');
#132 = LINE ( 'NONE', #1370, #160 ) ;
#133 = DIRECTION ( 'NONE',  ( 1.000000000000000000, 0.000000000000000000, 0.000000000000000000 ) ) ;
#134 = PRODUCT_DEFINITION_SHAPE ( 'NONE', 'NONE',  #1882 ) ;
#135 = ORIENTED_EDGE ( 'NONE', *, *, #2406, .F. ) ;
#136 = ORIENTED_EDGE ( 'NONE', *, *, #981, .F. ) ;
#137 = CARTESIAN_POINT ( 'NONE',  ( -8.620000000000002771, -1.190196573203009089, -5.110000000000000320 ) ) ;
#138 = DIRECTION ( 'NONE',  ( 0.000000000000000000, 1.000000000000000000, -7.228014483236695816E-17 ) ) ;
#139 = VECTOR ( 'NONE', #1947, 1000.000000000000000 ) ;
#140 = ORIENTED_EDGE ( 'NONE', *, *, #2596, .T. ) ;
#141 = CARTESIAN_POINT ( 'NONE',  ( 11.70000000000000284, 1.500000000000000000, 13.27999999999999936 ) ) ;
#142 = LINE ( 'NONE', #2135, #1704 ) ;
#143 =( GEOMETRIC_REPRESENTATION_CONTEXT ( 3 ) GLOBAL_UNCERTAINTY_ASSIGNED_CONTEXT ( ( #707 ) ) GLOBAL_UNIT_ASSIGNED_CONTEXT ( ( #148, #2873, #2841 ) ) REPRESENTATION_CONTEXT ( 'NONE', 'WORKASPACE' ) );
#144 = COLOUR_RGB ( '',0.4039215686274509887, 0.3176470588235293935, 0.000000000000000000 ) ;
#145 = EDGE_CURVE ( 'NONE', #1511, #193, #1434, .T. ) ;
#146 = CARTESIAN_POINT ( 'NONE',  ( 2.779999999999997584, -1.390196573203009933, -14.86415607913128767 ) ) ;
#147 = CARTESIAN_POINT ( 'NONE',  ( -3.440000000000003499, -1.385196573203009152, -3.109999999999999876 ) ) ;
#148 =( LENGTH_UNIT ( ) NAMED_UNIT ( * ) SI_UNIT ( .MILLI., .METRE. ) );
#149 = VECTOR ( 'NONE', #345, 1000.000000000000000 ) ;
#150 = MECHANICAL_DESIGN_GEOMETRIC_PRESENTATION_REPRESENTATION (  '', ( #2800 ), #2412 ) ;
#151 = CARTESIAN_POINT ( 'NONE',  ( -4.140000000000003233, -1.385196573203009152, -3.109999999999999876 ) ) ;
#152 = DIRECTION ( 'NONE',  ( 0.000000000000000000, 1.000000000000000000, -7.379191939847947013E-17 ) ) ;
#153 = ORIENTED_EDGE ( 'NONE', *, *, #2208, .F. ) ;
#154 = VERTEX_POINT ( 'NONE', #1186 ) ;
#155 = PLANE ( 'NONE',  #176 ) ;
#156 = LINE ( 'NONE', #1394, #1707 ) ;
#157 = PRESENTATION_STYLE_ASSIGNMENT (( #1382 ) ) ;
#158 = DIRECTION ( 'NONE',  ( 1.000000000000000000, 0.000000000000000000, 0.000000000000000000 ) ) ;
#159 = DIRECTION ( 'NONE',  ( 1.000000000000000000, -0.000000000000000000, -0.000000000000000000 ) ) ;
#160 = VECTOR ( 'NONE', #1588, 1000.000000000000000 ) ;
#161 = EDGE_CURVE ( 'NONE', #421, #1261, #2854, .T. ) ;
#162 = AXIS2_PLACEMENT_3D ( 'NONE', #1169, #433, #2649 ) ;
#163 = EDGE_CURVE ( 'NONE', #1669, #870, #173, .T. ) ;
#164 = CARTESIAN_POINT ( 'NONE',  ( 11.70000000000000284, 1.399999999999999911, 13.27999999999999936 ) ) ;
#165 = ORIENTED_EDGE ( 'NONE', *, *, #598, .F. ) ;
#166 = ORIENTED_EDGE ( 'NONE', *, *, #622, .T. ) ;
#167 = DIRECTION ( 'NONE',  ( 0.000000000000000000, -1.000000000000000000, 7.379191939847947013E-17 ) ) ;
#168 = CARTESIAN_POINT ( 'NONE',  ( 25.72960514313748348, -1.390196573203009045, -3.109999999999999876 ) ) ;
#169 = VECTOR ( 'NONE', #3168, 1000.000000000000000 ) ;
#170 = FACE_OUTER_BOUND ( 'NONE', #849, .T. ) ;
#171 = AXIS2_PLACEMENT_3D ( 'NONE', #34, #1008, #1502 ) ;
#172 = VECTOR ( 'NONE', #1806, 1000.000000000000000 ) ;
#173 = LINE ( 'NONE', #1921, #249 ) ;
#174 = VECTOR ( 'NONE', #28, 1000.000000000000000 ) ;
#175 =( NAMED_UNIT ( * ) PLANE_ANGLE_UNIT ( ) SI_UNIT ( $, .RADIAN. ) );
#176 = AXIS2_PLACEMENT_3D ( 'NONE', #2833, #1853, #2393 ) ;
#177 = VECTOR ( 'NONE', #2051, 1000.000000000000000 ) ;
#178 = PRESENTATION_STYLE_ASSIGNMENT (( #58 ) ) ;
#179 = EDGE_CURVE ( 'NONE', #2392, #2008, #1203, .T. ) ;
#180 = CARTESIAN_POINT ( 'NONE',  ( -11.69999999999999574, 1.399999999999999911, 13.27999999999999936 ) ) ;
#181 = DIRECTION ( 'NONE',  ( -2.891205793294678326E-16, 7.228014483236695816E-17, 1.000000000000000000 ) ) ;
#182 = ORIENTED_EDGE ( 'NONE', *, *, #2964, .F. ) ;
#183 = ORIENTED_EDGE ( 'NONE', *, *, #855, .F. ) ;
#184 = CARTESIAN_POINT ( 'NONE',  ( -5.890000000000003233, -1.385196573203009152, -3.109999999999999876 ) ) ;
#185 = MECHANICAL_DESIGN_GEOMETRIC_PRESENTATION_REPRESENTATION (  '', ( #488 ), #1059 ) ;
#186 = VECTOR ( 'NONE', #1573, 1000.000000000000000 ) ;
#187 =( LENGTH_UNIT ( ) NAMED_UNIT ( * ) SI_UNIT ( .MILLI., .METRE. ) );
#188 = PLANE ( 'NONE',  #1845 ) ;
#189 = SURFACE_SIDE_STYLE ('',( #3121 ) ) ;
#190 =( NAMED_UNIT ( * ) PLANE_ANGLE_UNIT ( ) SI_UNIT ( $, .RADIAN. ) );
#191 = MECHANICAL_DESIGN_GEOMETRIC_PRESENTATION_REPRESENTATION (  '', ( #22 ), #1539 ) ;
#192 = ORIENTED_EDGE ( 'NONE', *, *, #933, .F. ) ;
#193 = VERTEX_POINT ( 'NONE', #1674 ) ;
#194 = DIRECTION ( 'NONE',  ( 0.000000000000000000, 0.000000000000000000, -1.000000000000000000 ) ) ;
#195 = CARTESIAN_POINT ( 'NONE',  ( -11.69999999999999574, 1.399999999999999911, -10.11999999999999744 ) ) ;
#196 =( NAMED_UNIT ( * ) PLANE_ANGLE_UNIT ( ) SI_UNIT ( $, .RADIAN. ) );
#197 = CARTESIAN_POINT ( 'NONE',  ( -5.890000000000003233, -1.390196573203009045, -3.109999999999999876 ) ) ;
#198 = EDGE_CURVE ( 'NONE', #2844, #1683, #1402, .T. ) ;
#199 = VECTOR ( 'NONE', #942, 1000.000000000000000 ) ;
#200 = LINE ( 'NONE', #2897, #2094 ) ;
#201 = CARTESIAN_POINT ( 'NONE',  ( -6.240000000000002878, -1.385196573203009152, -3.109999999999999876 ) ) ;
#202 =( NAMED_UNIT ( * ) SI_UNIT ( $, .STERADIAN. ) SOLID_ANGLE_UNIT ( ) );
#203 = FILL_AREA_STYLE_COLOUR ( '', #238 ) ;
#204 = STYLED_ITEM ( 'NONE', ( #2349 ), #399 ) ;
#205 = STYLED_ITEM ( 'NONE', ( #2369 ), #2426 ) ;
#206 = CARTESIAN_POINT ( 'NONE',  ( -1.690000000000003944, -1.385196573203009374, -6.110000000000000320 ) ) ;
#207 = COLOUR_RGB ( '',0.4039215686274509887, 0.3176470588235293935, 0.000000000000000000 ) ;
#208 = MECHANICAL_DESIGN_GEOMETRIC_PRESENTATION_REPRESENTATION (  '', ( #205 ), #516 ) ;
#209 = LINE ( 'NONE', #1207, #1 ) ;
#210 = ORIENTED_EDGE ( 'NONE', *, *, #216, .F. ) ;
#211 = ORIENTED_EDGE ( 'NONE', *, *, #1605, .T. ) ;
#212 = PLANE ( 'NONE',  #1297 ) ;
#213 = DIRECTION ( 'NONE',  ( 1.000000000000000000, 2.133476248632177812E-32, 2.891205793294678819E-16 ) ) ;
#214 = UNCERTAINTY_MEASURE_WITH_UNIT (LENGTH_MEASURE( 1.000000000000000082E-05 ), #1439, 'distance_accuracy_value', 'NONE');
#215 = CARTESIAN_POINT ( 'NONE',  ( 0.05999999999999495320, -1.385196573203009374, -6.110000000000000320 ) ) ;
#216 = EDGE_CURVE ( 'NONE', #2732, #2433, #401, .T. ) ;
#217 = EDGE_CURVE ( 'NONE', #31, #1567, #2354, .T. ) ;
#218 = CARTESIAN_POINT ( 'NONE',  ( -3.440000000000003499, -1.385196573203009374, -6.110000000000000320 ) ) ;
#219 = ADVANCED_FACE ( 'NONE', ( #2151 ), #1891, .T. ) ;
#220 = LINE ( 'NONE', #197, #945 ) ;
#221 = DIRECTION ( 'NONE',  ( 0.000000000000000000, -7.228014483236695816E-17, -1.000000000000000000 ) ) ;
#222 = CARTESIAN_POINT ( 'NONE',  ( 2.779999999999997584, 0.000000000000000000, -14.60999999999999943 ) ) ;
#223 = SURFACE_SIDE_STYLE ('',( #2474 ) ) ;
#224 = SURFACE_STYLE_FILL_AREA ( #2209 ) ;
#225 = AXIS2_PLACEMENT_3D ( 'NONE', #990, #486, #3191 ) ;
#226 = DIRECTION ( 'NONE',  ( -1.000000000000000000, -0.000000000000000000, -0.000000000000000000 ) ) ;
#227 = EDGE_LOOP ( 'NONE', ( #2583, #1944, #1522, #1368 ) ) ;
#228 = EDGE_LOOP ( 'NONE', ( #3186, #303, #286, #2817 ) ) ;
#229 = DIRECTION ( 'NONE',  ( -0.000000000000000000, -0.000000000000000000, 1.000000000000000000 ) ) ;
#230 = CARTESIAN_POINT ( 'NONE',  ( 2.779999999999997584, 0.2000000000000008438, -14.86415607913129477 ) ) ;
#231 = LINE ( 'NONE', #988, #505 ) ;
#232 = VERTEX_POINT ( 'NONE', #146 ) ;
#233 = SURFACE_STYLE_USAGE ( .BOTH. , #251 ) ;
#234 = FILL_AREA_STYLE_COLOUR ( '', #446 ) ;
#235 = FILL_AREA_STYLE ('',( #3113 ) ) ;
#236 = EDGE_CURVE ( 'NONE', #232, #1628, #1975, .T. ) ;
#237 = CARTESIAN_POINT ( 'NONE',  ( -0.6400000000000051203, -1.385196573203009152, -3.109999999999999876 ) ) ;
#238 = COLOUR_RGB ( '',0.4039215686274509887, 0.3176470588235293935, 0.000000000000000000 ) ;
#239 = ADVANCED_FACE ( 'NONE', ( #1648 ), #935, .F. ) ;
#240 =( NAMED_UNIT ( * ) SI_UNIT ( $, .STERADIAN. ) SOLID_ANGLE_UNIT ( ) );
#241 = STYLED_ITEM ( 'NONE', ( #1387 ), #25 ) ;
#242 = VERTEX_POINT ( 'NONE', #460 ) ;
#243 = EDGE_LOOP ( 'NONE', ( #27, #165, #1108, #2201, #3177, #1816, #2560, #2447, #2079, #2060, #262, #1271, #2213, #2501, #1410, #1547, #1928, #1581, #1995, #2554, #2077, #499, #3156, #294, #1441, #2788, #82, #678, #859, #941, #967, #2282, #69, #2270, #2064, #868, #482, #1326, #1036, #3031, #1574, #2390, #40, #1721, #1128, #2133, #2563, #2925, #3047, #800, #2144, #1850 ) ) ;
#244 = LINE ( 'NONE', #1686, #2520 ) ;
#245 = EDGE_CURVE ( 'NONE', #2764, #2713, #1998, .T. ) ;
#246 = PLANE ( 'NONE',  #1531 ) ;
#247 = VECTOR ( 'NONE', #2834, 1000.000000000000000 ) ;
#248 = DIRECTION ( 'NONE',  ( -1.000000000000000000, 0.000000000000000000, 0.000000000000000000 ) ) ;
#249 = VECTOR ( 'NONE', #2608, 1000.000000000000000 ) ;
#250 = ORIENTED_EDGE ( 'NONE', *, *, #1401, .F. ) ;
#251 = SURFACE_SIDE_STYLE ('',( #1933 ) ) ;
#252 = CARTESIAN_POINT ( 'NONE',  ( -5.190000000000003944, -1.385196573203009152, -3.109999999999999876 ) ) ;
#253 = LINE ( 'NONE', #2178, #127 ) ;
#254 = FILL_AREA_STYLE ('',( #267 ) ) ;
#255 = FILL_AREA_STYLE ('',( #997 ) ) ;
#256 = CARTESIAN_POINT ( 'NONE',  ( -6.590000000000002522, -1.385196573203009374, -6.110000000000000320 ) ) ;
#257 = EDGE_CURVE ( 'NONE', #703, #1065, #1488, .T. ) ;
#258 = LINE ( 'NONE', #763, #169 ) ;
#259 = EDGE_CURVE ( 'NONE', #84, #265, #510, .T. ) ;
#260 = PRESENTATION_LAYER_ASSIGNMENT (  '', '', ( #306 ) ) ;
#261 = ORIENTED_EDGE ( 'NONE', *, *, #54, .T. ) ;
#262 = ORIENTED_EDGE ( 'NONE', *, *, #1974, .T. ) ;
#263 = CARTESIAN_POINT ( 'NONE',  ( -3.790000000000004476, -1.385196573203009152, -3.109999999999999876 ) ) ;
#264 = UNCERTAINTY_MEASURE_WITH_UNIT (LENGTH_MEASURE( 1.000000000000000082E-05 ), #2025, 'distance_accuracy_value', 'NONE');
#265 = VERTEX_POINT ( 'NONE', #2460 ) ;
#266 = FILL_AREA_STYLE ('',( #234 ) ) ;
#267 = FILL_AREA_STYLE_COLOUR ( '', #270 ) ;
#268 = DIRECTION ( 'NONE',  ( -1.000000000000000000, -0.000000000000000000, -0.000000000000000000 ) ) ;
#269 = PRESENTATION_LAYER_ASSIGNMENT (  '', '', ( #2633 ) ) ;
#270 = COLOUR_RGB ( '',1.000000000000000000, 0.8901960784313724950, 0.000000000000000000 ) ;
#271 = LINE ( 'NONE', #478, #1309 ) ;
#272 = ADVANCED_FACE ( 'NONE', ( #2472 ), #1245, .T. ) ;
#273 = ORIENTED_EDGE ( 'NONE', *, *, #2964, .T. ) ;
#274 = VECTOR ( 'NONE', #85, 1000.000000000000000 ) ;
#275 = CARTESIAN_POINT ( 'NONE',  ( -9.620000000000002771, -1.190196573203009089, -6.110000000000001208 ) ) ;
#276 = VECTOR ( 'NONE', #3179, 1000.000000000000000 ) ;
#277 = ORIENTED_EDGE ( 'NONE', *, *, #1939, .T. ) ;
#278 = SURFACE_SIDE_STYLE ('',( #536 ) ) ;
#279 = UNCERTAINTY_MEASURE_WITH_UNIT (LENGTH_MEASURE( 1.000000000000000082E-05 ), #1355, 'distance_accuracy_value', 'NONE');
#280 = CARTESIAN_POINT ( 'NONE',  ( -4.490000000000004654, -1.390196573203009045, -3.109999999999999876 ) ) ;
#281 = ORIENTED_EDGE ( 'NONE', *, *, #1311, .T. ) ;
#282 = CARTESIAN_POINT ( 'NONE',  ( -13.08000000000000362, 1.500000000000000000, -14.60999999999999943 ) ) ;
#283 = FACE_OUTER_BOUND ( 'NONE', #2230, .T. ) ;
#284 = DIRECTION ( 'NONE',  ( -2.891205793294678326E-16, 7.228014483236695816E-17, 1.000000000000000000 ) ) ;
#285 = DIRECTION ( 'NONE',  ( -2.891205793294678326E-16, 7.228014483236695816E-17, 1.000000000000000000 ) ) ;
#286 = ORIENTED_EDGE ( 'NONE', *, *, #1602, .F. ) ;
#287 = VECTOR ( 'NONE', #2791, 1000.000000000000000 ) ;
#288 = EDGE_CURVE ( 'NONE', #831, #3027, #1028, .T. ) ;
#289 = CARTESIAN_POINT ( 'NONE',  ( -2.390000000000005009, -1.385196573203009152, -3.109999999999999876 ) ) ;
#290 = ORIENTED_EDGE ( 'NONE', *, *, #933, .T. ) ;
#291 = LINE ( 'NONE', #1302, #174 ) ;
#292 = SURFACE_STYLE_USAGE ( .BOTH. , #2500 ) ;
#293 = EDGE_CURVE ( 'NONE', #2748, #1087, #2968, .T. ) ;
#294 = ORIENTED_EDGE ( 'NONE', *, *, #1540, .F. ) ;
#295 =( NAMED_UNIT ( * ) PLANE_ANGLE_UNIT ( ) SI_UNIT ( $, .RADIAN. ) );
#296 = PRESENTATION_LAYER_ASSIGNMENT (  '', '', ( #22 ) ) ;
#297 = SURFACE_SIDE_STYLE ('',( #2333 ) ) ;
#298 = EDGE_CURVE ( 'NONE', #2777, #2798, #1967, .T. ) ;
#299 = DIRECTION ( 'NONE',  ( 0.000000000000000000, -7.228014483236695816E-17, -1.000000000000000000 ) ) ;
#300 = EDGE_LOOP ( 'NONE', ( #1799, #2545, #524, #985 ) ) ;
#301 = FACE_OUTER_BOUND ( 'NONE', #1885, .T. ) ;
#302 = CARTESIAN_POINT ( 'NONE',  ( 25.72960514313748348, -1.390196573203009045, -3.109999999999999876 ) ) ;
#303 = ORIENTED_EDGE ( 'NONE', *, *, #532, .F. ) ;
#304 = FACE_OUTER_BOUND ( 'NONE', #2565, .T. ) ;
#305 = AXIS2_PLACEMENT_3D ( 'NONE', #666, #2381, #3131 ) ;
#306 = STYLED_ITEM ( 'NONE', ( #1331 ), #2368 ) ;
#307 = ORIENTED_EDGE ( 'NONE', *, *, #216, .T. ) ;
#308 = DIRECTION ( 'NONE',  ( 0.000000000000000000, -1.000000000000000000, 7.379191939847947013E-17 ) ) ;
#309 = PRESENTATION_LAYER_ASSIGNMENT (  '', '', ( #2825 ) ) ;
#310 = EDGE_CURVE ( 'NONE', #3066, #1562, #1473, .T. ) ;
#311 = LINE ( 'NONE', #2101, #2205 ) ;
#312 = ADVANCED_FACE ( 'NONE', ( #1982 ), #760, .F. ) ;
#313 = ORIENTED_EDGE ( 'NONE', *, *, #2302, .F. ) ;
#314 = PLANE ( 'NONE',  #2193 ) ;
#315 = VERTEX_POINT ( 'NONE', #53 ) ;
#316 = SURFACE_STYLE_FILL_AREA ( #1549 ) ;
#317 = CARTESIAN_POINT ( 'NONE',  ( 13.07999999999999652, 1.500000000000000000, 14.60999999999999943 ) ) ;
#318 = ORIENTED_EDGE ( 'NONE', *, *, #3145, .T. ) ;
#319 = LINE ( 'NONE', #814, #664 ) ;
#320 = VECTOR ( 'NONE', #3030, 1000.000000000000000 ) ;
#321 = LINE ( 'NONE', #1319, #1312 ) ;
#322 = ORIENTED_EDGE ( 'NONE', *, *, #2237, .T. ) ;
#323 = DIRECTION ( 'NONE',  ( -1.000000000000000000, 0.000000000000000000, 0.000000000000000000 ) ) ;
#324 = SURFACE_STYLE_USAGE ( .BOTH. , #2532 ) ;
#325 = PRESENTATION_LAYER_ASSIGNMENT (  '', '', ( #2435 ) ) ;
#326 = ORIENTED_EDGE ( 'NONE', *, *, #2192, .T. ) ;
#327 =( LENGTH_UNIT ( ) NAMED_UNIT ( * ) SI_UNIT ( .MILLI., .METRE. ) );
#328 =( NAMED_UNIT ( * ) PLANE_ANGLE_UNIT ( ) SI_UNIT ( $, .RADIAN. ) );
#329 = CARTESIAN_POINT ( 'NONE',  ( -2.390000000000005009, -1.385196573203009152, -3.109999999999999876 ) ) ;
#330 = ORIENTED_EDGE ( 'NONE', *, *, #698, .T. ) ;
#331 = SURFACE_STYLE_FILL_AREA ( #2540 ) ;
#332 = MANIFOLD_SOLID_BREP ( '\X2\52079664\X0\-\X2\62c94f38\X0\3', #2358 ) ;
#333 = CARTESIAN_POINT ( 'NONE',  ( 0.05999999999999495320, -1.385196573203009374, -6.110000000000000320 ) ) ;
#334 =( GEOMETRIC_REPRESENTATION_CONTEXT ( 3 ) GLOBAL_UNCERTAINTY_ASSIGNED_CONTEXT ( ( #1139 ) ) GLOBAL_UNIT_ASSIGNED_CONTEXT ( ( #1518, #295, #2514 ) ) REPRESENTATION_CONTEXT ( 'NONE', 'WORKASPACE' ) );
#335 = PRESENTATION_LAYER_ASSIGNMENT (  '', '', ( #758 ) ) ;
#336 = ORIENTED_EDGE ( 'NONE', *, *, #8, .T. ) ;
#337 = CARTESIAN_POINT ( 'NONE',  ( -0.9900000000000056533, -1.385196573203009152, -3.109999999999999876 ) ) ;
#338 = CARTESIAN_POINT ( 'NONE',  ( -6.940000000000001279, -1.390196573203009045, -3.109999999999999876 ) ) ;
#339 = VECTOR ( 'NONE', #76, 1000.000000000000000 ) ;
#340 = EDGE_LOOP ( 'NONE', ( #2196, #1528, #1587, #611, #1225, #273, #2296, #2640 ) ) ;
#341 = PLANE ( 'NONE',  #1476 ) ;
#342 = ADVANCED_FACE ( 'NONE', ( #1324 ), #1530, .F. ) ;
#343 = ORIENTED_EDGE ( 'NONE', *, *, #930, .T. ) ;
#344 = CARTESIAN_POINT ( 'NONE',  ( -4.840000000000002522, -1.385196573203009152, -3.109999999999999876 ) ) ;
#345 = DIRECTION ( 'NONE',  ( -0.000000000000000000, -1.000000000000000000, 7.379191939847947013E-17 ) ) ;
#346 = ORIENTED_EDGE ( 'NONE', *, *, #1924, .T. ) ;
#347 = DIRECTION ( 'NONE',  ( 0.000000000000000000, -7.228014483236695816E-17, -1.000000000000000000 ) ) ;
#348 = DIRECTION ( 'NONE',  ( 0.000000000000000000, -7.379191939847947013E-17, -1.000000000000000000 ) ) ;
#349 = PRESENTATION_LAYER_ASSIGNMENT (  '', '', ( #2001 ) ) ;
#350 = VERTEX_POINT ( 'NONE', #3013 ) ;
#351 = AXIS2_PLACEMENT_3D ( 'NONE', #487, #2470, #2253 ) ;
#352 = VECTOR ( 'NONE', #2946, 1000.000000000000000 ) ;
#353 = FILL_AREA_STYLE_COLOUR ( '', #368 ) ;
#354 = DIRECTION ( 'NONE',  ( 0.000000000000000000, -7.379191939847947013E-17, -1.000000000000000000 ) ) ;
#355 = DIRECTION ( 'NONE',  ( 1.000000000000000000, 0.000000000000000000, 0.000000000000000000 ) ) ;
#356 = ADVANCED_FACE ( 'NONE', ( #2751 ), #2503, .T. ) ;
#357 = EDGE_CURVE ( 'NONE', #2956, #1957, #2569, .T. ) ;
#358 = ORIENTED_EDGE ( 'NONE', *, *, #2920, .T. ) ;
#359 = EDGE_CURVE ( 'NONE', #2505, #315, #1099, .T. ) ;
#360 = ADVANCED_FACE ( 'NONE', ( #125 ), #369, .F. ) ;
#361 = DIRECTION ( 'NONE',  ( 0.000000000000000000, 0.000000000000000000, 1.000000000000000000 ) ) ;
#362 = PRESENTATION_STYLE_ASSIGNMENT (( #1523 ) ) ;
#363 = VERTEX_POINT ( 'NONE', #593 ) ;
#364 = VERTEX_POINT ( 'NONE', #1659 ) ;
#365 = CARTESIAN_POINT ( 'NONE',  ( -6.590000000000003411, -1.385196573203009152, -3.109999999999999876 ) ) ;
#367 = VERTEX_POINT ( 'NONE', #2819 ) ;
#366 = STYLED_ITEM ( 'NONE', ( #1711 ), #1194 ) ;
#368 = COLOUR_RGB ( '',0.4039215686274509887, 0.3176470588235293935, 0.000000000000000000 ) ;
#369 = PLANE ( 'NONE',  #2257 ) ;
#370 = DIRECTION ( 'NONE',  ( 0.000000000000000000, 1.000000000000000000, -7.228014483236695816E-17 ) ) ;
#371 = ORIENTED_EDGE ( 'NONE', *, *, #2033, .F. ) ;
#372 = LINE ( 'NONE', #2335, #2783 ) ;
#373 = CARTESIAN_POINT ( 'NONE',  ( -13.08000000000000362, -1.390196573203009045, -3.109999999999999876 ) ) ;
#374 = DIRECTION ( 'NONE',  ( -0.000000000000000000, -1.000000000000000000, -0.000000000000000000 ) ) ;
#375 = CARTESIAN_POINT ( 'NONE',  ( 0.7599999999999950129, -1.385196573203009152, -3.109999999999999876 ) ) ;
#376 = CARTESIAN_POINT ( 'NONE',  ( 11.70000000000000284, 1.399999999999999911, 13.27999999999999936 ) ) ;
#377 = VERTEX_POINT ( 'NONE', #2118 ) ;
#378 = VERTEX_POINT ( 'NONE', #1182 ) ;
#379 = PLANE ( 'NONE',  #3017 ) ;
#380 = EDGE_CURVE ( 'NONE', #1365, #1495, #1151, .T. ) ;
#381 = ORIENTED_EDGE ( 'NONE', *, *, #2123, .T. ) ;
#382 = VECTOR ( 'NONE', #3097, 1000.000000000000000 ) ;
#383 = FILL_AREA_STYLE_COLOUR ( '', #62 ) ;
#384 =( NAMED_UNIT ( * ) SI_UNIT ( $, .STERADIAN. ) SOLID_ANGLE_UNIT ( ) );
#385 = FILL_AREA_STYLE ('',( #2609 ) ) ;
#386 = CARTESIAN_POINT ( 'NONE',  ( -11.69999999999999574, 1.399999999999999911, -10.11999999999999744 ) ) ;
#387 = STYLED_ITEM ( 'NONE', ( #722 ), #3164 ) ;
#388 = CARTESIAN_POINT ( 'NONE',  ( 0.7599999999999950129, -1.385196573203009374, -6.110000000000000320 ) ) ;
#389 = LINE ( 'NONE', #2613, #620 ) ;
#390 = ORIENTED_EDGE ( 'NONE', *, *, #1175, .T. ) ;
#391 = ORIENTED_EDGE ( 'NONE', *, *, #700, .T. ) ;
#392 = PLANE ( 'NONE',  #1568 ) ;
#393 = FACE_OUTER_BOUND ( 'NONE', #561, .T. ) ;
#394 = EDGE_CURVE ( 'NONE', #2552, #1078, #142, .T. ) ;
#395 = VECTOR ( 'NONE', #1828, 1000.000000000000000 ) ;
#396 = EDGE_LOOP ( 'NONE', ( #2054, #2704, #1443, #2036 ) ) ;
#397 =( NAMED_UNIT ( * ) SI_UNIT ( $, .STERADIAN. ) SOLID_ANGLE_UNIT ( ) );
#398 = EDGE_CURVE ( 'NONE', #1883, #2524, #648, .T. ) ;
#399 = ADVANCED_FACE ( 'NONE', ( #170 ), #904, .F. ) ;
#400 = VECTOR ( 'NONE', #1124, 1000.000000000000000 ) ;
#401 = LINE ( 'NONE', #711, #1081 ) ;
#402 = CARTESIAN_POINT ( 'NONE',  ( 0.000000000000000000, -1.385196573203008930, 1.001146500595813351E-16 ) ) ;
#403 =( NAMED_UNIT ( * ) SI_UNIT ( $, .STERADIAN. ) SOLID_ANGLE_UNIT ( ) );
#404 = DIRECTION ( 'NONE',  ( -1.000000000000000000, 0.000000000000000000, -0.000000000000000000 ) ) ;
#405 = VERTEX_POINT ( 'NONE', #2851 ) ;
#406 = ORIENTED_EDGE ( 'NONE', *, *, #1263, .T. ) ;
#407 = CARTESIAN_POINT ( 'NONE',  ( 1.779999999999996918, -1.390196573203009045, -3.109999999999999876 ) ) ;
#408 = LINE ( 'NONE', #2379, #2250 ) ;
#409 =( NAMED_UNIT ( * ) SI_UNIT ( $, .STERADIAN. ) SOLID_ANGLE_UNIT ( ) );
#410 = LINE ( 'NONE', #1416, #2168 ) ;
#411 = EDGE_CURVE ( 'NONE', #2713, #2726, #3088, .T. ) ;
#412 = UNCERTAINTY_MEASURE_WITH_UNIT (LENGTH_MEASURE( 1.000000000000000082E-05 ), #679, 'distance_accuracy_value', 'NONE');
#413 =( GEOMETRIC_REPRESENTATION_CONTEXT ( 3 ) GLOBAL_UNCERTAINTY_ASSIGNED_CONTEXT ( ( #2480 ) ) GLOBAL_UNIT_ASSIGNED_CONTEXT ( ( #600, #2591, #384 ) ) REPRESENTATION_CONTEXT ( 'NONE', 'WORKASPACE' ) );
#414 = PRESENTATION_STYLE_ASSIGNMENT (( #651 ) ) ;
#415 = PRESENTATION_LAYER_ASSIGNMENT (  '', '', ( #366 ) ) ;
#416 = CARTESIAN_POINT ( 'NONE',  ( -7.620000000000001883, -1.390196573203009045, -3.109999999999999876 ) ) ;
#417 = CARTESIAN_POINT ( 'NONE',  ( 0.4099999999999937028, -1.385196573203009152, -3.109999999999999876 ) ) ;
#418 =( NAMED_UNIT ( * ) PLANE_ANGLE_UNIT ( ) SI_UNIT ( $, .RADIAN. ) );
#419 = DIRECTION ( 'NONE',  ( -2.891205793294678326E-16, 7.228014483236695816E-17, 1.000000000000000000 ) ) ;
#420 = CARTESIAN_POINT ( 'NONE',  ( -3.090000000000004743, -1.390196573203009045, -3.109999999999999876 ) ) ;
#421 = VERTEX_POINT ( 'NONE', #1630 ) ;
#422 = ORIENTED_EDGE ( 'NONE', *, *, #2827, .F. ) ;
#423 = DIRECTION ( 'NONE',  ( 0.000000000000000000, -7.379191939847947013E-17, -1.000000000000000000 ) ) ;
#424 = CARTESIAN_POINT ( 'NONE',  ( -13.08000000000000362, -0.5950982866015045447, -14.86415607913129477 ) ) ;
#425 =( GEOMETRIC_REPRESENTATION_CONTEXT ( 3 ) GLOBAL_UNCERTAINTY_ASSIGNED_CONTEXT ( ( #469 ) ) GLOBAL_UNIT_ASSIGNED_CONTEXT ( ( #1665, #190, #1651 ) ) REPRESENTATION_CONTEXT ( 'NONE', 'WORKASPACE' ) );
#426 = VECTOR ( 'NONE', #2951, 1000.000000000000000 ) ;
#427 = PLANE ( 'NONE',  #999 ) ;
#428 = UNCERTAINTY_MEASURE_WITH_UNIT (LENGTH_MEASURE( 1.000000000000000082E-05 ), #1190, 'distance_accuracy_value', 'NONE');
#429 = VECTOR ( 'NONE', #35, 1000.000000000000000 ) ;
#430 = LINE ( 'NONE', #1634, #2323 ) ;
#431 = PRESENTATION_STYLE_ASSIGNMENT (( #1205 ) ) ;
#432 = VECTOR ( 'NONE', #1393, 1000.000000000000000 ) ;
#433 = DIRECTION ( 'NONE',  ( 0.000000000000000000, -7.379191939847947013E-17, -1.000000000000000000 ) ) ;
#434 = CARTESIAN_POINT ( 'NONE',  ( 0.05999999999999408584, -1.390196573203009045, -3.109999999999999876 ) ) ;
#435 = VERTEX_POINT ( 'NONE', #2605 ) ;
#436 = EDGE_LOOP ( 'NONE', ( #2328, #1833, #1855, #2534 ) ) ;
#437 = DIRECTION ( 'NONE',  ( 0.000000000000000000, -7.228014483236695816E-17, -1.000000000000000000 ) ) ;
#438 = DIRECTION ( 'NONE',  ( -1.000000000000000000, 0.000000000000000000, 0.000000000000000000 ) ) ;
#439 = CARTESIAN_POINT ( 'NONE',  ( -5.190000000000003944, -1.385196573203009152, -3.109999999999999876 ) ) ;
#440 = PRESENTATION_LAYER_ASSIGNMENT (  '', '', ( #2495 ) ) ;
#441 = CARTESIAN_POINT ( 'NONE',  ( -13.08000000000000362, 0.000000000000000000, -14.86415607913129477 ) ) ;
#442 = STYLED_ITEM ( 'NONE', ( #1923 ), #1090 ) ;
#443 = DIRECTION ( 'NONE',  ( -0.000000000000000000, -1.000000000000000000, 7.379191939847947013E-17 ) ) ;
#444 = SURFACE_STYLE_USAGE ( .BOTH. , #946 ) ;
#445 =( LENGTH_UNIT ( ) NAMED_UNIT ( * ) SI_UNIT ( .MILLI., .METRE. ) );
#446 = COLOUR_RGB ( '',0.4039215686274509887, 0.3176470588235293935, 0.000000000000000000 ) ;
#447 = LINE ( 'NONE', #2904, #1423 ) ;
#448 = LINE ( 'NONE', #18, #2657 ) ;
#449 = EDGE_CURVE ( 'NONE', #2505, #1669, #1397, .T. ) ;
#450 = EDGE_CURVE ( 'NONE', #3001, #2453, #1642, .T. ) ;
#451 = EDGE_CURVE ( 'NONE', #579, #378, #410, .T. ) ;
#452 = VECTOR ( 'NONE', #626, 1000.000000000000000 ) ;
#453 = ORIENTED_EDGE ( 'NONE', *, *, #1506, .F. ) ;
#454 = ORIENTED_EDGE ( 'NONE', *, *, #2579, .F. ) ;
#455 = DIRECTION ( 'NONE',  ( -0.000000000000000000, 1.000000000000000000, -0.000000000000000000 ) ) ;
#456 =( NAMED_UNIT ( * ) PLANE_ANGLE_UNIT ( ) SI_UNIT ( $, .RADIAN. ) );
#457 = DIRECTION ( 'NONE',  ( 0.000000000000000000, 1.000000000000000000, -7.379191939847947013E-17 ) ) ;
#458 = VECTOR ( 'NONE', #2629, 1000.000000000000000 ) ;
#459 = DIRECTION ( 'NONE',  ( 1.000000000000000000, 0.000000000000000000, 0.000000000000000000 ) ) ;
#460 = CARTESIAN_POINT ( 'NONE',  ( -7.620000000000001883, -1.190196573203009089, -3.109999999999999876 ) ) ;
#461 =( NAMED_UNIT ( * ) SI_UNIT ( $, .STERADIAN. ) SOLID_ANGLE_UNIT ( ) );
#462 = COLOUR_RGB ( '',1.000000000000000000, 0.8901960784313724950, 0.000000000000000000 ) ;
#463 = VECTOR ( 'NONE', #2656, 1000.000000000000000 ) ;
#464 = DIRECTION ( 'NONE',  ( -2.891205793294678326E-16, 7.228014483236695816E-17, 1.000000000000000000 ) ) ;
#465 = VERTEX_POINT ( 'NONE', #917 ) ;
#466 = ORIENTED_EDGE ( 'NONE', *, *, #2033, .T. ) ;
#467 =( NAMED_UNIT ( * ) SI_UNIT ( $, .STERADIAN. ) SOLID_ANGLE_UNIT ( ) );
#468 = SURFACE_STYLE_USAGE ( .BOTH. , #7 ) ;
#469 = UNCERTAINTY_MEASURE_WITH_UNIT (LENGTH_MEASURE( 1.000000000000000082E-05 ), #1665, 'distance_accuracy_value', 'NONE');
#470 = FACE_OUTER_BOUND ( 'NONE', #1268, .T. ) ;
#471 = EDGE_CURVE ( 'NONE', #2798, #87, #2395, .T. ) ;
#472 = CARTESIAN_POINT ( 'NONE',  ( -5.890000000000003233, -1.385196573203009374, -6.110000000000000320 ) ) ;
#473 = CARTESIAN_POINT ( 'NONE',  ( -8.620000000000002771, -1.190196573203009089, -14.86415607913129477 ) ) ;
#474 = STYLED_ITEM ( 'NONE', ( #2297 ), #702 ) ;
#475 = DIRECTION ( 'NONE',  ( -1.000000000000000000, 0.000000000000000000, -0.000000000000000000 ) ) ;
#476 = CARTESIAN_POINT ( 'NONE',  ( -2.740000000000003766, -1.385196573203009152, -3.109999999999999876 ) ) ;
#477 = ADVANCED_FACE ( 'NONE', ( #2411 ), #1919, .F. ) ;
#478 = CARTESIAN_POINT ( 'NONE',  ( -5.190000000000003944, -1.390196573203009045, -3.109999999999999876 ) ) ;
#479 = CARTESIAN_POINT ( 'NONE',  ( 1.109999999999993880, -1.390196573203009045, -3.109999999999999876 ) ) ;
#480 = VERTEX_POINT ( 'NONE', #2714 ) ;
#481 =( GEOMETRIC_REPRESENTATION_CONTEXT ( 3 ) GLOBAL_UNCERTAINTY_ASSIGNED_CONTEXT ( ( #953 ) ) GLOBAL_UNIT_ASSIGNED_CONTEXT ( ( #799, #1038, #2728 ) ) REPRESENTATION_CONTEXT ( 'NONE', 'WORKASPACE' ) );
#482 = ORIENTED_EDGE ( 'NONE', *, *, #2491, .F. ) ;
#483 = PRESENTATION_STYLE_ASSIGNMENT (( #2671 ) ) ;
#484 = DIRECTION ( 'NONE',  ( 0.000000000000000000, 1.000000000000000000, -7.228014483236695816E-17 ) ) ;
#485 = ORIENTED_EDGE ( 'NONE', *, *, #1796, .F. ) ;
#486 = DIRECTION ( 'NONE',  ( 0.000000000000000000, -1.000000000000000000, 0.000000000000000000 ) ) ;
#487 = CARTESIAN_POINT ( 'NONE',  ( -2.740000000000003766, -1.385196573203009374, -6.110000000000000320 ) ) ;
#488 = STYLED_ITEM ( 'NONE', ( #157 ), #3053 ) ;
#489 = EDGE_CURVE ( 'NONE', #2433, #2289, #2914, .T. ) ;
#490 = FACE_OUTER_BOUND ( 'NONE', #765, .T. ) ;
#491 = EDGE_CURVE ( 'NONE', #2726, #3060, #2187, .T. ) ;
#492 =( NAMED_UNIT ( * ) SI_UNIT ( $, .STERADIAN. ) SOLID_ANGLE_UNIT ( ) );
#493 = PLANE ( 'NONE',  #68 ) ;
#494 = DIRECTION ( 'NONE',  ( 0.000000000000000000, 1.000000000000000000, -7.228014483236695816E-17 ) ) ;
#495 = VECTOR ( 'NONE', #1449, 1000.000000000000000 ) ;
#496 = COLOUR_RGB ( '',0.4039215686274509887, 0.3176470588235293935, 0.000000000000000000 ) ;
#497 = LINE ( 'NONE', #2711, #3044 ) ;
#498 = DIRECTION ( 'NONE',  ( -0.000000000000000000, 0.000000000000000000, 1.000000000000000000 ) ) ;
#499 = ORIENTED_EDGE ( 'NONE', *, *, #2237, .F. ) ;
#500 = MECHANICAL_DESIGN_GEOMETRIC_PRESENTATION_REPRESENTATION (  '', ( #2203 ), #2705 ) ;
#501 = ORIENTED_EDGE ( 'NONE', *, *, #6, .T. ) ;
#502 = PLANE ( 'NONE',  #1945 ) ;
#503 =( GEOMETRIC_REPRESENTATION_CONTEXT ( 3 ) GLOBAL_UNCERTAINTY_ASSIGNED_CONTEXT ( ( #802 ) ) GLOBAL_UNIT_ASSIGNED_CONTEXT ( ( #1736, #1023, #1755 ) ) REPRESENTATION_CONTEXT ( 'NONE', 'WORKASPACE' ) );
#504 = DIRECTION ( 'NONE',  ( -0.000000000000000000, -1.000000000000000000, 7.379191939847947013E-17 ) ) ;
#505 = VECTOR ( 'NONE', #504, 1000.000000000000000 ) ;
#506 =( GEOMETRIC_REPRESENTATION_CONTEXT ( 3 ) GLOBAL_UNCERTAINTY_ASSIGNED_CONTEXT ( ( #2112 ) ) GLOBAL_UNIT_ASSIGNED_CONTEXT ( ( #445, #3136, #673 ) ) REPRESENTATION_CONTEXT ( 'NONE', 'WORKASPACE' ) );
#507 = ORIENTED_EDGE ( 'NONE', *, *, #793, .F. ) ;
#508 = FACE_OUTER_BOUND ( 'NONE', #1298, .T. ) ;
#509 = CARTESIAN_POINT ( 'NONE',  ( -4.140000000000005009, -1.390196573203009045, -3.109999999999999876 ) ) ;
#510 = LINE ( 'NONE', #995, #1667 ) ;
#511 = ADVANCED_FACE ( 'NONE', ( #955 ), #971, .F. ) ;
#512 = FACE_OUTER_BOUND ( 'NONE', #61, .T. ) ;
#513 = CARTESIAN_POINT ( 'NONE',  ( 0.000000000000000000, -1.385196573203008930, 1.001146500595813351E-16 ) ) ;
#514 = PLANE ( 'NONE',  #2682 ) ;
#515 =( NAMED_UNIT ( * ) PLANE_ANGLE_UNIT ( ) SI_UNIT ( $, .RADIAN. ) );
#516 =( GEOMETRIC_REPRESENTATION_CONTEXT ( 3 ) GLOBAL_UNCERTAINTY_ASSIGNED_CONTEXT ( ( #2958 ) ) GLOBAL_UNIT_ASSIGNED_CONTEXT ( ( #1876, #2886, #461 ) ) REPRESENTATION_CONTEXT ( 'NONE', 'WORKASPACE' ) );
#517 = EDGE_LOOP ( 'NONE', ( #2878, #2582, #1734, #1304 ) ) ;
#518 = DIRECTION ( 'NONE',  ( 2.891205793294678819E-16, 0.000000000000000000, -1.000000000000000000 ) ) ;
#519 = UNCERTAINTY_MEASURE_WITH_UNIT (LENGTH_MEASURE( 1.000000000000000082E-05 ), #2879, 'distance_accuracy_value', 'NONE');
#520 = PRESENTATION_STYLE_ASSIGNMENT (( #1752 ) ) ;
#521 = ORIENTED_EDGE ( 'NONE', *, *, #119, .F. ) ;
#522 = DIRECTION ( 'NONE',  ( -0.000000000000000000, 1.000000000000000000, -7.379191939847947013E-17 ) ) ;
#523 = PRESENTATION_STYLE_ASSIGNMENT (( #2718 ) ) ;
#524 = ORIENTED_EDGE ( 'NONE', *, *, #2176, .F. ) ;
#525 = SURFACE_STYLE_USAGE ( .BOTH. , #2044 ) ;
#526 = DIRECTION ( 'NONE',  ( -1.000000000000000000, -0.000000000000000000, -0.000000000000000000 ) ) ;
#527 = CARTESIAN_POINT ( 'NONE',  ( 1.109999999999993880, -1.385196573203009152, -3.109999999999999876 ) ) ;
#528 = EDGE_CURVE ( 'NONE', #193, #2971, #231, .T. ) ;
#529 = ORIENTED_EDGE ( 'NONE', *, *, #1696, .T. ) ;
#530 =( GEOMETRIC_REPRESENTATION_CONTEXT ( 3 ) GLOBAL_UNCERTAINTY_ASSIGNED_CONTEXT ( ( #264 ) ) GLOBAL_UNIT_ASSIGNED_CONTEXT ( ( #2025, #552, #1147 ) ) REPRESENTATION_CONTEXT ( 'NONE', 'WORKASPACE' ) );
#531 = SURFACE_SIDE_STYLE ('',( #41 ) ) ;
#532 = EDGE_CURVE ( 'NONE', #3023, #2753, #1224, .T. ) ;
#533 = VECTOR ( 'NONE', #3132, 1000.000000000000000 ) ;
#534 = SURFACE_STYLE_FILL_AREA ( #585 ) ;
#535 = ORIENTED_EDGE ( 'NONE', *, *, #450, .F. ) ;
#536 = SURFACE_STYLE_FILL_AREA ( #1342 ) ;
#537 = UNCERTAINTY_MEASURE_WITH_UNIT (LENGTH_MEASURE( 1.000000000000000082E-05 ), #97, 'distance_accuracy_value', 'NONE');
#538 = EDGE_LOOP ( 'NONE', ( #1612, #2099, #2742, #1047 ) ) ;
#539 = PLANE ( 'NONE',  #2445 ) ;
#540 = SURFACE_SIDE_STYLE ('',( #1056 ) ) ;
#541 =( LENGTH_UNIT ( ) NAMED_UNIT ( * ) SI_UNIT ( .MILLI., .METRE. ) );
#542 = FACE_OUTER_BOUND ( 'NONE', #2490, .T. ) ;
#543 = ORIENTED_EDGE ( 'NONE', *, *, #1420, .T. ) ;
#544 = DIRECTION ( 'NONE',  ( 1.000000000000000000, 0.000000000000000000, 0.000000000000000000 ) ) ;
#545 = CARTESIAN_POINT ( 'NONE',  ( 0.000000000000000000, -1.385196573203008930, 1.001146500595813351E-16 ) ) ;
#546 = ORIENTED_EDGE ( 'NONE', *, *, #1643, .T. ) ;
#547 = ADVANCED_FACE ( 'NONE', ( #2468 ), #1994, .F. ) ;
#548 = EDGE_CURVE ( 'NONE', #820, #1915, #1358, .T. ) ;
#549 = DIRECTION ( 'NONE',  ( 0.000000000000000000, 0.000000000000000000, 1.000000000000000000 ) ) ;
#550 = COLOUR_RGB ( '',0.4039215686274509887, 0.3176470588235293935, 0.000000000000000000 ) ;
#551 = ORIENTED_EDGE ( 'NONE', *, *, #1027, .T. ) ;
#552 =( NAMED_UNIT ( * ) PLANE_ANGLE_UNIT ( ) SI_UNIT ( $, .RADIAN. ) );
#553 = CARTESIAN_POINT ( 'NONE',  ( -8.620000000000002771, -1.390196573203009045, -4.110000000000000320 ) ) ;
#554 = ORIENTED_EDGE ( 'NONE', *, *, #1974, .F. ) ;
#555 = FACE_OUTER_BOUND ( 'NONE', #2169, .T. ) ;
#556 = AXIS2_PLACEMENT_3D ( 'NONE', #1695, #1260, #949 ) ;
#557 = LINE ( 'NONE', #2803, #3137 ) ;
#558 = ORIENTED_EDGE ( 'NONE', *, *, #2255, .T. ) ;
#559 = SURFACE_SIDE_STYLE ('',( #1858 ) ) ;
#560 = CARTESIAN_POINT ( 'NONE',  ( -0.9900000000000047651, -1.385196573203009374, -6.110000000000000320 ) ) ;
#561 = EDGE_LOOP ( 'NONE', ( #2040, #2029, #529, #1685 ) ) ;
#562 = DIRECTION ( 'NONE',  ( -0.000000000000000000, -1.000000000000000000, 7.379191939847947013E-17 ) ) ;
#563 = MECHANICAL_DESIGN_GEOMETRIC_PRESENTATION_REPRESENTATION (  '', ( #366 ), #2129 ) ;
#564 = LINE ( 'NONE', #1556, #2154 ) ;
#565 = ORIENTED_EDGE ( 'NONE', *, *, #380, .F. ) ;
#566 = CARTESIAN_POINT ( 'NONE',  ( -1.690000000000004832, -1.385196573203009152, -3.109999999999999876 ) ) ;
#567 = DIRECTION ( 'NONE',  ( 0.000000000000000000, 0.000000000000000000, 1.000000000000000000 ) ) ;
#568 = ORIENTED_EDGE ( 'NONE', *, *, #2923, .F. ) ;
#569 = PRESENTATION_STYLE_ASSIGNMENT (( #525 ) ) ;
#570 = SURFACE_STYLE_USAGE ( .BOTH. , #540 ) ;
#571 = CARTESIAN_POINT ( 'NONE',  ( -2.740000000000003766, -1.390196573203009045, -3.109999999999999876 ) ) ;
#572 = ORIENTED_EDGE ( 'NONE', *, *, #2245, .T. ) ;
#573 = LINE ( 'NONE', #1788, #1160 ) ;
#574 = DIRECTION ( 'NONE',  ( 0.000000000000000000, -7.379191939847947013E-17, -1.000000000000000000 ) ) ;
#575 = SURFACE_STYLE_FILL_AREA ( #2772 ) ;
#576 = ORIENTED_EDGE ( 'NONE', *, *, #2867, .T. ) ;
#577 = EDGE_CURVE ( 'NONE', #838, #831, #1281, .T. ) ;
#578 = STYLED_ITEM ( 'NONE', ( #3123 ), #836 ) ;
#579 = VERTEX_POINT ( 'NONE', #2287 ) ;
#580 = CARTESIAN_POINT ( 'NONE',  ( 0.05999999999999495320, -1.385196573203009152, -3.109999999999999876 ) ) ;
#581 = AXIS2_PLACEMENT_3D ( 'NONE', #1857, #3018, #2590 ) ;
#582 = SURFACE_SIDE_STYLE ('',( #2776 ) ) ;
#583 = ORIENTED_EDGE ( 'NONE', *, *, #1740, .T. ) ;
#584 = VECTOR ( 'NONE', #323, 1000.000000000000000 ) ;
#585 = FILL_AREA_STYLE ('',( #1767 ) ) ;
#586 = ORIENTED_EDGE ( 'NONE', *, *, #2492, .F. ) ;
#587 = CARTESIAN_POINT ( 'NONE',  ( 2.779999999999997584, -1.190196573203009089, -14.86415607913129477 ) ) ;
#588 = LINE ( 'NONE', #1303, #1691 ) ;
#589 = VECTOR ( 'NONE', #2678, 1000.000000000000000 ) ;
#590 = VECTOR ( 'NONE', #419, 1000.000000000000000 ) ;
#591 = ORIENTED_EDGE ( 'NONE', *, *, #1457, .T. ) ;
#592 = DIRECTION ( 'NONE',  ( 0.000000000000000000, -1.000000000000000000, 7.379191939847947013E-17 ) ) ;
#593 = CARTESIAN_POINT ( 'NONE',  ( 1.109999999999993880, -1.390196573203009045, -3.109999999999999876 ) ) ;
#594 = CARTESIAN_POINT ( 'NONE',  ( 0.7599999999999950129, -1.390196573203009267, -6.110000000000000320 ) ) ;
#595 = ORIENTED_EDGE ( 'NONE', *, *, #163, .T. ) ;
#596 = ADVANCED_FACE ( 'NONE', ( #2973 ), #341, .F. ) ;
#597 = EDGE_CURVE ( 'NONE', #2792, #84, #2269, .T. ) ;
#598 = EDGE_CURVE ( 'NONE', #1819, #2505, #2778, .T. ) ;
#599 = VECTOR ( 'NONE', #1596, 1000.000000000000000 ) ;
#600 =( LENGTH_UNIT ( ) NAMED_UNIT ( * ) SI_UNIT ( .MILLI., .METRE. ) );
#601 = LINE ( 'NONE', #1584, #1997 ) ;
#602 = FACE_OUTER_BOUND ( 'NONE', #227, .T. ) ;
#603 = VECTOR ( 'NONE', #2348, 1000.000000000000000 ) ;
#604 = COLOUR_RGB ( '',0.4039215686274509887, 0.3176470588235293935, 0.000000000000000000 ) ;
#605 = ORIENTED_EDGE ( 'NONE', *, *, #1924, .F. ) ;
#606 = CARTESIAN_POINT ( 'NONE',  ( 1.109999999999993880, -1.385196573203009152, -3.109999999999999876 ) ) ;
#607 = CARTESIAN_POINT ( 'NONE',  ( -3.790000000000003588, -1.385196573203009374, -6.110000000000000320 ) ) ;
#608 = AXIS2_PLACEMENT_3D ( 'NONE', #1367, #1123, #1535 ) ;
#609 = EDGE_LOOP ( 'NONE', ( #543, #1074, #2691, #583 ) ) ;
#610 = CARTESIAN_POINT ( 'NONE',  ( -2.390000000000005009, -1.390196573203009045, -3.109999999999999876 ) ) ;
#611 = ORIENTED_EDGE ( 'NONE', *, *, #236, .T. ) ;
#612 = CARTESIAN_POINT ( 'NONE',  ( -5.540000000000002700, -1.385196573203009152, -3.109999999999999876 ) ) ;
#613 =( NAMED_UNIT ( * ) PLANE_ANGLE_UNIT ( ) SI_UNIT ( $, .RADIAN. ) );
#614 = ORIENTED_EDGE ( 'NONE', *, *, #824, .F. ) ;
#615 = CARTESIAN_POINT ( 'NONE',  ( -2.390000000000004121, -1.390196573203009267, -6.110000000000000320 ) ) ;
#616 = CARTESIAN_POINT ( 'NONE',  ( -5.890000000000003233, -1.385196573203009374, -6.110000000000000320 ) ) ;
#617 = VECTOR ( 'NONE', #2978, 1000.000000000000000 ) ;
#618 = DIRECTION ( 'NONE',  ( 0.000000000000000000, -7.228014483236695816E-17, -1.000000000000000000 ) ) ;
#619 = ORIENTED_EDGE ( 'NONE', *, *, #2516, .F. ) ;
#620 = VECTOR ( 'NONE', #2373, 1000.000000000000000 ) ;
#621 =( NAMED_UNIT ( * ) PLANE_ANGLE_UNIT ( ) SI_UNIT ( $, .RADIAN. ) );
#622 = EDGE_CURVE ( 'NONE', #2774, #2053, #64, .T. ) ;
#623 = DIRECTION ( 'NONE',  ( -1.000000000000000000, 0.000000000000000000, 0.000000000000000000 ) ) ;
#624 = UNCERTAINTY_MEASURE_WITH_UNIT (LENGTH_MEASURE( 1.000000000000000082E-05 ), #3147, 'distance_accuracy_value', 'NONE');
#625 = CARTESIAN_POINT ( 'NONE',  ( -2.390000000000005009, -1.390196573203009045, -3.109999999999999876 ) ) ;
#626 = DIRECTION ( 'NONE',  ( -0.000000000000000000, -1.000000000000000000, 7.379191939847947013E-17 ) ) ;
#627 = ORIENTED_EDGE ( 'NONE', *, *, #1509, .F. ) ;
#628 = EDGE_LOOP ( 'NONE', ( #1425, #2835, #313, #817 ) ) ;
#629 = FILL_AREA_STYLE ('',( #901 ) ) ;
#630 = PRESENTATION_LAYER_ASSIGNMENT (  '', '', ( #204 ) ) ;
#631 = CARTESIAN_POINT ( 'NONE',  ( 1.779999999999996030, -1.190196573203009089, -3.109999999999999876 ) ) ;
#632 = AXIS2_PLACEMENT_3D ( 'NONE', #402, #2872, #1187 ) ;
#634 = ORIENTED_EDGE ( 'NONE', *, *, #920, .T. ) ;
#633 = AXIS2_PLACEMENT_3D ( 'NONE', #606, #1863, #830 ) ;
#635 =( NAMED_UNIT ( * ) PLANE_ANGLE_UNIT ( ) SI_UNIT ( $, .RADIAN. ) );
#636 = SURFACE_STYLE_FILL_AREA ( #2631 ) ;
#637 = CARTESIAN_POINT ( 'NONE',  ( -2.390000000000004121, -1.385196573203009374, -6.110000000000000320 ) ) ;
#638 = FACE_OUTER_BOUND ( 'NONE', #845, .T. ) ;
#639 = EDGE_CURVE ( 'NONE', #109, #3171, #2078, .T. ) ;
#640 = DIRECTION ( 'NONE',  ( 0.000000000000000000, -7.228014483236695816E-17, -1.000000000000000000 ) ) ;
#641 =( NAMED_UNIT ( * ) PLANE_ANGLE_UNIT ( ) SI_UNIT ( $, .RADIAN. ) );
#642 = EDGE_CURVE ( 'NONE', #1730, #465, #851, .T. ) ;
#643 = ORIENTED_EDGE ( 'NONE', *, *, #1881, .F. ) ;
#644 = ORIENTED_EDGE ( 'NONE', *, *, #920, .F. ) ;
#645 = DIRECTION ( 'NONE',  ( -1.000000000000000000, -0.000000000000000000, -0.000000000000000000 ) ) ;
#646 = ORIENTED_EDGE ( 'NONE', *, *, #2650, .F. ) ;
#647 = LINE ( 'NONE', #2103, #2697 ) ;
#648 = LINE ( 'NONE', #1873, #885 ) ;
#649 = COLOUR_RGB ( '',0.4039215686274509887, 0.3176470588235293935, 0.000000000000000000 ) ;
#650 = UNCERTAINTY_MEASURE_WITH_UNIT (LENGTH_MEASURE( 1.000000000000000082E-05 ), #2674, 'distance_accuracy_value', 'NONE');
#651 = SURFACE_STYLE_USAGE ( .BOTH. , #2840 ) ;
#652 = FILL_AREA_STYLE ('',( #203 ) ) ;
#653 = VERTEX_POINT ( 'NONE', #2797 ) ;
#654 = VECTOR ( 'NONE', #347, 1000.000000000000000 ) ;
#655 = CARTESIAN_POINT ( 'NONE',  ( -5.540000000000002700, -1.385196573203009152, -3.109999999999999876 ) ) ;
#656 = CARTESIAN_POINT ( 'NONE',  ( 0.000000000000000000, -1.385196573203008930, 1.001146500595813351E-16 ) ) ;
#657 = EDGE_CURVE ( 'NONE', #109, #2956, #564, .T. ) ;
#658 = ORIENTED_EDGE ( 'NONE', *, *, #2080, .T. ) ;
#659 = ORIENTED_EDGE ( 'NONE', *, *, #161, .T. ) ;
#660 = EDGE_CURVE ( 'NONE', #3081, #1496, #1073, .T. ) ;
#661 =( NAMED_UNIT ( * ) SI_UNIT ( $, .STERADIAN. ) SOLID_ANGLE_UNIT ( ) );
#662 = CARTESIAN_POINT ( 'NONE',  ( -4.140000000000003233, -1.385196573203009152, -3.109999999999999876 ) ) ;
#663 = VECTOR ( 'NONE', #777, 1000.000000000000000 ) ;
#664 = VECTOR ( 'NONE', #1797, 1000.000000000000000 ) ;
#665 = CARTESIAN_POINT ( 'NONE',  ( 13.07999999999999652, 1.500000000000000000, 14.60999999999999943 ) ) ;
#666 = CARTESIAN_POINT ( 'NONE',  ( 2.779999999999997584, -0.5950982866015045447, -14.86415607913129477 ) ) ;
#667 = AXIS2_PLACEMENT_3D ( 'NONE', #3077, #1846, #2124 ) ;
#668 = AXIS2_PLACEMENT_3D ( 'NONE', #1784, #348, #1082 ) ;
#669 = DIRECTION ( 'NONE',  ( -1.000000000000000000, -0.000000000000000000, -0.000000000000000000 ) ) ;
#670 =( NAMED_UNIT ( * ) PLANE_ANGLE_UNIT ( ) SI_UNIT ( $, .RADIAN. ) );
#671 =( LENGTH_UNIT ( ) NAMED_UNIT ( * ) SI_UNIT ( .MILLI., .METRE. ) );
#672 = PRESENTATION_LAYER_ASSIGNMENT (  '', '', ( #1398 ) ) ;
#673 =( NAMED_UNIT ( * ) SI_UNIT ( $, .STERADIAN. ) SOLID_ANGLE_UNIT ( ) );
#674 = PRESENTATION_LAYER_ASSIGNMENT (  '', '', ( #2058 ) ) ;
#675 = VECTOR ( 'NONE', #443, 1000.000000000000000 ) ;
#676 = FACE_OUTER_BOUND ( 'NONE', #65, .T. ) ;
#677 = ORIENTED_EDGE ( 'NONE', *, *, #2626, .T. ) ;
#678 = ORIENTED_EDGE ( 'NONE', *, *, #2636, .F. ) ;
#679 =( LENGTH_UNIT ( ) NAMED_UNIT ( * ) SI_UNIT ( .MILLI., .METRE. ) );
#680 = SURFACE_STYLE_USAGE ( .BOTH. , #1904 ) ;
#681 = DIRECTION ( 'NONE',  ( -0.000000000000000000, -0.000000000000000000, 1.000000000000000000 ) ) ;
#682 = MECHANICAL_DESIGN_GEOMETRIC_PRESENTATION_REPRESENTATION (  '', ( #2072 ), #1033 ) ;
#683 = SURFACE_STYLE_FILL_AREA ( #235 ) ;
#684 = DIRECTION ( 'NONE',  ( -2.891205793294678326E-16, 7.228014483236695816E-17, 1.000000000000000000 ) ) ;
#685 = PLANE ( 'NONE',  #924 ) ;
#686 = CARTESIAN_POINT ( 'NONE',  ( -13.08000000000000362, -1.390196573203009267, -6.110000000000000320 ) ) ;
#687 = LINE ( 'NONE', #1440, #1280 ) ;
#688 = ORIENTED_EDGE ( 'NONE', *, *, #2458, .F. ) ;
#689 = ORIENTED_EDGE ( 'NONE', *, *, #2869, .F. ) ;
#690 = CARTESIAN_POINT ( 'NONE',  ( -13.08000000000000362, 0.000000000000000000, 14.60999999999999943 ) ) ;
#691 = DIRECTION ( 'NONE',  ( 0.000000000000000000, 0.000000000000000000, -1.000000000000000000 ) ) ;
#692 = DIRECTION ( 'NONE',  ( 0.000000000000000000, 0.000000000000000000, 1.000000000000000000 ) ) ;
#693 = FILL_AREA_STYLE ('',( #2881 ) ) ;
#694 = PRESENTATION_LAYER_ASSIGNMENT (  '', '', ( #2090 ) ) ;
#695 = CARTESIAN_POINT ( 'NONE',  ( -3.440000000000003499, -1.385196573203009374, -6.110000000000000320 ) ) ;
#696 = CARTESIAN_POINT ( 'NONE',  ( -3.090000000000004743, -1.385196573203009152, -3.109999999999999876 ) ) ;
#697 = VECTOR ( 'NONE', #835, 1000.000000000000000 ) ;
#698 = EDGE_CURVE ( 'NONE', #1567, #3001, #321, .T. ) ;
#700 = EDGE_CURVE ( 'NONE', #831, #1598, #1851, .T. ) ;
#699 = FILL_AREA_STYLE_COLOUR ( '', #462 ) ;
#701 = CARTESIAN_POINT ( 'NONE',  ( -1.340000000000004299, -1.385196573203009152, -3.109999999999999876 ) ) ;
#702 = ADVANCED_FACE ( 'NONE', ( #2098 ), #3061, .F. ) ;
#703 = VERTEX_POINT ( 'NONE', #2070 ) ;
#704 = ORIENTED_EDGE ( 'NONE', *, *, #1230, .F. ) ;
#705 = FILL_AREA_STYLE ('',( #1716 ) ) ;
#706 = DIRECTION ( 'NONE',  ( -1.000000000000000000, 0.000000000000000000, 0.000000000000000000 ) ) ;
#707 = UNCERTAINTY_MEASURE_WITH_UNIT (LENGTH_MEASURE( 1.000000000000000082E-05 ), #148, 'distance_accuracy_value', 'NONE');
#708 = SURFACE_SIDE_STYLE ('',( #2880 ) ) ;
#709 = VECTOR ( 'NONE', #640, 1000.000000000000000 ) ;
#710 = LINE ( 'NONE', #2164, #2539 ) ;
#711 = CARTESIAN_POINT ( 'NONE',  ( -3.440000000000003499, -1.385196573203009152, -3.109999999999999876 ) ) ;
#712 = PRESENTATION_STYLE_ASSIGNMENT (( #444 ) ) ;
#713 = SURFACE_STYLE_USAGE ( .BOTH. , #223 ) ;
#714 = VECTOR ( 'NONE', #2083, 1000.000000000000000 ) ;
#715 = CARTESIAN_POINT ( 'NONE',  ( -7.620000000000001883, -1.390196573203009045, -3.109999999999999876 ) ) ;
#716 = FILL_AREA_STYLE ('',( #1218 ) ) ;
#717 = ORIENTED_EDGE ( 'NONE', *, *, #73, .T. ) ;
#718 = ADVANCED_FACE ( 'NONE', ( #3035 ), #1085, .T. ) ;
#719 = ORIENTED_EDGE ( 'NONE', *, *, #1559, .T. ) ;
#720 = PRESENTATION_STYLE_ASSIGNMENT (( #2943 ) ) ;
#721 = CARTESIAN_POINT ( 'NONE',  ( -2.040000000000003588, -1.385196573203009152, -3.109999999999999876 ) ) ;
#722 = PRESENTATION_STYLE_ASSIGNMENT (( #1703 ) ) ;
#723 = DIRECTION ( 'NONE',  ( -0.000000000000000000, -1.000000000000000000, -0.000000000000000000 ) ) ;
#724 =( NAMED_UNIT ( * ) PLANE_ANGLE_UNIT ( ) SI_UNIT ( $, .RADIAN. ) );
#725 = DIRECTION ( 'NONE',  ( -0.000000000000000000, 1.000000000000000000, -0.000000000000000000 ) ) ;
#726 = SURFACE_STYLE_USAGE ( .BOTH. , #2918 ) ;
#727 = VECTOR ( 'NONE', #1431, 1000.000000000000000 ) ;
#728 = VECTOR ( 'NONE', #1675, 1000.000000000000000 ) ;
#729 = MECHANICAL_DESIGN_GEOMETRIC_PRESENTATION_REPRESENTATION (  '', ( #2261 ), #1609 ) ;
#730 = AXIS2_PLACEMENT_3D ( 'NONE', #2451, #2214, #986 ) ;
#731 = STYLED_ITEM ( 'NONE', ( #2858 ), #118 ) ;
#732 = FACE_OUTER_BOUND ( 'NONE', #1282, .T. ) ;
#733 = ORIENTED_EDGE ( 'NONE', *, *, #1779, .F. ) ;
#734 = ORIENTED_EDGE ( 'NONE', *, *, #3193, .T. ) ;
#735 =( NAMED_UNIT ( * ) PLANE_ANGLE_UNIT ( ) SI_UNIT ( $, .RADIAN. ) );
#736 = CARTESIAN_POINT ( 'NONE',  ( 0.4099999999999945910, -1.390196573203009267, -6.110000000000000320 ) ) ;
#737 = EDGE_CURVE ( 'NONE', #367, #1978, #573, .T. ) ;
#738 = SHAPE_DEFINITION_REPRESENTATION ( #134, #102 ) ;
#739 = SURFACE_SIDE_STYLE ('',( #2931 ) ) ;
#740 = ORIENTED_EDGE ( 'NONE', *, *, #380, .T. ) ;
#741 =( NAMED_UNIT ( * ) PLANE_ANGLE_UNIT ( ) SI_UNIT ( $, .RADIAN. ) );
#742 = DIRECTION ( 'NONE',  ( -0.000000000000000000, -1.000000000000000000, 7.379191939847947013E-17 ) ) ;
#743 = MECHANICAL_DESIGN_GEOMETRIC_PRESENTATION_REPRESENTATION (  '', ( #474 ), #2839 ) ;
#744 = LINE ( 'NONE', #237, #429 ) ;
#745 = CIRCLE ( 'NONE', #2787, 1.000000000000000000 ) ;
#746 = CARTESIAN_POINT ( 'NONE',  ( -3.090000000000004743, -1.385196573203009152, -3.109999999999999876 ) ) ;
#747 = VECTOR ( 'NONE', #958, 1000.000000000000000 ) ;
#748 = FACE_OUTER_BOUND ( 'NONE', #538, .T. ) ;
#749 = ORIENTED_EDGE ( 'NONE', *, *, #1540, .T. ) ;
#750 = ORIENTED_EDGE ( 'NONE', *, *, #2870, .T. ) ;
#751 = FACE_OUTER_BOUND ( 'NONE', #228, .T. ) ;
#752 = UNCERTAINTY_MEASURE_WITH_UNIT (LENGTH_MEASURE( 1.000000000000000082E-05 ), #541, 'distance_accuracy_value', 'NONE');
#753 = EDGE_CURVE ( 'NONE', #1598, #154, #372, .T. ) ;
#754 = DIRECTION ( 'NONE',  ( 0.000000000000000000, -7.379191939847947013E-17, -1.000000000000000000 ) ) ;
#755 = VERTEX_POINT ( 'NONE', #2108 ) ;
#756 = PRESENTATION_STYLE_ASSIGNMENT (( #2970 ) ) ;
#757 = STYLED_ITEM ( 'NONE', ( #2244 ), #2966 ) ;
#758 = STYLED_ITEM ( 'NONE', ( #1340 ), #596 ) ;
#759 = CARTESIAN_POINT ( 'NONE',  ( 2.779999999999995808, 1.500000000000000000, 14.60999999999999943 ) ) ;
#760 = PLANE ( 'NONE',  #1905 ) ;
#761 = CARTESIAN_POINT ( 'NONE',  ( 25.72960514313748348, 0.2000000000000007327, -14.86415607913129477 ) ) ;
#762 = CYLINDRICAL_SURFACE ( 'NONE', #832, 0.5950982866015052108 ) ;
#763 = CARTESIAN_POINT ( 'NONE',  ( -4.140000000000003233, -1.390196573203009045, -3.109999999999999876 ) ) ;
#764 = CARTESIAN_POINT ( 'NONE',  ( -5.190000000000003944, -1.390196573203009045, -3.109999999999999876 ) ) ;
#765 = EDGE_LOOP ( 'NONE', ( #740, #2018, #2432, #1039 ) ) ;
#766 = AXIS2_PLACEMENT_3D ( 'NONE', #2762, #1576, #1379 ) ;
#767 = LINE ( 'NONE', #263, #139 ) ;
#768 = COLOUR_RGB ( '',0.4039215686274509887, 0.3176470588235293935, 0.000000000000000000 ) ;
#769 = FILL_AREA_STYLE ('',( #1962 ) ) ;
#770 = VECTOR ( 'NONE', #3176, 1000.000000000000000 ) ;
#771 = VERTEX_POINT ( 'NONE', #3073 ) ;
#772 = DIRECTION ( 'NONE',  ( 0.000000000000000000, 1.000000000000000000, -7.228014483236695816E-17 ) ) ;
#773 = FILL_AREA_STYLE ('',( #1485 ) ) ;
#774 = ORIENTED_EDGE ( 'NONE', *, *, #2810, .T. ) ;
#775 = SURFACE_STYLE_USAGE ( .BOTH. , #3011 ) ;
#776 = DIRECTION ( 'NONE',  ( -0.000000000000000000, -1.000000000000000000, 7.379191939847947013E-17 ) ) ;
#777 = DIRECTION ( 'NONE',  ( -2.891205793294678326E-16, 7.228014483236695816E-17, 1.000000000000000000 ) ) ;
#778 = MECHANICAL_DESIGN_GEOMETRIC_PRESENTATION_REPRESENTATION (  '', ( #1460 ), #2972 ) ;
#779 = SURFACE_SIDE_STYLE ('',( #2938 ) ) ;
#780 = EDGE_CURVE ( 'NONE', #37, #3172, #825, .T. ) ;
#781 = PLANE ( 'NONE',  #1794 ) ;
#782 = MECHANICAL_DESIGN_GEOMETRIC_PRESENTATION_REPRESENTATION (  '', ( #1656 ), #413 ) ;
#783 = VERTEX_POINT ( 'NONE', #637 ) ;
#784 =( NAMED_UNIT ( * ) PLANE_ANGLE_UNIT ( ) SI_UNIT ( $, .RADIAN. ) );
#785 = CARTESIAN_POINT ( 'NONE',  ( 1.109999999999994769, -1.385196573203009374, -6.110000000000000320 ) ) ;
#786 = ORIENTED_EDGE ( 'NONE', *, *, #2805, .F. ) ;
#787 = CARTESIAN_POINT ( 'NONE',  ( 2.779999999999997584, 0.000000000000000000, -14.86415607913129477 ) ) ;
#788 = VERTEX_POINT ( 'NONE', #1618 ) ;
#789 = CARTESIAN_POINT ( 'NONE',  ( -13.08000000000000362, 1.500000000000000000, 14.60999999999999943 ) ) ;
#790 = SURFACE_SIDE_STYLE ('',( #2262 ) ) ;
#791 = EDGE_LOOP ( 'NONE', ( #1637, #2669, #2729, #1792 ) ) ;
#792 = ADVANCED_FACE ( 'NONE', ( #1564 ), #2180, .F. ) ;
#793 = EDGE_CURVE ( 'NONE', #2117, #1026, #2639, .T. ) ;
#794 = EDGE_CURVE ( 'NONE', #1598, #11, #2651, .T. ) ;
#795 = CARTESIAN_POINT ( 'NONE',  ( 25.72960514313748348, -1.390196573203009045, -3.109999999999999876 ) ) ;
#796 = ORIENTED_EDGE ( 'NONE', *, *, #1759, .F. ) ;
#797 = STYLED_ITEM ( 'NONE', ( #1886 ), #2763 ) ;
#798 =( NAMED_UNIT ( * ) PLANE_ANGLE_UNIT ( ) SI_UNIT ( $, .RADIAN. ) );
#799 =( LENGTH_UNIT ( ) NAMED_UNIT ( * ) SI_UNIT ( .MILLI., .METRE. ) );
#800 = ORIENTED_EDGE ( 'NONE', *, *, #2805, .T. ) ;
#801 = FILL_AREA_STYLE_COLOUR ( '', #2092 ) ;
#802 = UNCERTAINTY_MEASURE_WITH_UNIT (LENGTH_MEASURE( 1.000000000000000082E-05 ), #1736, 'distance_accuracy_value', 'NONE');
#803 = DIRECTION ( 'NONE',  ( 1.000000000000000000, 0.000000000000000000, 0.000000000000000000 ) ) ;
#804 = ORIENTED_EDGE ( 'NONE', *, *, #394, .F. ) ;
#805 = DIRECTION ( 'NONE',  ( -1.000000000000000000, 0.000000000000000000, -0.000000000000000000 ) ) ;
#806 = DIRECTION ( 'NONE',  ( 0.000000000000000000, 0.000000000000000000, -1.000000000000000000 ) ) ;
#807 = ORIENTED_EDGE ( 'NONE', *, *, #1469, .T. ) ;
#808 = VECTOR ( 'NONE', #1272, 1000.000000000000000 ) ;
#809 = FILL_AREA_STYLE_COLOUR ( '', #1505 ) ;
#810 = DIRECTION ( 'NONE',  ( 1.000000000000000000, 0.000000000000000000, 0.000000000000000000 ) ) ;
#811 = VECTOR ( 'NONE', #1389, 1000.000000000000000 ) ;
#812 = ORIENTED_EDGE ( 'NONE', *, *, #1727, .T. ) ;
#813 = DIRECTION ( 'NONE',  ( 1.000000000000000000, -0.000000000000000000, -0.000000000000000000 ) ) ;
#814 = CARTESIAN_POINT ( 'NONE',  ( -4.140000000000003233, -1.385196573203009374, -6.110000000000000320 ) ) ;
#815 = PRESENTATION_LAYER_ASSIGNMENT (  '', '', ( #2203 ) ) ;
#816 = EDGE_CURVE ( 'NONE', #2289, #1261, #447, .T. ) ;
#817 = ORIENTED_EDGE ( 'NONE', *, *, #528, .T. ) ;
#818 = DIRECTION ( 'NONE',  ( -5.782411586589356653E-16, 7.228014483236695816E-17, 1.000000000000000000 ) ) ;
#819 = FACE_OUTER_BOUND ( 'NONE', #1525, .T. ) ;
#820 = VERTEX_POINT ( 'NONE', #1880 ) ;
#821 = COLOUR_RGB ( '',0.4039215686274509887, 0.3176470588235293935, 0.000000000000000000 ) ;
#822 = PLANE ( 'NONE',  #633 ) ;
#823 = ORIENTED_EDGE ( 'NONE', *, *, #737, .F. ) ;
#824 = EDGE_CURVE ( 'NONE', #1146, #1819, #2612, .T. ) ;
#825 = LINE ( 'NONE', #2823, #172 ) ;
#826 =( NAMED_UNIT ( * ) SI_UNIT ( $, .STERADIAN. ) SOLID_ANGLE_UNIT ( ) );
#827 = CARTESIAN_POINT ( 'NONE',  ( -8.620000000000002771, -1.390196573203009045, -3.109999999999999876 ) ) ;
#828 = FACE_OUTER_BOUND ( 'NONE', #2698, .T. ) ;
#829 = EDGE_LOOP ( 'NONE', ( #391, #1323, #1699, #1611 ) ) ;
#830 = DIRECTION ( 'NONE',  ( 2.891205793294678819E-16, 0.000000000000000000, -1.000000000000000000 ) ) ;
#831 = VERTEX_POINT ( 'NONE', #164 ) ;
#832 = AXIS2_PLACEMENT_3D ( 'NONE', #1232, #3166, #1762 ) ;
#833 =( NAMED_UNIT ( * ) SI_UNIT ( $, .STERADIAN. ) SOLID_ANGLE_UNIT ( ) );
#834 = EDGE_LOOP ( 'NONE', ( #2890, #2292, #689, #3096 ) ) ;
#835 = DIRECTION ( 'NONE',  ( -0.000000000000000000, -1.000000000000000000, 7.379191939847947013E-17 ) ) ;
#836 = ADVANCED_FACE ( 'NONE', ( #1897 ), #1943, .F. ) ;
#837 = SURFACE_STYLE_FILL_AREA ( #1077 ) ;
#838 = VERTEX_POINT ( 'NONE', #180 ) ;
#839 = FACE_OUTER_BOUND ( 'NONE', #1237, .T. ) ;
#840 = CARTESIAN_POINT ( 'NONE',  ( -13.08000000000000362, 1.500000000000000000, 14.60999999999999943 ) ) ;
#841 = SURFACE_STYLE_FILL_AREA ( #3055 ) ;
#842 = FACE_OUTER_BOUND ( 'NONE', #856, .T. ) ;
#843 = CARTESIAN_POINT ( 'NONE',  ( 0.7599999999999950129, -1.385196573203009374, -6.110000000000000320 ) ) ;
#844 = VECTOR ( 'NONE', #285, 1000.000000000000000 ) ;
#845 = EDGE_LOOP ( 'NONE', ( #1094, #1101, #1341, #140 ) ) ;
#846 =( GEOMETRIC_REPRESENTATION_CONTEXT ( 3 ) GLOBAL_UNCERTAINTY_ASSIGNED_CONTEXT ( ( #624 ) ) GLOBAL_UNIT_ASSIGNED_CONTEXT ( ( #3147, #1662, #891 ) ) REPRESENTATION_CONTEXT ( 'NONE', 'WORKASPACE' ) );
#847 = LINE ( 'NONE', #1827, #2107 ) ;
#848 = PRESENTATION_STYLE_ASSIGNMENT (( #1571 ) ) ;
#849 = EDGE_LOOP ( 'NONE', ( #2510, #554, #1946, #2311 ) ) ;
#850 = PRESENTATION_LAYER_ASSIGNMENT (  '', '', ( #2483 ) ) ;
#851 = LINE ( 'NONE', #2758, #3116 ) ;
#852 = ORIENTED_EDGE ( 'NONE', *, *, #2827, .T. ) ;
#853 = CARTESIAN_POINT ( 'NONE',  ( -4.490000000000002878, -1.385196573203009374, -6.110000000000000320 ) ) ;
#854 = CARTESIAN_POINT ( 'NONE',  ( -0.9900000000000047651, -1.390196573203009267, -6.110000000000000320 ) ) ;
#855 = EDGE_CURVE ( 'NONE', #2571, #2753, #1171, .T. ) ;
#856 = EDGE_LOOP ( 'NONE', ( #2303, #968, #1088, #390 ) ) ;
#857 = FACE_BOUND ( 'NONE', #1208, .T. ) ;
#858 = CARTESIAN_POINT ( 'NONE',  ( 0.7599999999999950129, -1.385196573203009374, -6.110000000000000320 ) ) ;
#859 = ORIENTED_EDGE ( 'NONE', *, *, #698, .F. ) ;
#860 = DIRECTION ( 'NONE',  ( 0.000000000000000000, 7.228014483236695816E-17, 1.000000000000000000 ) ) ;
#861 = SURFACE_SIDE_STYLE ('',( #575 ) ) ;
#862 = COLOUR_RGB ( '',0.4039215686274509887, 0.3176470588235293935, 0.000000000000000000 ) ;
#863 = DIRECTION ( 'NONE',  ( -2.891205793294678326E-16, 7.228014483236695816E-17, 1.000000000000000000 ) ) ;
#864 = DIRECTION ( 'NONE',  ( -0.000000000000000000, -1.000000000000000000, 7.379191939847947013E-17 ) ) ;
#865 = COLOUR_RGB ( '',0.4039215686274509887, 0.3176470588235293935, 0.000000000000000000 ) ;
#866 = ORIENTED_EDGE ( 'NONE', *, *, #1376, .F. ) ;
#867 = FILL_AREA_STYLE_COLOUR ( '', #1719 ) ;
#868 = ORIENTED_EDGE ( 'NONE', *, *, #3162, .F. ) ;
#869 = CARTESIAN_POINT ( 'NONE',  ( 0.7599999999999950129, -1.385196573203009374, -6.110000000000000320 ) ) ;
#870 = VERTEX_POINT ( 'NONE', #715 ) ;
#871 = CARTESIAN_POINT ( 'NONE',  ( -0.6400000000000051203, -1.385196573203009152, -3.109999999999999876 ) ) ;
#872 =( NAMED_UNIT ( * ) PLANE_ANGLE_UNIT ( ) SI_UNIT ( $, .RADIAN. ) );
#873 = COLOUR_RGB ( '',0.4039215686274509887, 0.3176470588235293935, 0.000000000000000000 ) ;
#874 = EDGE_CURVE ( 'NONE', #1320, #2547, #209, .T. ) ;
#875 = FILL_AREA_STYLE ('',( #1386 ) ) ;
#876 = DIRECTION ( 'NONE',  ( 1.000000000000000000, 0.000000000000000000, 0.000000000000000000 ) ) ;
#877 = EDGE_CURVE ( 'NONE', #3023, #367, #2664, .T. ) ;
#878 = SURFACE_STYLE_FILL_AREA ( #3058 ) ;
#879 = ADVANCED_FACE ( 'NONE', ( #1746 ), #514, .F. ) ;
#880 = CARTESIAN_POINT ( 'NONE',  ( -6.240000000000002878, -1.385196573203009152, -3.109999999999999876 ) ) ;
#881 = VECTOR ( 'NONE', #167, 1000.000000000000000 ) ;
#882 = DIRECTION ( 'NONE',  ( 0.000000000000000000, 1.000000000000000000, -7.379191939847947013E-17 ) ) ;
#883 = EDGE_LOOP ( 'NONE', ( #1451, #1852, #2757, #2068 ) ) ;
#884 = ORIENTED_EDGE ( 'NONE', *, *, #2882, .T. ) ;
#885 = VECTOR ( 'NONE', #681, 1000.000000000000000 ) ;
#886 = SURFACE_STYLE_FILL_AREA ( #3084 ) ;
#887 = PRESENTATION_LAYER_ASSIGNMENT (  '', '', ( #1149 ) ) ;
#888 = EDGE_LOOP ( 'NONE', ( #1802, #595, #1969, #136, #1963, #507, #926, #2227, #940, #1116, #318, #111, #643, #2686, #2251, #2543, #2508, #2947, #2217, #719, #2991, #3062, #2627, #1058, #1392, #605, #2376, #572, #2332, #51, #535, #2362, #1902, #2685, #1653, #749, #733, #1301, #1775, #2276, #183, #1595, #644, #2146, #2602, #2653, #1409, #1361, #2343, #2361, #704, #1354, #3086, #371, #586, #1831, #20, #1812 ) ) ;
#889 = FILL_AREA_STYLE_COLOUR ( '', #2548 ) ;
#890 = VECTOR ( 'NONE', #1687, 1000.000000000000000 ) ;
#891 =( NAMED_UNIT ( * ) SI_UNIT ( $, .STERADIAN. ) SOLID_ANGLE_UNIT ( ) );
#892 = CARTESIAN_POINT ( 'NONE',  ( -3.090000000000004743, -1.385196573203009152, -3.109999999999999876 ) ) ;
#893 = EDGE_CURVE ( 'NONE', #1133, #1868, #271, .T. ) ;
#894 = LINE ( 'NONE', #317, #3012 ) ;
#895 = EDGE_CURVE ( 'NONE', #820, #2408, #1259, .T. ) ;
#896 = SURFACE_SIDE_STYLE ('',( #2595 ) ) ;
#897 =( GEOMETRIC_REPRESENTATION_CONTEXT ( 3 ) GLOBAL_UNCERTAINTY_ASSIGNED_CONTEXT ( ( #1223 ) ) GLOBAL_UNIT_ASSIGNED_CONTEXT ( ( #2021, #1987, #240 ) ) REPRESENTATION_CONTEXT ( 'NONE', 'WORKASPACE' ) );
#898 = ORIENTED_EDGE ( 'NONE', *, *, #288, .F. ) ;
#899 = COLOUR_RGB ( '',1.000000000000000000, 0.8901960784313724950, 0.000000000000000000 ) ;
#900 = ORIENTED_EDGE ( 'NONE', *, *, #930, .F. ) ;
#901 = FILL_AREA_STYLE_COLOUR ( '', #2184 ) ;
#902 = CARTESIAN_POINT ( 'NONE',  ( -9.620000000000002771, -0.3901965732030093226, -5.110000000000000320 ) ) ;
#903 = DIRECTION ( 'NONE',  ( 0.000000000000000000, 0.000000000000000000, -1.000000000000000000 ) ) ;
#904 = PLANE ( 'NONE',  #1860 ) ;
#905 = COLOUR_RGB ( '',0.4039215686274509887, 0.3176470588235293935, 0.000000000000000000 ) ;
#906 = VECTOR ( 'NONE', #1798, 1000.000000000000000 ) ;
#907 = FILL_AREA_STYLE_COLOUR ( '', #1255 ) ;
#908 = DIRECTION ( 'NONE',  ( -1.000000000000000000, 0.000000000000000000, -0.000000000000000000 ) ) ;
#909 = CARTESIAN_POINT ( 'NONE',  ( -6.240000000000002878, -1.385196573203009374, -6.110000000000000320 ) ) ;
#910 = AXIS2_PLACEMENT_3D ( 'NONE', #789, #2258, #32 ) ;
#911 = ORIENTED_EDGE ( 'NONE', *, *, #2082, .F. ) ;
#912 = EDGE_LOOP ( 'NONE', ( #1765, #1900, #2114, #3022 ) ) ;
#913 = LINE ( 'NONE', #1112, #2340 ) ;
#914 = CARTESIAN_POINT ( 'NONE',  ( -0.6400000000000051203, -1.385196573203009152, -3.109999999999999876 ) ) ;
#915 =( GEOMETRIC_REPRESENTATION_CONTEXT ( 3 ) GLOBAL_UNCERTAINTY_ASSIGNED_CONTEXT ( ( #2658 ) ) GLOBAL_UNIT_ASSIGNED_CONTEXT ( ( #1475, #2235, #2461 ) ) REPRESENTATION_CONTEXT ( 'NONE', 'WORKASPACE' ) );
#916 = VECTOR ( 'NONE', #1091, 1000.000000000000000 ) ;
#917 = CARTESIAN_POINT ( 'NONE',  ( -1.690000000000004832, -1.390196573203009045, -3.109999999999999876 ) ) ;
#918 = UNCERTAINTY_MEASURE_WITH_UNIT (LENGTH_MEASURE( 1.000000000000000082E-05 ), #1664, 'distance_accuracy_value', 'NONE');
#919 = FILL_AREA_STYLE ('',( #907 ) ) ;
#920 = EDGE_CURVE ( 'NONE', #3007, #100, #258, .T. ) ;
#921 = SURFACE_SIDE_STYLE ('',( #1676 ) ) ;
#922 = AXIS2_PLACEMENT_3D ( 'NONE', #902, #1640, #2643 ) ;
#923 = SURFACE_STYLE_USAGE ( .BOTH. , #189 ) ;
#924 = AXIS2_PLACEMENT_3D ( 'NONE', #1405, #1650, #2610 ) ;
#925 = LINE ( 'NONE', #2876, #2755 ) ;
#926 = ORIENTED_EDGE ( 'NONE', *, *, #2668, .T. ) ;
#927 = ORIENTED_EDGE ( 'NONE', *, *, #2210, .T. ) ;
#928 = SURFACE_SIDE_STYLE ('',( #2409 ) ) ;
#929 = LINE ( 'NONE', #3143, #199 ) ;
#930 = EDGE_CURVE ( 'NONE', #1495, #1292, #497, .T. ) ;
#931 = DIRECTION ( 'NONE',  ( 0.000000000000000000, -1.000000000000000000, 7.379191939847947013E-17 ) ) ;
#932 = ADVANCED_FACE ( 'NONE', ( #982 ), #2489, .F. ) ;
#933 = EDGE_CURVE ( 'NONE', #2942, #579, #1493, .T. ) ;
#934 = LINE ( 'NONE', #695, #2734 ) ;
#935 = PLANE ( 'NONE',  #1821 ) ;
#936 = CARTESIAN_POINT ( 'NONE',  ( -9.620000000000002771, -1.190196573203009089, -5.110000000000000320 ) ) ;
#937 = CARTESIAN_POINT ( 'NONE',  ( -0.6400000000000051203, -1.385196573203009374, -6.110000000000000320 ) ) ;
#938 = CARTESIAN_POINT ( 'NONE',  ( 0.05999999999999495320, -1.385196573203009152, -3.109999999999999876 ) ) ;
#939 = LINE ( 'NONE', #2812, #452 ) ;
#940 = ORIENTED_EDGE ( 'NONE', *, *, #2030, .F. ) ;
#941 = ORIENTED_EDGE ( 'NONE', *, *, #217, .F. ) ;
#942 = DIRECTION ( 'NONE',  ( 0.000000000000000000, -7.228014483236695816E-17, -1.000000000000000000 ) ) ;
#943 = FILL_AREA_STYLE ('',( #1461 ) ) ;
#944 = CARTESIAN_POINT ( 'NONE',  ( 0.7599999999999950129, -1.390196573203009045, -3.109999999999999876 ) ) ;
#945 = VECTOR ( 'NONE', #1754, 1000.000000000000000 ) ;
#946 = SURFACE_SIDE_STYLE ('',( #2646 ) ) ;
#947 = PRESENTATION_LAYER_ASSIGNMENT (  '', '', ( #797 ) ) ;
#948 = EDGE_CURVE ( 'NONE', #2796, #363, #2983, .T. ) ;
#949 = DIRECTION ( 'NONE',  ( 0.000000000000000000, 0.000000000000000000, 1.000000000000000000 ) ) ;
#950 = ORIENTED_EDGE ( 'NONE', *, *, #597, .T. ) ;
#951 = VERTEX_POINT ( 'NONE', #129 ) ;
#952 = DIRECTION ( 'NONE',  ( -1.000000000000000000, 0.000000000000000000, 0.000000000000000000 ) ) ;
#953 = UNCERTAINTY_MEASURE_WITH_UNIT (LENGTH_MEASURE( 1.000000000000000082E-05 ), #799, 'distance_accuracy_value', 'NONE');
#954 = PRODUCT_CONTEXT ( 'NONE', #2735, 'mechanical' ) ;
#955 = FACE_OUTER_BOUND ( 'NONE', #791, .T. ) ;
#956 = SURFACE_STYLE_FILL_AREA ( #1471 ) ;
#957 = LINE ( 'NONE', #252, #2055 ) ;
#958 = DIRECTION ( 'NONE',  ( -0.000000000000000000, -1.000000000000000000, 7.379191939847947013E-17 ) ) ;
#959 =( NAMED_UNIT ( * ) SI_UNIT ( $, .STERADIAN. ) SOLID_ANGLE_UNIT ( ) );
#960 = PLANE ( 'NONE',  #2374 ) ;
#961 = STYLED_ITEM ( 'NONE', ( #1155 ), #74 ) ;
#962 = EDGE_CURVE ( 'NONE', #951, #972, #2756, .T. ) ;
#963 = COLOUR_RGB ( '',0.4039215686274509887, 0.3176470588235293935, 0.000000000000000000 ) ;
#964 =( NAMED_UNIT ( * ) SI_UNIT ( $, .STERADIAN. ) SOLID_ANGLE_UNIT ( ) );
#965 = ADVANCED_FACE ( 'NONE', ( #1086 ), #1565, .F. ) ;
#966 = VECTOR ( 'NONE', #133, 1000.000000000000000 ) ;
#967 = ORIENTED_EDGE ( 'NONE', *, *, #2722, .T. ) ;
#968 = ORIENTED_EDGE ( 'NONE', *, *, #2302, .T. ) ;
#969 = CARTESIAN_POINT ( 'NONE',  ( -5.890000000000003233, -1.385196573203009152, -3.109999999999999876 ) ) ;
#970 = FACE_OUTER_BOUND ( 'NONE', #1805, .T. ) ;
#971 = PLANE ( 'NONE',  #1345 ) ;
#972 = VERTEX_POINT ( 'NONE', #1807 ) ;
#973 = PRESENTATION_STYLE_ASSIGNMENT (( #233 ) ) ;
#974 = DIRECTION ( 'NONE',  ( 2.891205793294678819E-16, 0.000000000000000000, -1.000000000000000000 ) ) ;
#975 = LINE ( 'NONE', #2917, #589 ) ;
#976 = DIRECTION ( 'NONE',  ( -0.000000000000000000, -0.000000000000000000, -1.000000000000000000 ) ) ;
#977 = DIRECTION ( 'NONE',  ( -0.000000000000000000, 0.000000000000000000, 1.000000000000000000 ) ) ;
#978 =( NAMED_UNIT ( * ) SI_UNIT ( $, .STERADIAN. ) SOLID_ANGLE_UNIT ( ) );
#979 =( GEOMETRIC_REPRESENTATION_CONTEXT ( 3 ) GLOBAL_UNCERTAINTY_ASSIGNED_CONTEXT ( ( #2006 ) ) GLOBAL_UNIT_ASSIGNED_CONTEXT ( ( #1503, #1011, #1489 ) ) REPRESENTATION_CONTEXT ( 'NONE', 'WORKASPACE' ) );
#980 = VECTOR ( 'NONE', #1291, 1000.000000000000000 ) ;
#981 = EDGE_CURVE ( 'NONE', #87, #2089, #2035, .T. ) ;
#982 = FACE_OUTER_BOUND ( 'NONE', #2074, .T. ) ;
#983 = LINE ( 'NONE', #1968, #2807 ) ;
#984 = ORIENTED_EDGE ( 'NONE', *, *, #1419, .F. ) ;
#985 = ORIENTED_EDGE ( 'NONE', *, *, #2208, .T. ) ;
#986 = DIRECTION ( 'NONE',  ( 0.000000000000000000, 7.228014483236695816E-17, 1.000000000000000000 ) ) ;
#987 =( LENGTH_UNIT ( ) NAMED_UNIT ( * ) SI_UNIT ( .MILLI., .METRE. ) );
#988 = CARTESIAN_POINT ( 'NONE',  ( -1.340000000000004299, -1.385196573203009152, -3.109999999999999876 ) ) ;
#989 = ORIENTED_EDGE ( 'NONE', *, *, #2030, .T. ) ;
#990 = CARTESIAN_POINT ( 'NONE',  ( 0.000000000000000000, 1.399999999999999911, 0.000000000000000000 ) ) ;
#991 = LINE ( 'NONE', #280, #617 ) ;
#992 = COLOUR_RGB ( '',0.4039215686274509887, 0.3176470588235293935, 0.000000000000000000 ) ;
#993 = CARTESIAN_POINT ( 'NONE',  ( -6.940000000000001279, -1.390196573203009267, -6.110000000000000320 ) ) ;
#994 = VECTOR ( 'NONE', #725, 1000.000000000000000 ) ;
#995 = CARTESIAN_POINT ( 'NONE',  ( -13.08000000000000362, 0.2000000000000007327, -14.86415607913129477 ) ) ;
#996 = MECHANICAL_DESIGN_GEOMETRIC_PRESENTATION_REPRESENTATION (  '', ( #2684 ), #2533 ) ;
#997 = FILL_AREA_STYLE_COLOUR ( '', #3138 ) ;
#998 = AXIS2_PLACEMENT_3D ( 'NONE', #2530, #308, #1800 ) ;
#999 = AXIS2_PLACEMENT_3D ( 'NONE', #1487, #2694, #1708 ) ;
#1000 = PRESENTATION_STYLE_ASSIGNMENT (( #1747 ) ) ;
#1001 = VERTEX_POINT ( 'NONE', #560 ) ;
#1002 = SURFACE_STYLE_FILL_AREA ( #1701 ) ;
#1003 = UNCERTAINTY_MEASURE_WITH_UNIT (LENGTH_MEASURE( 1.000000000000000082E-05 ), #75, 'distance_accuracy_value', 'NONE');
#1004 = CARTESIAN_POINT ( 'NONE',  ( 0.000000000000000000, -1.385196573203008930, 1.001146500595813351E-16 ) ) ;
#1005 = VERTEX_POINT ( 'NONE', #1295 ) ;
#1006 = CARTESIAN_POINT ( 'NONE',  ( -2.040000000000003588, -1.385196573203009374, -6.110000000000000320 ) ) ;
#1007 = FACE_OUTER_BOUND ( 'NONE', #883, .T. ) ;
#1008 = DIRECTION ( 'NONE',  ( 0.000000000000000000, 1.000000000000000000, -0.000000000000000000 ) ) ;
#1009 = EDGE_CURVE ( 'NONE', #1178, #1562, #2806, .T. ) ;
#1010 = AXIS2_PLACEMENT_3D ( 'NONE', #3040, #2986, #2308 ) ;
#1011 =( NAMED_UNIT ( * ) PLANE_ANGLE_UNIT ( ) SI_UNIT ( $, .RADIAN. ) );
#1012 = LINE ( 'NONE', #476, #1635 ) ;
#1013 = AXIS2_PLACEMENT_3D ( 'NONE', #333, #354, #1332 ) ;
#1014 =( LENGTH_UNIT ( ) NAMED_UNIT ( * ) SI_UNIT ( .MILLI., .METRE. ) );
#1015 = SURFACE_SIDE_STYLE ('',( #2725 ) ) ;
#1016 = ORIENTED_EDGE ( 'NONE', *, *, #660, .T. ) ;
#1017 = COLOUR_RGB ( '',0.4039215686274509887, 0.3176470588235293935, 0.000000000000000000 ) ;
#1018 = COLOUR_RGB ( '',0.4039215686274509887, 0.3176470588235293935, 0.000000000000000000 ) ;
#1019 = DIRECTION ( 'NONE',  ( 1.000000000000000000, 0.000000000000000000, 0.000000000000000000 ) ) ;
#1020 = ORIENTED_EDGE ( 'NONE', *, *, #2761, .T. ) ;
#1021 = CARTESIAN_POINT ( 'NONE',  ( -13.08000000000000362, -1.390196573203009267, -7.110000000000000320 ) ) ;
#1022 = UNCERTAINTY_MEASURE_WITH_UNIT (LENGTH_MEASURE( 1.000000000000000082E-05 ), #3169, 'distance_accuracy_value', 'NONE');
#1023 =( NAMED_UNIT ( * ) PLANE_ANGLE_UNIT ( ) SI_UNIT ( $, .RADIAN. ) );
#1024 = ADVANCED_FACE ( 'NONE', ( #2091 ), #2541, .F. ) ;
#1025 = EDGE_CURVE ( 'NONE', #1787, #480, #1844, .T. ) ;
#1026 = VERTEX_POINT ( 'NONE', #1824 ) ;
#1027 = EDGE_CURVE ( 'NONE', #1628, #265, #601, .T. ) ;
#1028 = LINE ( 'NONE', #2679, #994 ) ;
#1029 = DIRECTION ( 'NONE',  ( 0.000000000000000000, -7.379191939847947013E-17, -1.000000000000000000 ) ) ;
#1030 = DIRECTION ( 'NONE',  ( 1.000000000000000000, 0.000000000000000000, 0.000000000000000000 ) ) ;
#1031 = VERTEX_POINT ( 'NONE', #1352 ) ;
#1032 = DIRECTION ( 'NONE',  ( -0.000000000000000000, -1.000000000000000000, 7.379191939847947013E-17 ) ) ;
#1033 =( GEOMETRIC_REPRESENTATION_CONTEXT ( 3 ) GLOBAL_UNCERTAINTY_ASSIGNED_CONTEXT ( ( #24 ) ) GLOBAL_UNIT_ASSIGNED_CONTEXT ( ( #2355, #670, #959 ) ) REPRESENTATION_CONTEXT ( 'NONE', 'WORKASPACE' ) );
#1034 = VECTOR ( 'NONE', #2525, 1000.000000000000000 ) ;
#1035 = COLOUR_RGB ( '',0.4039215686274509887, 0.3176470588235293935, 0.000000000000000000 ) ;
#1036 = ORIENTED_EDGE ( 'NONE', *, *, #2673, .T. ) ;
#1037 = LINE ( 'NONE', #2023, #2353 ) ;
#1038 =( NAMED_UNIT ( * ) PLANE_ANGLE_UNIT ( ) SI_UNIT ( $, .RADIAN. ) );
#1039 = ORIENTED_EDGE ( 'NONE', *, *, #1375, .T. ) ;
#1040 = ORIENTED_EDGE ( 'NONE', *, *, #3099, .F. ) ;
#1041 = PRESENTATION_STYLE_ASSIGNMENT (( #570 ) ) ;
#1042 = DIRECTION ( 'NONE',  ( -2.891205793294678326E-16, 7.228014483236695816E-17, 1.000000000000000000 ) ) ;
#1043 = VERTEX_POINT ( 'NONE', #2322 ) ;
#1044 = PRESENTATION_LAYER_ASSIGNMENT (  '', '', ( #1666 ) ) ;
#1045 = CARTESIAN_POINT ( 'NONE',  ( 0.4099999999999937028, -1.385196573203009152, -3.109999999999999876 ) ) ;
#1046 = EDGE_CURVE ( 'NONE', #1871, #783, #1103, .T. ) ;
#1047 = ORIENTED_EDGE ( 'NONE', *, *, #1135, .T. ) ;
#1048 = DIRECTION ( 'NONE',  ( 0.000000000000000000, 0.000000000000000000, 1.000000000000000000 ) ) ;
#1049 = CARTESIAN_POINT ( 'NONE',  ( -9.620000000000002771, -1.190196573203008867, -6.110000000000000320 ) ) ;
#1050 = CARTESIAN_POINT ( 'NONE',  ( -6.940000000000001279, -1.385196573203009152, -3.109999999999999876 ) ) ;
#1051 = ADVANCED_FACE ( 'NONE', ( #3057 ), #2575, .F. ) ;
#1052 = ORIENTED_EDGE ( 'NONE', *, *, #2394, .T. ) ;
#1053 = CARTESIAN_POINT ( 'NONE',  ( -6.940000000000001279, -1.390196573203009267, -6.110000000000000320 ) ) ;
#1054 = ORIENTED_EDGE ( 'NONE', *, *, #2226, .F. ) ;
#1055 = FACE_OUTER_BOUND ( 'NONE', #1286, .T. ) ;
#1056 = SURFACE_STYLE_FILL_AREA ( #2993 ) ;
#1057 = LINE ( 'NONE', #329, #2517 ) ;
#1058 = ORIENTED_EDGE ( 'NONE', *, *, #3162, .T. ) ;
#1059 =( GEOMETRIC_REPRESENTATION_CONTEXT ( 3 ) GLOBAL_UNCERTAINTY_ASSIGNED_CONTEXT ( ( #2351 ) ) GLOBAL_UNIT_ASSIGNED_CONTEXT ( ( #3048, #635, #409 ) ) REPRESENTATION_CONTEXT ( 'NONE', 'WORKASPACE' ) );
#1060 = DIRECTION ( 'NONE',  ( 0.000000000000000000, -7.379191939847947013E-17, -1.000000000000000000 ) ) ;
#1061 = DIRECTION ( 'NONE',  ( -0.000000000000000000, 7.379191939847947013E-17, 1.000000000000000000 ) ) ;
#1062 = COLOUR_RGB ( '',1.000000000000000000, 0.8901960784313724950, 0.000000000000000000 ) ;
#1063 = STYLED_ITEM ( 'NONE', ( #483 ), #1632 ) ;
#1064 = LINE ( 'NONE', #2808, #2611 ) ;
#1065 = VERTEX_POINT ( 'NONE', #2266 ) ;
#1066 = EDGE_CURVE ( 'NONE', #703, #972, #59, .T. ) ;
#1067 = EDGE_CURVE ( 'NONE', #1871, #1731, #1790, .T. ) ;
#1068 = LINE ( 'NONE', #388, #811 ) ;
#1069 = DIRECTION ( 'NONE',  ( -0.000000000000000000, -0.000000000000000000, -1.000000000000000000 ) ) ;
#1070 = VECTOR ( 'NONE', #1825, 1000.000000000000000 ) ;
#1071 = COLOUR_RGB ( '',0.4039215686274509887, 0.3176470588235293935, 0.000000000000000000 ) ;
#1072 = ORIENTED_EDGE ( 'NONE', *, *, #657, .F. ) ;
#1073 = LINE ( 'NONE', #610, #1174 ) ;
#1074 = ORIENTED_EDGE ( 'NONE', *, *, #1627, .F. ) ;
#1075 = CARTESIAN_POINT ( 'NONE',  ( -4.490000000000004654, -1.385196573203009152, -3.109999999999999876 ) ) ;
#1076 =( GEOMETRIC_REPRESENTATION_CONTEXT ( 3 ) GLOBAL_UNCERTAINTY_ASSIGNED_CONTEXT ( ( #2747 ) ) GLOBAL_UNIT_ASSIGNED_CONTEXT ( ( #2291, #2567, #1815 ) ) REPRESENTATION_CONTEXT ( 'NONE', 'WORKASPACE' ) );
#1077 = FILL_AREA_STYLE ('',( #1801 ) ) ;
#1078 = VERTEX_POINT ( 'NONE', #1877 ) ;
#1079 =( GEOMETRIC_REPRESENTATION_CONTEXT ( 3 ) GLOBAL_UNCERTAINTY_ASSIGNED_CONTEXT ( ( #2578 ) ) GLOBAL_UNIT_ASSIGNED_CONTEXT ( ( #2675, #1949, #2703 ) ) REPRESENTATION_CONTEXT ( 'NONE', 'WORKASPACE' ) );
#1080 = DIRECTION ( 'NONE',  ( -0.000000000000000000, 0.000000000000000000, 1.000000000000000000 ) ) ;
#1081 = VECTOR ( 'NONE', #2398, 1000.000000000000000 ) ;
#1082 = DIRECTION ( 'NONE',  ( 0.000000000000000000, 1.000000000000000000, -7.379191939847947013E-17 ) ) ;
#1083 = LINE ( 'NONE', #840, #2926 ) ;
#1084 = EDGE_LOOP ( 'NONE', ( #182, #950, #454, #1577, #2024, #79 ) ) ;
#1085 = PLANE ( 'NONE',  #2140 ) ;
#1086 = FACE_OUTER_BOUND ( 'NONE', #2814, .T. ) ;
#1087 = VERTEX_POINT ( 'NONE', #1154 ) ;
#1088 = ORIENTED_EDGE ( 'NONE', *, *, #1759, .T. ) ;
#1089 = CARTESIAN_POINT ( 'NONE',  ( -13.08000000000000362, -0.5950982866015045447, -14.86415607913129477 ) ) ;
#1090 = ADVANCED_FACE ( 'NONE', ( #3120 ), #188, .F. ) ;
#1091 = DIRECTION ( 'NONE',  ( -0.000000000000000000, -0.000000000000000000, 1.000000000000000000 ) ) ;
#1092 = ORIENTED_EDGE ( 'NONE', *, *, #657, .T. ) ;
#1093 = DIRECTION ( 'NONE',  ( -0.000000000000000000, 0.000000000000000000, 1.000000000000000000 ) ) ;
#1094 = ORIENTED_EDGE ( 'NONE', *, *, #2638, .T. ) ;
#1095 = CARTESIAN_POINT ( 'NONE',  ( -13.08000000000000362, 1.500000000000000000, 14.60999999999999943 ) ) ;
#1096 = DIRECTION ( 'NONE',  ( 0.000000000000000000, 0.000000000000000000, 1.000000000000000000 ) ) ;
#1097 = ORIENTED_EDGE ( 'NONE', *, *, #2650, .T. ) ;
#1098 = FACE_OUTER_BOUND ( 'NONE', #609, .T. ) ;
#1099 = LINE ( 'NONE', #2066, #2455 ) ;
#1100 = LINE ( 'NONE', #1532, #980 ) ;
#1101 = ORIENTED_EDGE ( 'NONE', *, *, #2984, .T. ) ;
#1102 = FILL_AREA_STYLE ('',( #867 ) ) ;
#1103 = LINE ( 'NONE', #2507, #1181 ) ;
#1104 =( LENGTH_UNIT ( ) NAMED_UNIT ( * ) SI_UNIT ( .MILLI., .METRE. ) );
#1105 = AXIS2_PLACEMENT_3D ( 'NONE', #746, #2683, #1728 ) ;
#1106 = LINE ( 'NONE', #1125, #3167 ) ;
#1107 = FILL_AREA_STYLE_COLOUR ( '', #1684 ) ;
#1108 = ORIENTED_EDGE ( 'NONE', *, *, #1507, .T. ) ;
#1109 = VECTOR ( 'NONE', #2988, 1000.000000000000000 ) ;
#1110 = DIRECTION ( 'NONE',  ( 0.000000000000000000, 0.000000000000000000, -1.000000000000000000 ) ) ;
#1111 = ORIENTED_EDGE ( 'NONE', *, *, #3070, .T. ) ;
#1112 = CARTESIAN_POINT ( 'NONE',  ( -0.6400000000000051203, -1.385196573203009152, -3.109999999999999876 ) ) ;
#1113 = LINE ( 'NONE', #2315, #714 ) ;
#1114 = COLOUR_RGB ( '',1.000000000000000000, 0.8901960784313724950, 0.000000000000000000 ) ;
#1115 = EDGE_CURVE ( 'NONE', #1178, #703, #3091, .T. ) ;
#1116 = ORIENTED_EDGE ( 'NONE', *, *, #2523, .F. ) ;
#1117 = DIRECTION ( 'NONE',  ( 0.000000000000000000, -7.228014483236695816E-17, -1.000000000000000000 ) ) ;
#1118 = SURFACE_STYLE_USAGE ( .BOTH. , #297 ) ;
#1119 = SURFACE_STYLE_FILL_AREA ( #90 ) ;
#1120 = EDGE_CURVE ( 'NONE', #870, #2089, #3005, .T. ) ;
#1121 = SURFACE_STYLE_USAGE ( .BOTH. , #2049 ) ;
#1122 = PLANE ( 'NONE',  #1413 ) ;
#1123 = DIRECTION ( 'NONE',  ( -1.000000000000000000, 0.000000000000000000, -0.000000000000000000 ) ) ;
#1124 = DIRECTION ( 'NONE',  ( -0.000000000000000000, 1.000000000000000000, -0.000000000000000000 ) ) ;
#1125 = CARTESIAN_POINT ( 'NONE',  ( -4.840000000000002522, -1.385196573203009152, -3.109999999999999876 ) ) ;
#1126 = CARTESIAN_POINT ( 'NONE',  ( -5.190000000000003944, -1.385196573203009152, -3.109999999999999876 ) ) ;
#1127 = STYLED_ITEM ( 'NONE', ( #2522 ), #1024 ) ;
#1128 = ORIENTED_EDGE ( 'NONE', *, *, #1524, .F. ) ;
#1129 = VERTEX_POINT ( 'NONE', #937 ) ;
#1130 = SURFACE_SIDE_STYLE ('',( #2160 ) ) ;
#1131 = LINE ( 'NONE', #2116, #881 ) ;
#1132 = PRESENTATION_LAYER_ASSIGNMENT (  '', '', ( #241 ) ) ;
#1133 = VERTEX_POINT ( 'NONE', #2384 ) ;
#1134 = DIRECTION ( 'NONE',  ( 0.000000000000000000, -1.000000000000000000, 0.000000000000000000 ) ) ;
#1135 = EDGE_CURVE ( 'NONE', #377, #2547, #2621, .T. ) ;
#1136 = STYLED_ITEM ( 'NONE', ( #1322 ), #2119 ) ;
#1137 = EDGE_CURVE ( 'NONE', #2942, #2719, #2401, .T. ) ;
#1138 = ADVANCED_FACE ( 'NONE', ( #1141 ), #2416, .F. ) ;
#1139 = UNCERTAINTY_MEASURE_WITH_UNIT (LENGTH_MEASURE( 1.000000000000000082E-05 ), #1518, 'distance_accuracy_value', 'NONE');
#1140 = DIRECTION ( 'NONE',  ( -0.000000000000000000, 0.000000000000000000, 1.000000000000000000 ) ) ;
#1141 = FACE_OUTER_BOUND ( 'NONE', #396, .T. ) ;
#1142 = SURFACE_SIDE_STYLE ('',( #878 ) ) ;
#1143 = DIRECTION ( 'NONE',  ( -1.000000000000000000, -0.000000000000000000, -0.000000000000000000 ) ) ;
#1144 = SURFACE_STYLE_USAGE ( .BOTH. , #896 ) ;
#1145 = VERTEX_POINT ( 'NONE', #2857 ) ;
#1146 = VERTEX_POINT ( 'NONE', #256 ) ;
#1147 =( NAMED_UNIT ( * ) SI_UNIT ( $, .STERADIAN. ) SOLID_ANGLE_UNIT ( ) );
#1148 = DIRECTION ( 'NONE',  ( 0.000000000000000000, -7.228014483236695816E-17, -1.000000000000000000 ) ) ;
#1149 = STYLED_ITEM ( 'NONE', ( #1985 ), #2442 ) ;
#1150 = CARTESIAN_POINT ( 'NONE',  ( -13.08000000000000362, 1.500000000000000000, -14.60999999999999943 ) ) ;
#1151 = LINE ( 'NONE', #1166, #1604 ) ;
#1152 = DIRECTION ( 'NONE',  ( 0.000000000000000000, 0.000000000000000000, 1.000000000000000000 ) ) ;
#1153 = CARTESIAN_POINT ( 'NONE',  ( 1.109999999999993880, -1.385196573203009152, -3.109999999999999876 ) ) ;
#1154 = CARTESIAN_POINT ( 'NONE',  ( -2.740000000000002878, -1.390196573203009045, -3.109999999999999876 ) ) ;
#1155 = PRESENTATION_STYLE_ASSIGNMENT (( #2386 ) ) ;
#1156 = FILL_AREA_STYLE ('',( #1912 ) ) ;
#1157 =( NAMED_UNIT ( * ) SI_UNIT ( $, .STERADIAN. ) SOLID_ANGLE_UNIT ( ) );
#1158 = VECTOR ( 'NONE', #1143, 1000.000000000000000 ) ;
#1159 = EDGE_LOOP ( 'NONE', ( #900, #565, #3029, #2267, #2450, #3112 ) ) ;
#1160 = VECTOR ( 'NONE', #1600, 1000.000000000000000 ) ;
#1161 = EDGE_LOOP ( 'NONE', ( #104, #1372, #1054, #1020 ) ) ;
#1162 = LINE ( 'NONE', #2617, #432 ) ;
#1163 = CYLINDRICAL_SURFACE ( 'NONE', #922, 1.000000000000000000 ) ;
#1164 = MECHANICAL_DESIGN_GEOMETRIC_PRESENTATION_REPRESENTATION (  '', ( #1980 ), #1623 ) ;
#1165 = EDGE_CURVE ( 'NONE', #1292, #2764, #1743, .T. ) ;
#1166 = CARTESIAN_POINT ( 'NONE',  ( -13.08000000000000362, 0.000000000000000000, 14.60999999999999943 ) ) ;
#1167 =( GEOMETRIC_REPRESENTATION_CONTEXT ( 3 ) GLOBAL_UNCERTAINTY_ASSIGNED_CONTEXT ( ( #412 ) ) GLOBAL_UNIT_ASSIGNED_CONTEXT ( ( #679, #2600, #661 ) ) REPRESENTATION_CONTEXT ( 'NONE', 'WORKASPACE' ) );
#1168 = DIRECTION ( 'NONE',  ( -0.000000000000000000, -1.000000000000000000, 7.379191939847947013E-17 ) ) ;
#1169 = CARTESIAN_POINT ( 'NONE',  ( -3.440000000000003499, -1.385196573203009374, -6.110000000000000320 ) ) ;
#1170 = MECHANICAL_DESIGN_GEOMETRIC_PRESENTATION_REPRESENTATION (  '', ( #387 ), #1942 ) ;
#1171 = LINE ( 'NONE', #2156, #1254 ) ;
#1172 = DIRECTION ( 'NONE',  ( -1.000000000000000000, 0.000000000000000000, 0.000000000000000000 ) ) ;
#1173 = EDGE_CURVE ( 'NONE', #1427, #2748, #1012, .T. ) ;
#1174 = VECTOR ( 'NONE', #1591, 1000.000000000000000 ) ;
#1175 = EDGE_CURVE ( 'NONE', #1001, #1511, #1217, .T. ) ;
#1176 = ADVANCED_FACE ( 'NONE', ( #2953 ), #762, .F. ) ;
#1177 = ORIENTED_EDGE ( 'NONE', *, *, #2690, .F. ) ;
#1178 = VERTEX_POINT ( 'NONE', #1693 ) ;
#1179 = FACE_OUTER_BOUND ( 'NONE', #243, .T. ) ;
#1180 =( LENGTH_UNIT ( ) NAMED_UNIT ( * ) SI_UNIT ( .MILLI., .METRE. ) );
#1181 = VECTOR ( 'NONE', #876, 1000.000000000000000 ) ;
#1182 = CARTESIAN_POINT ( 'NONE',  ( -4.490000000000002878, -1.390196573203009267, -6.110000000000000320 ) ) ;
#1183 = CARTESIAN_POINT ( 'NONE',  ( -5.190000000000003055, -1.385196573203009374, -6.110000000000000320 ) ) ;
#1184 = AXIS2_PLACEMENT_3D ( 'NONE', #2042, #122, #1096 ) ;
#1185 = UNCERTAINTY_MEASURE_WITH_UNIT (LENGTH_MEASURE( 1.000000000000000082E-05 ), #1363, 'distance_accuracy_value', 'NONE');
#1186 = CARTESIAN_POINT ( 'NONE',  ( 11.70000000000000284, 1.500000000000000000, -10.11999999999999744 ) ) ;
#1187 = DIRECTION ( 'NONE',  ( 0.000000000000000000, 7.228014483236695816E-17, 1.000000000000000000 ) ) ;
#1188 = DIRECTION ( 'NONE',  ( 0.000000000000000000, -1.000000000000000000, 7.379191939847947013E-17 ) ) ;
#1189 = AXIS2_PLACEMENT_3D ( 'NONE', #1249, #2420, #498 ) ;
#1190 =( LENGTH_UNIT ( ) NAMED_UNIT ( * ) SI_UNIT ( .MILLI., .METRE. ) );
#1191 =( GEOMETRIC_REPRESENTATION_CONTEXT ( 3 ) GLOBAL_UNCERTAINTY_ASSIGNED_CONTEXT ( ( #428 ) ) GLOBAL_UNIT_ASSIGNED_CONTEXT ( ( #1190, #2887, #1631 ) ) REPRESENTATION_CONTEXT ( 'NONE', 'WORKASPACE' ) );
#1192 = DIRECTION ( 'NONE',  ( 1.000000000000000000, 0.000000000000000000, 0.000000000000000000 ) ) ;
#1193 = ORIENTED_EDGE ( 'NONE', *, *, #1645, .T. ) ;
#1194 = ADVANCED_FACE ( 'NONE', ( #1246 ), #1726, .F. ) ;
#1195 = EDGE_LOOP ( 'NONE', ( #2484, #989, #2183, #2804 ) ) ;
#1196 = PRESENTATION_STYLE_ASSIGNMENT (( #1916 ) ) ;
#1197 = CARTESIAN_POINT ( 'NONE',  ( -11.69999999999999574, 1.399999999999999911, 13.27999999999999936 ) ) ;
#1198 = SURFACE_STYLE_USAGE ( .BOTH. , #2644 ) ;
#1199 = CARTESIAN_POINT ( 'NONE',  ( -3.790000000000003588, -1.390196573203009267, -6.110000000000000320 ) ) ;
#1200 = VECTOR ( 'NONE', #2768, 1000.000000000000000 ) ;
#1201 =( GEOMETRIC_REPRESENTATION_CONTEXT ( 3 ) GLOBAL_UNCERTAINTY_ASSIGNED_CONTEXT ( ( #1003 ) ) GLOBAL_UNIT_ASSIGNED_CONTEXT ( ( #75, #1663, #202 ) ) REPRESENTATION_CONTEXT ( 'NONE', 'WORKASPACE' ) );
#1202 = SURFACE_SIDE_STYLE ('',( #683 ) ) ;
#1203 = LINE ( 'NONE', #696, #2463 ) ;
#1204 = SURFACE_STYLE_FILL_AREA ( #2152 ) ;
#1205 = SURFACE_STYLE_USAGE ( .BOTH. , #2153 ) ;
#1206 = FILL_AREA_STYLE_COLOUR ( '', #1236 ) ;
#1207 = CARTESIAN_POINT ( 'NONE',  ( -0.6400000000000051203, -1.390196573203009267, -6.110000000000000320 ) ) ;
#1208 = EDGE_LOOP ( 'NONE', ( #646, #2407, #422, #110 ) ) ;
#1209 = ORIENTED_EDGE ( 'NONE', *, *, #1067, .T. ) ;
#1210 = SURFACE_STYLE_FILL_AREA ( #2910 ) ;
#1211 = DIRECTION ( 'NONE',  ( 1.000000000000000000, 0.000000000000000000, 0.000000000000000000 ) ) ;
#1212 = EDGE_CURVE ( 'NONE', #377, #435, #2696, .T. ) ;
#1213 = DIRECTION ( 'NONE',  ( -2.891205793294678326E-16, 7.228014483236695816E-17, 1.000000000000000000 ) ) ;
#1214 = ADVANCED_FACE ( 'NONE', ( #36 ), #960, .F. ) ;
#1215 = DIRECTION ( 'NONE',  ( 0.000000000000000000, 0.000000000000000000, -1.000000000000000000 ) ) ;
#1216 = PRESENTATION_LAYER_ASSIGNMENT (  '', '', ( #5 ) ) ;
#1217 = LINE ( 'NONE', #2000, #663 ) ;
#1218 = FILL_AREA_STYLE_COLOUR ( '', #768 ) ;
#1219 = COLOUR_RGB ( '',0.4039215686274509887, 0.3176470588235293935, 0.000000000000000000 ) ;
#1220 = EDGE_LOOP ( 'NONE', ( #576, #2022, #2062, #1698 ) ) ;
#1221 = ORIENTED_EDGE ( 'NONE', *, *, #1838, .T. ) ;
#1222 = VECTOR ( 'NONE', #1362, 1000.000000000000000 ) ;
#1223 = UNCERTAINTY_MEASURE_WITH_UNIT (LENGTH_MEASURE( 1.000000000000000082E-05 ), #2021, 'distance_accuracy_value', 'NONE');
#1224 = LINE ( 'NONE', #2200, #770 ) ;
#1225 = ORIENTED_EDGE ( 'NONE', *, *, #1408, .T. ) ;
#1226 = FILL_AREA_STYLE_COLOUR ( '', #649 ) ;
#1227 = CARTESIAN_POINT ( 'NONE',  ( -12.08000000000000007, -1.190196573203009089, -6.110000000000001208 ) ) ;
#1228 = SURFACE_STYLE_USAGE ( .BOTH. , #1202 ) ;
#1229 = EDGE_CURVE ( 'NONE', #755, #2568, #126, .T. ) ;
#1230 = EDGE_CURVE ( 'NONE', #755, #2053, #1774, .T. ) ;
#1231 = SURFACE_SIDE_STYLE ('',( #2444 ) ) ;
#1232 = CARTESIAN_POINT ( 'NONE',  ( 25.72960514313748348, -0.5950982866015045447, -14.86415607913129477 ) ) ;
#1233 = VECTOR ( 'NONE', #1287, 1000.000000000000000 ) ;
#1234 = AXIS2_PLACEMENT_3D ( 'NONE', #2272, #567, #2551 ) ;
#1235 = AXIS2_PLACEMENT_3D ( 'NONE', #2959, #754, #1481 ) ;
#1236 = COLOUR_RGB ( '',0.4039215686274509887, 0.3176470588235293935, 0.000000000000000000 ) ;
#1237 = EDGE_LOOP ( 'NONE', ( #3082, #1350, #812, #358 ) ) ;
#1238 = ORIENTED_EDGE ( 'NONE', *, *, #257, .T. ) ;
#1239 = FACE_OUTER_BOUND ( 'NONE', #2759, .T. ) ;
#1240 =( NAMED_UNIT ( * ) SI_UNIT ( $, .STERADIAN. ) SOLID_ANGLE_UNIT ( ) );
#1241 = ORIENTED_EDGE ( 'NONE', *, *, #259, .F. ) ;
#1242 = CARTESIAN_POINT ( 'NONE',  ( -13.08000000000000362, 1.500000000000000000, -14.60999999999999943 ) ) ;
#1243 = SURFACE_STYLE_FILL_AREA ( #773 ) ;
#1244 = CARTESIAN_POINT ( 'NONE',  ( -13.08000000000000362, 1.500000000000000000, 14.60999999999999943 ) ) ;
#1245 = PLANE ( 'NONE',  #171 ) ;
#1246 = FACE_OUTER_BOUND ( 'NONE', #96, .T. ) ;
#1247 = VECTOR ( 'NONE', #1061, 1000.000000000000000 ) ;
#1248 = CIRCLE ( 'NONE', #1706, 1.000000000000000000 ) ;
#1249 = CARTESIAN_POINT ( 'NONE',  ( -4.840000000000002522, -1.385196573203009152, -3.109999999999999876 ) ) ;
#1250 = ORIENTED_EDGE ( 'NONE', *, *, #9, .T. ) ;
#1251 = LINE ( 'NONE', #2215, #3006 ) ;
#1252 = SURFACE_STYLE_USAGE ( .BOTH. , #26 ) ;
#1253 = ORIENTED_EDGE ( 'NONE', *, *, #1796, .T. ) ;
#1254 = VECTOR ( 'NONE', #1680, 1000.000000000000000 ) ;
#1255 = COLOUR_RGB ( '',0.4039215686274509887, 0.3176470588235293935, 0.000000000000000000 ) ;
#1256 = CARTESIAN_POINT ( 'NONE',  ( -2.740000000000003766, -1.385196573203009152, -3.109999999999999876 ) ) ;
#1257 = DIRECTION ( 'NONE',  ( -1.000000000000000000, 0.000000000000000000, 0.000000000000000000 ) ) ;
#1258 = FILL_AREA_STYLE_COLOUR ( '', #1808 ) ;
#1259 = LINE ( 'NONE', #527, #844 ) ;
#1260 = DIRECTION ( 'NONE',  ( 0.000000000000000000, 1.000000000000000000, -0.000000000000000000 ) ) ;
#1261 = VERTEX_POINT ( 'NONE', #1307 ) ;
#1262 = EDGE_CURVE ( 'NONE', #2777, #242, #1248, .T. ) ;
#1263 = EDGE_CURVE ( 'NONE', #1087, #1731, #2752, .T. ) ;
#1264 = SURFACE_SIDE_STYLE ('',( #1210 ) ) ;
#1265 = EDGE_CURVE ( 'NONE', #364, #1292, #2017, .T. ) ;
#1266 = UNCERTAINTY_MEASURE_WITH_UNIT (LENGTH_MEASURE( 1.000000000000000082E-05 ), #1366, 'distance_accuracy_value', 'NONE');
#1267 =( LENGTH_UNIT ( ) NAMED_UNIT ( * ) SI_UNIT ( .MILLI., .METRE. ) );
#1268 = EDGE_LOOP ( 'NONE', ( #1250, #521, #804, #750 ) ) ;
#1269 = DIRECTION ( 'NONE',  ( -1.000000000000000000, 0.000000000000000000, 0.000000000000000000 ) ) ;
#1270 =( NAMED_UNIT ( * ) PLANE_ANGLE_UNIT ( ) SI_UNIT ( $, .RADIAN. ) );
#1271 = ORIENTED_EDGE ( 'NONE', *, *, #3127, .F. ) ;
#1272 = DIRECTION ( 'NONE',  ( 0.000000000000000000, -7.228014483236695816E-17, -1.000000000000000000 ) ) ;
#1273 = SURFACE_STYLE_FILL_AREA ( #254 ) ;
#1274 = VECTOR ( 'NONE', #80, 1000.000000000000000 ) ;
#1275 = FILL_AREA_STYLE_COLOUR ( '', #905 ) ;
#1276 = PRESENTATION_STYLE_ASSIGNMENT (( #713 ) ) ;
#1277 =( GEOMETRIC_REPRESENTATION_CONTEXT ( 3 ) GLOBAL_UNCERTAINTY_ASSIGNED_CONTEXT ( ( #1702 ) ) GLOBAL_UNIT_ASSIGNED_CONTEXT ( ( #671, #175, #1436 ) ) REPRESENTATION_CONTEXT ( 'NONE', 'WORKASPACE' ) );
#1278 = DIRECTION ( 'NONE',  ( 0.000000000000000000, 0.000000000000000000, -1.000000000000000000 ) ) ;
#1279 = VERTEX_POINT ( 'NONE', #2981 ) ;
#1280 = VECTOR ( 'NONE', #2360, 1000.000000000000000 ) ;
#1281 = LINE ( 'NONE', #2061, #72 ) ;
#1282 = EDGE_LOOP ( 'NONE', ( #1111, #192, #2826, #807 ) ) ;
#1283 = CARTESIAN_POINT ( 'NONE',  ( -7.620000000000001883, -1.190196573203009089, -4.110000000000000320 ) ) ;
#1284 = UNCERTAINTY_MEASURE_WITH_UNIT (LENGTH_MEASURE( 1.000000000000000082E-05 ), #113, 'distance_accuracy_value', 'NONE');
#1285 = CARTESIAN_POINT ( 'NONE',  ( 0.05999999999999495320, -1.385196573203009152, -3.109999999999999876 ) ) ;
#1286 = EDGE_LOOP ( 'NONE', ( #2182, #3043, #1040, #330 ) ) ;
#1287 = DIRECTION ( 'NONE',  ( -0.000000000000000000, -1.000000000000000000, 7.379191939847947013E-17 ) ) ;
#1288 = EDGE_CURVE ( 'NONE', #2732, #1479, #1100, .T. ) ;
#1289 = MECHANICAL_DESIGN_GEOMETRIC_PRESENTATION_REPRESENTATION (  '', ( #2663 ), #1453 ) ;
#1290 =( NAMED_UNIT ( * ) PLANE_ANGLE_UNIT ( ) SI_UNIT ( $, .RADIAN. ) );
#1291 = DIRECTION ( 'NONE',  ( -0.000000000000000000, -1.000000000000000000, 7.379191939847947013E-17 ) ) ;
#1292 = VERTEX_POINT ( 'NONE', #2088 ) ;
#1293 = MECHANICAL_DESIGN_GEOMETRIC_PRESENTATION_REPRESENTATION (  '', ( #204 ), #42 ) ;
#1294 = PLANE ( 'NONE',  #1763 ) ;
#1295 = CARTESIAN_POINT ( 'NONE',  ( 2.779999999999997584, -1.190196573203009089, -4.110000000000001208 ) ) ;
#1296 = AXIS2_PLACEMENT_3D ( 'NONE', #513, #494, #1986 ) ;
#1297 = AXIS2_PLACEMENT_3D ( 'NONE', #969, #544, #194 ) ;
#1298 = EDGE_LOOP ( 'NONE', ( #546, #2263, #2715, #1209 ) ) ;
#1299 = DIRECTION ( 'NONE',  ( 2.891205793294678819E-16, 0.000000000000000000, -1.000000000000000000 ) ) ;
#1300 = SURFACE_SIDE_STYLE ('',( #534 ) ) ;
#1301 = ORIENTED_EDGE ( 'NONE', *, *, #816, .F. ) ;
#1302 = CARTESIAN_POINT ( 'NONE',  ( -6.590000000000002522, -1.385196573203009374, -6.110000000000000320 ) ) ;
#1303 = CARTESIAN_POINT ( 'NONE',  ( -6.940000000000001279, -1.385196573203009374, -6.110000000000000320 ) ) ;
#1304 = ORIENTED_EDGE ( 'NONE', *, *, #2404, .F. ) ;
#1305 = LINE ( 'NONE', #70, #3160 ) ;
#1306 = CARTESIAN_POINT ( 'NONE',  ( -4.490000000000004654, -1.385196573203009152, -3.109999999999999876 ) ) ;
#1307 = CARTESIAN_POINT ( 'NONE',  ( -3.090000000000003855, -1.390196573203009267, -6.110000000000000320 ) ) ;
#1308 = VERTEX_POINT ( 'NONE', #594 ) ;
#1309 = VECTOR ( 'NONE', #2194, 1000.000000000000000 ) ;
#1310 = ADVANCED_FACE ( 'NONE', ( #2334 ), #2067, .F. ) ;
#1311 = EDGE_CURVE ( 'NONE', #2861, #1787, #2275, .T. ) ;
#1312 = VECTOR ( 'NONE', #2564, 1000.000000000000000 ) ;
#1313 = SURFACE_STYLE_USAGE ( .BOTH. , #3020 ) ;
#1314 = CARTESIAN_POINT ( 'NONE',  ( 0.4099999999999945910, -1.385196573203009374, -6.110000000000000320 ) ) ;
#1315 = ORIENTED_EDGE ( 'NONE', *, *, #1881, .T. ) ;
#1316 = ORIENTED_EDGE ( 'NONE', *, *, #3093, .F. ) ;
#1317 = DIRECTION ( 'NONE',  ( -0.000000000000000000, -1.000000000000000000, 7.379191939847947013E-17 ) ) ;
#1318 = CARTESIAN_POINT ( 'NONE',  ( -2.740000000000003766, -1.390196573203009267, -6.110000000000000320 ) ) ;
#1319 = CARTESIAN_POINT ( 'NONE',  ( -2.040000000000003588, -1.385196573203009152, -3.109999999999999876 ) ) ;
#1320 = VERTEX_POINT ( 'NONE', #2318 ) ;
#1321 = CARTESIAN_POINT ( 'NONE',  ( -9.620000000000002771, -1.390196573203009267, -5.110000000000000320 ) ) ;
#1322 = PRESENTATION_STYLE_ASSIGNMENT (( #324 ) ) ;
#1323 = ORIENTED_EDGE ( 'NONE', *, *, #794, .T. ) ;
#1324 = FACE_OUTER_BOUND ( 'NONE', #1780, .T. ) ;
#1325 = CARTESIAN_POINT ( 'NONE',  ( 0.000000000000000000, -1.385196573203008930, 1.001146500595813351E-16 ) ) ;
#1326 = ORIENTED_EDGE ( 'NONE', *, *, #2173, .F. ) ;
#1327 = VECTOR ( 'NONE', #2380, 1000.000000000000000 ) ;
#1328 = VECTOR ( 'NONE', #2546, 1000.000000000000000 ) ;
#1329 = SURFACE_SIDE_STYLE ('',( #331 ) ) ;
#1330 = EDGE_CURVE ( 'NONE', #771, #1320, #557, .T. ) ;
#1331 = PRESENTATION_STYLE_ASSIGNMENT (( #1313 ) ) ;
#1332 = DIRECTION ( 'NONE',  ( 0.000000000000000000, 1.000000000000000000, -7.379191939847947013E-17 ) ) ;
#1333 = STYLED_ITEM ( 'NONE', ( #431 ), #1138 ) ;
#1334 = PRESENTATION_LAYER_ASSIGNMENT (  '', '', ( #1486 ) ) ;
#1335 =( NAMED_UNIT ( * ) SI_UNIT ( $, .STERADIAN. ) SOLID_ANGLE_UNIT ( ) );
#1336 = ORIENTED_EDGE ( 'NONE', *, *, #298, .T. ) ;
#1337 = LINE ( 'NONE', #2307, #19 ) ;
#1338 =( GEOMETRIC_REPRESENTATION_CONTEXT ( 3 ) GLOBAL_UNCERTAINTY_ASSIGNED_CONTEXT ( ( #2871 ) ) GLOBAL_UNIT_ASSIGNED_CONTEXT ( ( #1758, #2486, #2013 ) ) REPRESENTATION_CONTEXT ( 'NONE', 'WORKASPACE' ) );
#1339 = ORIENTED_EDGE ( 'NONE', *, *, #2516, .T. ) ;
#1340 = PRESENTATION_STYLE_ASSIGNMENT (( #2312 ) ) ;
#1341 = ORIENTED_EDGE ( 'NONE', *, *, #1137, .T. ) ;
#1342 = FILL_AREA_STYLE ('',( #801 ) ) ;
#1343 = AXIS2_PLACEMENT_3D ( 'NONE', #2922, #2225, #2431 ) ;
#1344 = ORIENTED_EDGE ( 'NONE', *, *, #3145, .F. ) ;
#1345 = AXIS2_PLACEMENT_3D ( 'NONE', #1004, #484, #3189 ) ;
#1346 = DIRECTION ( 'NONE',  ( 0.000000000000000000, 0.000000000000000000, 1.000000000000000000 ) ) ;
#1347 = MECHANICAL_DESIGN_GEOMETRIC_PRESENTATION_REPRESENTATION (  '', ( #1749 ), #1191 ) ;
#1348 = DIRECTION ( 'NONE',  ( 0.000000000000000000, -7.228014483236695816E-17, -1.000000000000000000 ) ) ;
#1349 = CARTESIAN_POINT ( 'NONE',  ( 25.72960514313748348, -1.390196573203009045, -3.109999999999999876 ) ) ;
#1350 = ORIENTED_EDGE ( 'NONE', *, *, #3109, .T. ) ;
#1351 = SURFACE_SIDE_STYLE ('',( #2574 ) ) ;
#1352 = CARTESIAN_POINT ( 'NONE',  ( -4.490000000000004654, -1.390196573203009045, -3.109999999999999876 ) ) ;
#1353 = SURFACE_STYLE_FILL_AREA ( #2559 ) ;
#1354 = ORIENTED_EDGE ( 'NONE', *, *, #1229, .T. ) ;
#1355 =( LENGTH_UNIT ( ) NAMED_UNIT ( * ) SI_UNIT ( .MILLI., .METRE. ) );
#1356 = LINE ( 'NONE', #607, #1442 ) ;
#1357 = ORIENTED_EDGE ( 'NONE', *, *, #1697, .T. ) ;
#1358 = LINE ( 'NONE', #785, #186 ) ;
#1359 = ORIENTED_EDGE ( 'NONE', *, *, #179, .F. ) ;
#1360 = LINE ( 'NONE', #631, #3076 ) ;
#1361 = ORIENTED_EDGE ( 'NONE', *, *, #3127, .T. ) ;
#1362 = DIRECTION ( 'NONE',  ( 0.000000000000000000, -7.228014483236695816E-17, -1.000000000000000000 ) ) ;
#1363 =( LENGTH_UNIT ( ) NAMED_UNIT ( * ) SI_UNIT ( .MILLI., .METRE. ) );
#1364 = CARTESIAN_POINT ( 'NONE',  ( -5.190000000000003944, -1.385196573203009152, -3.109999999999999876 ) ) ;
#1365 = VERTEX_POINT ( 'NONE', #1597 ) ;
#1366 =( LENGTH_UNIT ( ) NAMED_UNIT ( * ) SI_UNIT ( .MILLI., .METRE. ) );
#1367 = CARTESIAN_POINT ( 'NONE',  ( -11.69999999999999574, 1.399999999999999911, 13.27999999999999936 ) ) ;
#1368 = ORIENTED_EDGE ( 'NONE', *, *, #489, .T. ) ;
#1369 = UNCERTAINTY_MEASURE_WITH_UNIT (LENGTH_MEASURE( 1.000000000000000082E-05 ), #187, 'distance_accuracy_value', 'NONE');
#1370 = CARTESIAN_POINT ( 'NONE',  ( -4.490000000000002878, -1.385196573203009374, -6.110000000000000320 ) ) ;
#1371 = DIRECTION ( 'NONE',  ( 1.000000000000000000, 0.000000000000000000, 0.000000000000000000 ) ) ;
#1372 = ORIENTED_EDGE ( 'NONE', *, *, #622, .F. ) ;
#1373 = MECHANICAL_DESIGN_GEOMETRIC_PRESENTATION_REPRESENTATION (  '', ( #5 ), #3106 ) ;
#1374 = EDGE_LOOP ( 'NONE', ( #1052, #1929, #2537, #1381 ) ) ;
#1375 = EDGE_CURVE ( 'NONE', #2616, #1365, #1083, .T. ) ;
#1376 = EDGE_CURVE ( 'NONE', #783, #1427, #1057, .T. ) ;
#1377 = DIRECTION ( 'NONE',  ( 1.000000000000000000, 2.133476248632177812E-32, 2.891205793294678819E-16 ) ) ;
#1378 = ADVANCED_FACE ( 'NONE', ( #542 ), #822, .F. ) ;
#1379 = DIRECTION ( 'NONE',  ( 0.000000000000000000, -7.228014483236695816E-17, -1.000000000000000000 ) ) ;
#1380 = VECTOR ( 'NONE', #1981, 1000.000000000000000 ) ;
#1381 = ORIENTED_EDGE ( 'NONE', *, *, #288, .T. ) ;
#1382 = SURFACE_STYLE_USAGE ( .BOTH. , #1872 ) ;
#1383 = DIRECTION ( 'NONE',  ( 1.000000000000000000, 2.133476248632177812E-32, 2.891205793294678819E-16 ) ) ;
#1384 =( NAMED_UNIT ( * ) PLANE_ANGLE_UNIT ( ) SI_UNIT ( $, .RADIAN. ) );
#1385 = VECTOR ( 'NONE', #14, 1000.000000000000000 ) ;
#1386 = FILL_AREA_STYLE_COLOUR ( '', #1610 ) ;
#1387 = PRESENTATION_STYLE_ASSIGNMENT (( #2542 ) ) ;
#1388 =( GEOMETRIC_REPRESENTATION_CONTEXT ( 3 ) GLOBAL_UNCERTAINTY_ASSIGNED_CONTEXT ( ( #1515 ) ) GLOBAL_UNIT_ASSIGNED_CONTEXT ( ( #2452, #3188, #2727 ) ) REPRESENTATION_CONTEXT ( 'NONE', 'WORKASPACE' ) );
#1389 = DIRECTION ( 'NONE',  ( 1.000000000000000000, 0.000000000000000000, 0.000000000000000000 ) ) ;
#1390 = FILL_AREA_STYLE ('',( #3094 ) ) ;
#1391 = ORIENTED_EDGE ( 'NONE', *, *, #1697, .F. ) ;
#1392 = ORIENTED_EDGE ( 'NONE', *, *, #1420, .F. ) ;
#1393 = DIRECTION ( 'NONE',  ( -1.000000000000000000, 0.000000000000000000, 0.000000000000000000 ) ) ;
#1394 = CARTESIAN_POINT ( 'NONE',  ( 25.72960514313748348, -1.390196573203009045, -3.109999999999999876 ) ) ;
#1395 = MECHANICAL_DESIGN_GEOMETRIC_PRESENTATION_REPRESENTATION (  '', ( #961 ), #2375 ) ;
#1396 = CARTESIAN_POINT ( 'NONE',  ( -13.08000000000000362, -1.190196573203009089, -14.86415607913129477 ) ) ;
#1397 = LINE ( 'NONE', #2366, #2125 ) ;
#1398 = STYLED_ITEM ( 'NONE', ( #756 ), #1937 ) ;
#1399 = STYLED_ITEM ( 'NONE', ( #2157 ), #1777 ) ;
#1400 = UNCERTAINTY_MEASURE_WITH_UNIT (LENGTH_MEASURE( 1.000000000000000082E-05 ), #1723, 'distance_accuracy_value', 'NONE');
#1401 = EDGE_CURVE ( 'NONE', #2844, #2568, #2811, .T. ) ;
#1402 = LINE ( 'NONE', #201, #2059 ) ;
#1403 = PLANE ( 'NONE',  #43 ) ;
#1404 = DIRECTION ( 'NONE',  ( 1.000000000000000000, 0.000000000000000000, 0.000000000000000000 ) ) ;
#1405 = CARTESIAN_POINT ( 'NONE',  ( -4.840000000000002522, -1.385196573203009374, -6.110000000000000320 ) ) ;
#1406 = CARTESIAN_POINT ( 'NONE',  ( -6.590000000000003411, -1.385196573203009152, -3.109999999999999876 ) ) ;
#1407 = CARTESIAN_POINT ( 'NONE',  ( -6.240000000000002878, -1.385196573203009374, -6.110000000000000320 ) ) ;
#1408 = EDGE_CURVE ( 'NONE', #1628, #2792, #2594, .T. ) ;
#1409 = ORIENTED_EDGE ( 'NONE', *, *, #3070, .F. ) ;
#1410 = ORIENTED_EDGE ( 'NONE', *, *, #2688, .T. ) ;
#1411 = LINE ( 'NONE', #1639, #2145 ) ;
#1412 = CARTESIAN_POINT ( 'NONE',  ( 0.000000000000000000, -1.385196573203008930, 1.001146500595813351E-16 ) ) ;
#1413 = AXIS2_PLACEMENT_3D ( 'NONE', #2071, #2109, #3074 ) ;
#1414 = PRESENTATION_LAYER_ASSIGNMENT (  '', '', ( #2171 ) ) ;
#1415 = LINE ( 'NONE', #3087, #2604 ) ;
#1416 = CARTESIAN_POINT ( 'NONE',  ( -4.840000000000002522, -1.390196573203009267, -6.110000000000000320 ) ) ;
#1417 = DIRECTION ( 'NONE',  ( 0.000000000000000000, 0.000000000000000000, 1.000000000000000000 ) ) ;
#1418 = CARTESIAN_POINT ( 'NONE',  ( -7.620000000000001883, -1.390196573203009045, -4.110000000000000320 ) ) ;
#1419 = EDGE_CURVE ( 'NONE', #2719, #378, #132, .T. ) ;
#1420 = EDGE_CURVE ( 'NONE', #2113, #2481, #2794, .T. ) ;
#1421 = FACE_OUTER_BOUND ( 'NONE', #1989, .T. ) ;
#1422 =( LENGTH_UNIT ( ) NAMED_UNIT ( * ) SI_UNIT ( .MILLI., .METRE. ) );
#1423 = VECTOR ( 'NONE', #2875, 1000.000000000000000 ) ;
#1424 = VECTOR ( 'NONE', #1215, 1000.000000000000000 ) ;
#1425 = ORIENTED_EDGE ( 'NONE', *, *, #2848, .T. ) ;
#1426 = PRESENTATION_LAYER_ASSIGNMENT (  '', '', ( #2684 ) ) ;
#1427 = VERTEX_POINT ( 'NONE', #1847 ) ;
#1428 = DIRECTION ( 'NONE',  ( 1.000000000000000000, 0.000000000000000000, 0.000000000000000000 ) ) ;
#1429 = DIRECTION ( 'NONE',  ( 1.000000000000000000, 0.000000000000000000, 0.000000000000000000 ) ) ;
#1430 = MECHANICAL_DESIGN_GEOMETRIC_PRESENTATION_REPRESENTATION (  '', ( #2435 ), #2842 ) ;
#1431 = DIRECTION ( 'NONE',  ( 0.000000000000000000, -7.228014483236695816E-17, -1.000000000000000000 ) ) ;
#1432 = AXIS2_PLACEMENT_3D ( 'NONE', #1244, #2396, #2457 ) ;
#1433 = PRESENTATION_STYLE_ASSIGNMENT (( #1228 ) ) ;
#1434 = LINE ( 'NONE', #2884, #1647 ) ;
#1435 = FACE_OUTER_BOUND ( 'NONE', #436, .T. ) ;
#1436 =( NAMED_UNIT ( * ) SI_UNIT ( $, .STERADIAN. ) SOLID_ANGLE_UNIT ( ) );
#1437 = FILL_AREA_STYLE_COLOUR ( '', #2131 ) ;
#1438 = EDGE_CURVE ( 'NONE', #1638, #1557, #2561, .T. ) ;
#1439 =( LENGTH_UNIT ( ) NAMED_UNIT ( * ) SI_UNIT ( .MILLI., .METRE. ) );
#1440 = CARTESIAN_POINT ( 'NONE',  ( -2.740000000000003766, -1.385196573203009152, -3.109999999999999876 ) ) ;
#1441 = ORIENTED_EDGE ( 'NONE', *, *, #293, .F. ) ;
#1442 = VECTOR ( 'NONE', #864, 1000.000000000000000 ) ;
#1443 = ORIENTED_EDGE ( 'NONE', *, *, #359, .F. ) ;
#1444 = DIRECTION ( 'NONE',  ( -0.000000000000000000, 1.000000000000000000, -0.000000000000000000 ) ) ;
#1445 = DIRECTION ( 'NONE',  ( -1.000000000000000000, 0.000000000000000000, 0.000000000000000000 ) ) ;
#1446 =( NAMED_UNIT ( * ) SI_UNIT ( $, .STERADIAN. ) SOLID_ANGLE_UNIT ( ) );
#1447 = CARTESIAN_POINT ( 'NONE',  ( -2.040000000000003588, -1.390196573203009045, -3.109999999999999876 ) ) ;
#1448 = CARTESIAN_POINT ( 'NONE',  ( 2.779999999999997584, -0.5950982866015045447, -14.86415607913129477 ) ) ;
#1449 = DIRECTION ( 'NONE',  ( -0.000000000000000000, -1.000000000000000000, 7.379191939847947013E-17 ) ) ;
#1450 = DIRECTION ( 'NONE',  ( -0.000000000000000000, 0.000000000000000000, 1.000000000000000000 ) ) ;
#1451 = ORIENTED_EDGE ( 'NONE', *, *, #359, .T. ) ;
#1452 = EDGE_CURVE ( 'NONE', #1065, #653, #2775, .T. ) ;
#1453 =( GEOMETRIC_REPRESENTATION_CONTEXT ( 3 ) GLOBAL_UNCERTAINTY_ASSIGNED_CONTEXT ( ( #2228 ) ) GLOBAL_UNIT_ASSIGNED_CONTEXT ( ( #1180, #1534, #2655 ) ) REPRESENTATION_CONTEXT ( 'NONE', 'WORKASPACE' ) );
#1454 = ORIENTED_EDGE ( 'NONE', *, *, #793, .T. ) ;
#1455 = FILL_AREA_STYLE_COLOUR ( '', #1035 ) ;
#1456 = LINE ( 'NONE', #1512, #2700 ) ;
#1457 = EDGE_CURVE ( 'NONE', #3060, #2908, #2824, .T. ) ;
#1458 = UNCERTAINTY_MEASURE_WITH_UNIT (LENGTH_MEASURE( 1.000000000000000082E-05 ), #2223, 'distance_accuracy_value', 'NONE');
#1459 = CARTESIAN_POINT ( 'NONE',  ( -6.240000000000002878, -1.390196573203009267, -6.110000000000000320 ) ) ;
#1460 = STYLED_ITEM ( 'NONE', ( #2260 ), #360 ) ;
#1461 = FILL_AREA_STYLE_COLOUR ( '', #2031 ) ;
#1462 = AXIS2_PLACEMENT_3D ( 'NONE', #1089, #813, #361 ) ;
#1463 = COLOUR_RGB ( '',0.4039215686274509887, 0.3176470588235293935, 0.000000000000000000 ) ;
#1464 = LINE ( 'NONE', #3161, #747 ) ;
#1465 = SURFACE_STYLE_FILL_AREA ( #1694 ) ;
#1466 = ORIENTED_EDGE ( 'NONE', *, *, #2226, .T. ) ;
#1467 = ORIENTED_EDGE ( 'NONE', *, *, #489, .F. ) ;
#1468 =( NAMED_UNIT ( * ) SI_UNIT ( $, .STERADIAN. ) SOLID_ANGLE_UNIT ( ) );
#1469 = EDGE_CURVE ( 'NONE', #1480, #1279, #1106, .T. ) ;
#1470 = EDGE_CURVE ( 'NONE', #1683, #109, #1795, .T. ) ;
#1471 = FILL_AREA_STYLE ('',( #1226 ) ) ;
#1472 = FACE_OUTER_BOUND ( 'NONE', #340, .T. ) ;
#1473 = LINE ( 'NONE', #2222, #1491 ) ;
#1474 = CARTESIAN_POINT ( 'NONE',  ( 25.72960514313748348, -1.190196573203009089, -6.110000000000001208 ) ) ;
#1475 =( LENGTH_UNIT ( ) NAMED_UNIT ( * ) SI_UNIT ( .MILLI., .METRE. ) );
#1476 = AXIS2_PLACEMENT_3D ( 'NONE', #99, #3028, #1093 ) ;
#1477 = SURFACE_STYLE_USAGE ( .BOTH. , #779 ) ;
#1478 = SURFACE_STYLE_FILL_AREA ( #3 ) ;
#1479 = VERTEX_POINT ( 'NONE', #2359 ) ;
#1480 = VERTEX_POINT ( 'NONE', #2075 ) ;
#1481 = DIRECTION ( 'NONE',  ( 0.000000000000000000, 1.000000000000000000, -7.379191939847947013E-17 ) ) ;
#1482 = ORIENTED_EDGE ( 'NONE', *, *, #2556, .T. ) ;
#1483 =( NAMED_UNIT ( * ) PLANE_ANGLE_UNIT ( ) SI_UNIT ( $, .RADIAN. ) );
#1484 = MECHANICAL_DESIGN_GEOMETRIC_PRESENTATION_REPRESENTATION (  '', ( #2553 ), #915 ) ;
#1485 = FILL_AREA_STYLE_COLOUR ( '', #873 ) ;
#1486 = STYLED_ITEM ( 'NONE', ( #362 ), #1677 ) ;
#1487 = CARTESIAN_POINT ( 'NONE',  ( 25.72960514313748348, -1.190196573203009089, -3.109999999999999876 ) ) ;
#1488 = LINE ( 'NONE', #15, #426 ) ;
#1489 =( NAMED_UNIT ( * ) SI_UNIT ( $, .STERADIAN. ) SOLID_ANGLE_UNIT ( ) );
#1490 = CARTESIAN_POINT ( 'NONE',  ( -0.2900000000000064193, -1.385196573203009152, -3.109999999999999876 ) ) ;
#1491 = VECTOR ( 'NONE', #3194, 1000.000000000000000 ) ;
#1492 = PRESENTATION_LAYER_ASSIGNMENT (  '', '', ( #2002 ) ) ;
#1493 = LINE ( 'NONE', #38, #2885 ) ;
#1494 = VECTOR ( 'NONE', #248, 1000.000000000000000 ) ;
#1495 = VERTEX_POINT ( 'NONE', #3003 ) ;
#1496 = VERTEX_POINT ( 'NONE', #625 ) ;
#1497 = EDGE_CURVE ( 'NONE', #2779, #820, #1068, .T. ) ;
#1498 = UNCERTAINTY_MEASURE_WITH_UNIT (LENGTH_MEASURE( 1.000000000000000082E-05 ), #2660, 'distance_accuracy_value', 'NONE');
#1499 = VERTEX_POINT ( 'NONE', #375 ) ;
#1500 = CARTESIAN_POINT ( 'NONE',  ( -4.140000000000003233, -1.390196573203009267, -6.110000000000000320 ) ) ;
#1501 = CARTESIAN_POINT ( 'NONE',  ( -2.040000000000003588, -1.390196573203009045, -3.109999999999999876 ) ) ;
#1502 = DIRECTION ( 'NONE',  ( 0.000000000000000000, 0.000000000000000000, 1.000000000000000000 ) ) ;
#1503 =( LENGTH_UNIT ( ) NAMED_UNIT ( * ) SI_UNIT ( .MILLI., .METRE. ) );
#1504 = CARTESIAN_POINT ( 'NONE',  ( -8.620000000000002771, -0.3901965732030091560, -3.109999999999999876 ) ) ;
#1505 = COLOUR_RGB ( '',0.4039215686274509887, 0.3176470588235293935, 0.000000000000000000 ) ;
#1506 = EDGE_CURVE ( 'NONE', #3154, #364, #112, .T. ) ;
#1507 = EDGE_CURVE ( 'NONE', #1819, #1557, #2580, .T. ) ;
#1508 = PRESENTATION_STYLE_ASSIGNMENT (( #1477 ) ) ;
#1509 = EDGE_CURVE ( 'NONE', #1078, #31, #2284, .T. ) ;
#1510 = PRESENTATION_STYLE_ASSIGNMENT (( #1988 ) ) ;
#1511 = VERTEX_POINT ( 'NONE', #337 ) ;
#1512 = CARTESIAN_POINT ( 'NONE',  ( -0.9900000000000056533, -1.385196573203009152, -3.109999999999999876 ) ) ;
#1513 = ORIENTED_EDGE ( 'NONE', *, *, #548, .F. ) ;
#1514 = CARTESIAN_POINT ( 'NONE',  ( 25.72960514313748348, -1.390196573203009045, -3.109999999999999876 ) ) ;
#1515 = UNCERTAINTY_MEASURE_WITH_UNIT (LENGTH_MEASURE( 1.000000000000000082E-05 ), #2452, 'distance_accuracy_value', 'NONE');
#1516 = VECTOR ( 'NONE', #2430, 1000.000000000000000 ) ;
#1517 = ORIENTED_EDGE ( 'NONE', *, *, #293, .T. ) ;
#1518 =( LENGTH_UNIT ( ) NAMED_UNIT ( * ) SI_UNIT ( .MILLI., .METRE. ) );
#1519 = DIRECTION ( 'NONE',  ( 0.000000000000000000, -0.000000000000000000, -1.000000000000000000 ) ) ;
#1520 = CARTESIAN_POINT ( 'NONE',  ( -11.69999999999999574, 1.500000000000000000, 13.27999999999999936 ) ) ;
#1521 = FILL_AREA_STYLE_COLOUR ( '', #1062 ) ;
#1522 = ORIENTED_EDGE ( 'NONE', *, *, #2901, .F. ) ;
#1523 = SURFACE_STYLE_USAGE ( .BOTH. , #531 ) ;
#1524 = EDGE_CURVE ( 'NONE', #1499, #951, #1337, .T. ) ;
#1525 = EDGE_LOOP ( 'NONE', ( #1561, #1466, #774, #281 ) ) ;
#1526 = PRESENTATION_STYLE_ASSIGNMENT (( #1769 ) ) ;
#1527 = DIRECTION ( 'NONE',  ( 1.000000000000000000, 0.000000000000000000, 0.000000000000000000 ) ) ;
#1528 = ORIENTED_EDGE ( 'NONE', *, *, #2082, .T. ) ;
#1529 = CARTESIAN_POINT ( 'NONE',  ( -4.840000000000002522, -1.385196573203009152, -3.109999999999999876 ) ) ;
#1530 = PLANE ( 'NONE',  #668 ) ;
#1531 = AXIS2_PLACEMENT_3D ( 'NONE', #3173, #2687, #518 ) ;
#1532 = CARTESIAN_POINT ( 'NONE',  ( -3.440000000000003499, -1.385196573203009152, -3.109999999999999876 ) ) ;
#1533 = PRESENTATION_LAYER_ASSIGNMENT (  '', '', ( #442 ) ) ;
#1534 =( NAMED_UNIT ( * ) PLANE_ANGLE_UNIT ( ) SI_UNIT ( $, .RADIAN. ) );
#1535 = DIRECTION ( 'NONE',  ( -0.000000000000000000, 0.000000000000000000, 1.000000000000000000 ) ) ;
#1536 = ORIENTED_EDGE ( 'NONE', *, *, #2688, .F. ) ;
#1537 = VECTOR ( 'NONE', #803, 1000.000000000000000 ) ;
#1538 = LINE ( 'NONE', #1318, #395 ) ;
#1539 =( GEOMETRIC_REPRESENTATION_CONTEXT ( 3 ) GLOBAL_UNCERTAINTY_ASSIGNED_CONTEXT ( ( #1022 ) ) GLOBAL_UNIT_ASSIGNED_CONTEXT ( ( #3169, #515, #1681 ) ) REPRESENTATION_CONTEXT ( 'NONE', 'WORKASPACE' ) );
#1540 = EDGE_CURVE ( 'NONE', #1087, #2008, #847, .T. ) ;
#1541 = ORIENTED_EDGE ( 'NONE', *, *, #1452, .F. ) ;
#1542 = LINE ( 'NONE', #587, #1776 ) ;
#1543 = CARTESIAN_POINT ( 'NONE',  ( -3.090000000000004743, -1.390196573203009045, -3.109999999999999876 ) ) ;
#1544 = ORIENTED_EDGE ( 'NONE', *, *, #1470, .F. ) ;
#1545 = FILL_AREA_STYLE_COLOUR ( '', #1114 ) ;
#1546 = FILL_AREA_STYLE_COLOUR ( '', #3090 ) ;
#1547 = ORIENTED_EDGE ( 'NONE', *, *, #2724, .F. ) ;
#1548 = FILL_AREA_STYLE_COLOUR ( '', #899 ) ;
#1549 = FILL_AREA_STYLE ('',( #809 ) ) ;
#1550 = CARTESIAN_POINT ( 'NONE',  ( -2.740000000000003766, -1.385196573203009374, -6.110000000000000320 ) ) ;
#1551 = MECHANICAL_DESIGN_GEOMETRIC_PRESENTATION_REPRESENTATION (  '', ( #1149 ), #979 ) ;
#1552 = VECTOR ( 'NONE', #1048, 1000.000000000000000 ) ;
#1553 = EDGE_LOOP ( 'NONE', ( #2097, #485, #1750, #2043 ) ) ;
#1554 = CARTESIAN_POINT ( 'NONE',  ( 25.72960514313748348, -1.390196573203009045, -3.109999999999999876 ) ) ;
#1555 = DIRECTION ( 'NONE',  ( 0.000000000000000000, 1.000000000000000000, -0.000000000000000000 ) ) ;
#1556 = CARTESIAN_POINT ( 'NONE',  ( -6.240000000000002878, -1.385196573203009374, -6.110000000000000320 ) ) ;
#1557 = VERTEX_POINT ( 'NONE', #2928 ) ;
#1558 = DIRECTION ( 'NONE',  ( -1.000000000000000000, 0.000000000000000000, 0.000000000000000000 ) ) ;
#1559 = EDGE_CURVE ( 'NONE', #1782, #1592, #1718, .T. ) ;
#1560 = LINE ( 'NONE', #103, #149 ) ;
#1561 = ORIENTED_EDGE ( 'NONE', *, *, #1025, .T. ) ;
#1562 = VERTEX_POINT ( 'NONE', #736 ) ;
#1563 = COLOUR_RGB ( '',0.4039215686274509887, 0.3176470588235293935, 0.000000000000000000 ) ;
#1564 = FACE_OUTER_BOUND ( 'NONE', #1161, .T. ) ;
#1565 = PLANE ( 'NONE',  #1927 ) ;
#1566 = ORIENTED_EDGE ( 'NONE', *, *, #357, .T. ) ;
#1567 = VERTEX_POINT ( 'NONE', #721 ) ;
#1568 = AXIS2_PLACEMENT_3D ( 'NONE', #3063, #423, #1869 ) ;
#1569 = CARTESIAN_POINT ( 'NONE',  ( -1.690000000000004832, -1.385196573203009152, -3.109999999999999876 ) ) ;
#1570 = AXIS2_PLACEMENT_3D ( 'NONE', #938, #2387, #1925 ) ;
#1571 = SURFACE_STYLE_USAGE ( .BOTH. , #582 ) ;
#1572 = VERTEX_POINT ( 'NONE', #275 ) ;
#1573 = DIRECTION ( 'NONE',  ( -0.000000000000000000, -1.000000000000000000, 7.379191939847947013E-17 ) ) ;
#1574 = ORIENTED_EDGE ( 'NONE', *, *, #1965, .F. ) ;
#1575 = LINE ( 'NONE', #566, #697 ) ;
#1576 = DIRECTION ( 'NONE',  ( 0.000000000000000000, -1.000000000000000000, 7.228014483236695816E-17 ) ) ;
#1577 = ORIENTED_EDGE ( 'NONE', *, *, #3109, .F. ) ;
#1578 = LINE ( 'NONE', #2849, #654 ) ;
#1579 = DIRECTION ( 'NONE',  ( 0.000000000000000000, -7.379191939847947013E-17, -1.000000000000000000 ) ) ;
#1580 = SURFACE_STYLE_USAGE ( .BOTH. , #790 ) ;
#1581 = ORIENTED_EDGE ( 'NONE', *, *, #877, .F. ) ;
#1582 = PRESENTATION_LAYER_ASSIGNMENT (  '', '', ( #757 ) ) ;
#1583 =( GEOMETRIC_REPRESENTATION_CONTEXT ( 3 ) GLOBAL_UNCERTAINTY_ASSIGNED_CONTEXT ( ( #1960 ) ) GLOBAL_UNIT_ASSIGNED_CONTEXT ( ( #1267, #456, #833 ) ) REPRESENTATION_CONTEXT ( 'NONE', 'WORKASPACE' ) );
#1584 = CARTESIAN_POINT ( 'NONE',  ( 25.72960514313748348, 0.2000000000000008438, -14.86415607913129477 ) ) ;
#1585 = PRESENTATION_LAYER_ASSIGNMENT (  '', '', ( #1127 ) ) ;
#1586 = PLANE ( 'NONE',  #162 ) ;
#1587 = ORIENTED_EDGE ( 'NONE', *, *, #2523, .T. ) ;
#1588 = DIRECTION ( 'NONE',  ( -0.000000000000000000, -1.000000000000000000, 7.379191939847947013E-17 ) ) ;
#1589 = STYLED_ITEM ( 'NONE', ( #2916 ), #1958 ) ;
#1590 = ORIENTED_EDGE ( 'NONE', *, *, #1135, .F. ) ;
#1591 = DIRECTION ( 'NONE',  ( -2.891205793294678326E-16, 7.228014483236695816E-17, 1.000000000000000000 ) ) ;
#1592 = VERTEX_POINT ( 'NONE', #2005 ) ;
#1593 = CARTESIAN_POINT ( 'NONE',  ( 2.779999999999995808, 0.2000000000000009548, -14.60999999999999943 ) ) ;
#1594 = VECTOR ( 'NONE', #464, 1000.000000000000000 ) ;
#1595 = ORIENTED_EDGE ( 'NONE', *, *, #1939, .F. ) ;
#1596 = DIRECTION ( 'NONE',  ( -1.000000000000000000, 0.000000000000000000, 0.000000000000000000 ) ) ;
#1597 = CARTESIAN_POINT ( 'NONE',  ( -13.08000000000000362, 0.000000000000000000, 14.60999999999999943 ) ) ;
#1598 = VERTEX_POINT ( 'NONE', #1973 ) ;
#1599 = VECTOR ( 'NONE', #1148, 1000.000000000000000 ) ;
#1600 = DIRECTION ( 'NONE',  ( 0.000000000000000000, -7.228014483236695816E-17, -1.000000000000000000 ) ) ;
#1601 = FILL_AREA_STYLE_COLOUR ( '', #550 ) ;
#1602 = EDGE_CURVE ( 'NONE', #405, #3023, #767, .T. ) ;
#1603 = ADVANCED_FACE ( 'NONE', ( #751 ), #246, .F. ) ;
#1604 = VECTOR ( 'NONE', #2589, 1000.000000000000000 ) ;
#1605 = EDGE_CURVE ( 'NONE', #2956, #2844, #1251, .T. ) ;
#1606 = AXIS2_PLACEMENT_3D ( 'NONE', #2298, #2998, #860 ) ;
#1607 = DIRECTION ( 'NONE',  ( 0.000000000000000000, 0.000000000000000000, -1.000000000000000000 ) ) ;
#1608 = PLANE ( 'NONE',  #2247 ) ;
#1609 =( GEOMETRIC_REPRESENTATION_CONTEXT ( 3 ) GLOBAL_UNCERTAINTY_ASSIGNED_CONTEXT ( ( #1770 ) ) GLOBAL_UNIT_ASSIGNED_CONTEXT ( ( #2518, #2737, #2570 ) ) REPRESENTATION_CONTEXT ( 'NONE', 'WORKASPACE' ) );
#1610 = COLOUR_RGB ( '',0.4039215686274509887, 0.3176470588235293935, 0.000000000000000000 ) ;
#1611 = ORIENTED_EDGE ( 'NONE', *, *, #577, .T. ) ;
#1612 = ORIENTED_EDGE ( 'NONE', *, *, #3024, .T. ) ;
#1613 = LINE ( 'NONE', #612, #382 ) ;
#1614 = DIRECTION ( 'NONE',  ( -0.000000000000000000, -1.000000000000000000, 7.379191939847947013E-17 ) ) ;
#1615 = ORIENTED_EDGE ( 'NONE', *, *, #2494, .F. ) ;
#1616 = DIRECTION ( 'NONE',  ( 0.000000000000000000, -0.000000000000000000, -1.000000000000000000 ) ) ;
#1617 = APPLICATION_CONTEXT ( 'automotive_design' ) ;
#1618 = CARTESIAN_POINT ( 'NONE',  ( -13.08000000000000362, -1.390196573203009933, -14.86415607913128767 ) ) ;
#1619 = CARTESIAN_POINT ( 'NONE',  ( -1.690000000000004832, -1.385196573203009152, -3.109999999999999876 ) ) ;
#1620 = CARTESIAN_POINT ( 'NONE',  ( 2.779999999999997584, 0.2000000000000007327, -14.86415607913129477 ) ) ;
#1621 = DIRECTION ( 'NONE',  ( 0.000000000000000000, 1.000000000000000000, -7.228014483236695816E-17 ) ) ;
#1622 = EDGE_LOOP ( 'NONE', ( #1336, #2831, #2027, #2877 ) ) ;
#1623 =( GEOMETRIC_REPRESENTATION_CONTEXT ( 3 ) GLOBAL_UNCERTAINTY_ASSIGNED_CONTEXT ( ( #2702 ) ) GLOBAL_UNIT_ASSIGNED_CONTEXT ( ( #1705, #741, #2676 ) ) REPRESENTATION_CONTEXT ( 'NONE', 'WORKASPACE' ) );
#1624 = ORIENTED_EDGE ( 'NONE', *, *, #2106, .T. ) ;
#1625 = FACE_OUTER_BOUND ( 'NONE', #2469, .T. ) ;
#1626 = LINE ( 'NONE', #195, #1866 ) ;
#1627 = EDGE_CURVE ( 'NONE', #1511, #2481, #1456, .T. ) ;
#1628 = VERTEX_POINT ( 'NONE', #230 ) ;
#1629 = PLANE ( 'NONE',  #2850 ) ;
#1630 = CARTESIAN_POINT ( 'NONE',  ( -3.090000000000003855, -1.385196573203009374, -6.110000000000000320 ) ) ;
#1631 =( NAMED_UNIT ( * ) SI_UNIT ( $, .STERADIAN. ) SOLID_ANGLE_UNIT ( ) );
#1632 = ADVANCED_FACE ( 'NONE', ( #970 ), #502, .F. ) ;
#1633 = COLOUR_RGB ( '',0.4039215686274509887, 0.3176470588235293935, 0.000000000000000000 ) ;
#1634 = CARTESIAN_POINT ( 'NONE',  ( -0.6400000000000051203, -1.385196573203009374, -6.110000000000000320 ) ) ;
#1635 = VECTOR ( 'NONE', #268, 1000.000000000000000 ) ;
#1636 = DIRECTION ( 'NONE',  ( -1.000000000000000000, -0.000000000000000000, -0.000000000000000000 ) ) ;
#1637 = ORIENTED_EDGE ( 'NONE', *, *, #1901, .T. ) ;
#1638 = VERTEX_POINT ( 'NONE', #3026 ) ;
#1639 = CARTESIAN_POINT ( 'NONE',  ( -5.540000000000002700, -1.385196573203009374, -6.110000000000000320 ) ) ;
#1640 = DIRECTION ( 'NONE',  ( 0.000000000000000000, 1.000000000000000000, -7.379191939847947013E-17 ) ) ;
#1641 = SURFACE_STYLE_FILL_AREA ( #2818 ) ;
#1642 = LINE ( 'NONE', #1447, #727 ) ;
#1643 = EDGE_CURVE ( 'NONE', #1731, #3081, #1538, .T. ) ;
#1644 = CIRCLE ( 'NONE', #1908, 0.7950982866015039452 ) ;
#1645 = EDGE_CURVE ( 'NONE', #2377, #3060, #1037, .T. ) ;
#1646 = MECHANICAL_DESIGN_GEOMETRIC_PRESENTATION_REPRESENTATION (  '', ( #2058 ), #1909 ) ;
#1647 = VECTOR ( 'NONE', #669, 1000.000000000000000 ) ;
#1648 = FACE_OUTER_BOUND ( 'NONE', #834, .T. ) ;
#1649 = DIRECTION ( 'NONE',  ( 1.000000000000000000, 0.000000000000000000, 0.000000000000000000 ) ) ;
#1650 = DIRECTION ( 'NONE',  ( 0.000000000000000000, -7.379191939847947013E-17, -1.000000000000000000 ) ) ;
#1651 =( NAMED_UNIT ( * ) SI_UNIT ( $, .STERADIAN. ) SOLID_ANGLE_UNIT ( ) );
#1652 = DIRECTION ( 'NONE',  ( 0.000000000000000000, 7.228014483236695816E-17, 1.000000000000000000 ) ) ;
#1653 = ORIENTED_EDGE ( 'NONE', *, *, #1263, .F. ) ;
#1654 = ORIENTED_EDGE ( 'NONE', *, *, #1605, .F. ) ;
#1655 = LINE ( 'NONE', #2410, #1599 ) ;
#1656 = STYLED_ITEM ( 'NONE', ( #1843 ), #2367 ) ;
#1657 = VECTOR ( 'NONE', #1786, 1000.000000000000000 ) ;
#1658 = DIRECTION ( 'NONE',  ( 2.891205793294678819E-16, 0.000000000000000000, -1.000000000000000000 ) ) ;
#1659 = CARTESIAN_POINT ( 'NONE',  ( 13.07999999999999652, 1.500000000000000000, -14.60999999999999943 ) ) ;
#1660 = EDGE_CURVE ( 'NONE', #1026, #1572, #2096, .T. ) ;
#1661 = UNCERTAINTY_MEASURE_WITH_UNIT (LENGTH_MEASURE( 1.000000000000000082E-05 ), #3163, 'distance_accuracy_value', 'NONE');
#1662 =( NAMED_UNIT ( * ) PLANE_ANGLE_UNIT ( ) SI_UNIT ( $, .RADIAN. ) );
#1663 =( NAMED_UNIT ( * ) PLANE_ANGLE_UNIT ( ) SI_UNIT ( $, .RADIAN. ) );
#1664 =( LENGTH_UNIT ( ) NAMED_UNIT ( * ) SI_UNIT ( .MILLI., .METRE. ) );
#1665 =( LENGTH_UNIT ( ) NAMED_UNIT ( * ) SI_UNIT ( .MILLI., .METRE. ) );
#1666 = STYLED_ITEM ( 'NONE', ( #3182 ), #879 ) ;
#1667 = VECTOR ( 'NONE', #976, 1000.000000000000000 ) ;
#1668 = ORIENTED_EDGE ( 'NONE', *, *, #2784, .F. ) ;
#1669 = VERTEX_POINT ( 'NONE', #338 ) ;
#1670 =( NAMED_UNIT ( * ) SI_UNIT ( $, .STERADIAN. ) SOLID_ANGLE_UNIT ( ) );
#1671 = VECTOR ( 'NONE', #1269, 1000.000000000000000 ) ;
#1672 = SURFACE_STYLE_FILL_AREA ( #693 ) ;
#1673 = VECTOR ( 'NONE', #2883, 1000.000000000000000 ) ;
#1674 = CARTESIAN_POINT ( 'NONE',  ( -1.340000000000004299, -1.385196573203009152, -3.109999999999999876 ) ) ;
#1675 = DIRECTION ( 'NONE',  ( 0.000000000000000000, -1.000000000000000000, 0.000000000000000000 ) ) ;
#1676 = SURFACE_STYLE_FILL_AREA ( #385 ) ;
#1677 = ADVANCED_FACE ( 'NONE', ( #2795 ), #3004, .F. ) ;
#1678 = SURFACE_SIDE_STYLE ('',( #1353 ) ) ;
#1679 =( GEOMETRIC_REPRESENTATION_CONTEXT ( 3 ) GLOBAL_UNCERTAINTY_ASSIGNED_CONTEXT ( ( #650 ) ) GLOBAL_UNIT_ASSIGNED_CONTEXT ( ( #2674, #2913, #1446 ) ) REPRESENTATION_CONTEXT ( 'NONE', 'WORKASPACE' ) );
#1680 = DIRECTION ( 'NONE',  ( -2.891205793294678326E-16, 7.228014483236695816E-17, 1.000000000000000000 ) ) ;
#1681 =( NAMED_UNIT ( * ) SI_UNIT ( $, .STERADIAN. ) SOLID_ANGLE_UNIT ( ) );
#1682 = EDGE_CURVE ( 'NONE', #405, #2571, #1356, .T. ) ;
#1683 = VERTEX_POINT ( 'NONE', #2526 ) ;
#1684 = COLOUR_RGB ( '',0.4039215686274509887, 0.3176470588235293935, 0.000000000000000000 ) ;
#1685 = ORIENTED_EDGE ( 'NONE', *, *, #1602, .T. ) ;
#1686 = CARTESIAN_POINT ( 'NONE',  ( -1.340000000000004299, -1.385196573203009152, -3.109999999999999876 ) ) ;
#1687 = DIRECTION ( 'NONE',  ( 0.000000000000000000, -7.228014483236695816E-17, -1.000000000000000000 ) ) ;
#1688 =( NAMED_UNIT ( * ) SI_UNIT ( $, .STERADIAN. ) SOLID_ANGLE_UNIT ( ) );
#1689 =( NAMED_UNIT ( * ) PLANE_ANGLE_UNIT ( ) SI_UNIT ( $, .RADIAN. ) );
#1690 =( NAMED_UNIT ( * ) SI_UNIT ( $, .STERADIAN. ) SOLID_ANGLE_UNIT ( ) );
#1691 = VECTOR ( 'NONE', #1614, 1000.000000000000000 ) ;
#1692 = DIRECTION ( 'NONE',  ( -1.000000000000000000, 0.000000000000000000, -0.000000000000000000 ) ) ;
#1693 = CARTESIAN_POINT ( 'NONE',  ( 0.4099999999999945910, -1.385196573203009374, -6.110000000000000320 ) ) ;
#1694 = FILL_AREA_STYLE ('',( #1437 ) ) ;
#1695 = CARTESIAN_POINT ( 'NONE',  ( 1.779999999999996030, 1.500000000000000000, -4.110000000000001208 ) ) ;
#1696 = EDGE_CURVE ( 'NONE', #1978, #405, #319, .T. ) ;
#1697 = EDGE_CURVE ( 'NONE', #1043, #1005, #81, .T. ) ;
#1698 = ORIENTED_EDGE ( 'NONE', *, *, #1009, .T. ) ;
#1699 = ORIENTED_EDGE ( 'NONE', *, *, #2176, .T. ) ;
#1700 =( LENGTH_UNIT ( ) NAMED_UNIT ( * ) SI_UNIT ( .MILLI., .METRE. ) );
#1701 = FILL_AREA_STYLE ('',( #3157 ) ) ;
#1702 = UNCERTAINTY_MEASURE_WITH_UNIT (LENGTH_MEASURE( 1.000000000000000082E-05 ), #671, 'distance_accuracy_value', 'NONE');
#1703 = SURFACE_STYLE_USAGE ( .BOTH. , #708 ) ;
#1704 = VECTOR ( 'NONE', #158, 1000.000000000000000 ) ;
#1705 =( LENGTH_UNIT ( ) NAMED_UNIT ( * ) SI_UNIT ( .MILLI., .METRE. ) );
#1706 = AXIS2_PLACEMENT_3D ( 'NONE', #2994, #2504, #1804 ) ;
#1707 = VECTOR ( 'NONE', #1445, 1000.000000000000000 ) ;
#1708 = DIRECTION ( 'NONE',  ( 1.000000000000000000, 0.000000000000000000, -0.000000000000000000 ) ) ;
#1709 = DIRECTION ( 'NONE',  ( -0.000000000000000000, -1.000000000000000000, 7.379191939847947013E-17 ) ) ;
#1710 = DIRECTION ( 'NONE',  ( 0.000000000000000000, -7.228014483236695816E-17, -1.000000000000000000 ) ) ;
#1711 = PRESENTATION_STYLE_ASSIGNMENT (( #2681 ) ) ;
#1712 = DIRECTION ( 'NONE',  ( 0.000000000000000000, 1.000000000000000000, -7.228014483236695816E-17 ) ) ;
#1713 = SURFACE_SIDE_STYLE ('',( #1478 ) ) ;
#1714 = ORIENTED_EDGE ( 'NONE', *, *, #1419, .T. ) ;
#1715 = EDGE_LOOP ( 'NONE', ( #2979, #551, #1241, #2909 ) ) ;
#1716 = FILL_AREA_STYLE_COLOUR ( '', #2007 ) ;
#1717 = COLOUR_RGB ( '',0.4039215686274509887, 0.3176470588235293935, 0.000000000000000000 ) ;
#1718 = LINE ( 'NONE', #1991, #3065 ) ;
#1719 = COLOUR_RGB ( '',0.4039215686274509887, 0.3176470588235293935, 0.000000000000000000 ) ;
#1720 =( NAMED_UNIT ( * ) SI_UNIT ( $, .STERADIAN. ) SOLID_ANGLE_UNIT ( ) );
#1721 = ORIENTED_EDGE ( 'NONE', *, *, #962, .F. ) ;
#1722 = CARTESIAN_POINT ( 'NONE',  ( 0.000000000000000000, -1.385196573203008930, 1.001146500595813351E-16 ) ) ;
#1723 =( LENGTH_UNIT ( ) NAMED_UNIT ( * ) SI_UNIT ( .MILLI., .METRE. ) );
#1724 = VECTOR ( 'NONE', #723, 1000.000000000000000 ) ;
#1725 = LINE ( 'NONE', #2234, #2689 ) ;
#1726 = PLANE ( 'NONE',  #1296 ) ;
#1727 = EDGE_CURVE ( 'NONE', #2974, #2616, #2327, .T. ) ;
#1728 = DIRECTION ( 'NONE',  ( 2.891205793294678819E-16, 0.000000000000000000, -1.000000000000000000 ) ) ;
#1729 = CARTESIAN_POINT ( 'NONE',  ( -2.740000000000003766, -1.385196573203009374, -6.110000000000000320 ) ) ;
#1730 = VERTEX_POINT ( 'NONE', #2509 ) ;
#1731 = VERTEX_POINT ( 'NONE', #2076 ) ;
#1732 = DIRECTION ( 'NONE',  ( -0.000000000000000000, 7.228014483236695816E-17, 1.000000000000000000 ) ) ;
#1733 = SURFACE_STYLE_FILL_AREA ( #1977 ) ;
#1734 = ORIENTED_EDGE ( 'NONE', *, *, #1120, .F. ) ;
#1735 = VECTOR ( 'NONE', #684, 1000.000000000000000 ) ;
#1736 =( LENGTH_UNIT ( ) NAMED_UNIT ( * ) SI_UNIT ( .MILLI., .METRE. ) );
#1737 = ADVANCED_FACE ( 'NONE', ( #304 ), #1811, .F. ) ;
#1738 = EDGE_CURVE ( 'NONE', #2748, #1871, #687, .T. ) ;
#1739 = LINE ( 'NONE', #1529, #808 ) ;
#1740 = EDGE_CURVE ( 'NONE', #1001, #2113, #389, .T. ) ;
#1741 = FILL_AREA_STYLE_COLOUR ( '', #89 ) ;
#1742 = DIRECTION ( 'NONE',  ( 0.000000000000000000, 0.000000000000000000, 1.000000000000000000 ) ) ;
#1743 = LINE ( 'NONE', #2900, #2448 ) ;
#1744 = PRESENTATION_LAYER_ASSIGNMENT (  '', '', ( #1589 ) ) ;
#1745 = MECHANICAL_DESIGN_GEOMETRIC_PRESENTATION_REPRESENTATION (  '', ( #1589 ), #2459 ) ;
#1746 = FACE_OUTER_BOUND ( 'NONE', #3016, .T. ) ;
#1747 = SURFACE_STYLE_USAGE ( .BOTH. , #2889 ) ;
#1748 = STYLED_ITEM ( 'NONE', ( #520 ), #547 ) ;
#1749 = STYLED_ITEM ( 'NONE', ( #2874 ), #121 ) ;
#1750 = ORIENTED_EDGE ( 'NONE', *, *, #2668, .F. ) ;
#1751 = UNCERTAINTY_MEASURE_WITH_UNIT (LENGTH_MEASURE( 1.000000000000000082E-05 ), #1700, 'distance_accuracy_value', 'NONE');
#1752 = SURFACE_STYLE_USAGE ( .BOTH. , #739 ) ;
#1753 = ORIENTED_EDGE ( 'NONE', *, *, #1696, .F. ) ;
#1754 = DIRECTION ( 'NONE',  ( -0.000000000000000000, 7.228014483236695816E-17, 1.000000000000000000 ) ) ;
#1755 =( NAMED_UNIT ( * ) SI_UNIT ( $, .STERADIAN. ) SOLID_ANGLE_UNIT ( ) );
#1756 = ORIENTED_EDGE ( 'NONE', *, *, #1067, .F. ) ;
#1757 = CARTESIAN_POINT ( 'NONE',  ( -2.040000000000003588, -1.385196573203009152, -3.109999999999999876 ) ) ;
#1758 =( LENGTH_UNIT ( ) NAMED_UNIT ( * ) SI_UNIT ( .MILLI., .METRE. ) );
#1759 = EDGE_CURVE ( 'NONE', #37, #1001, #3140, .T. ) ;
#1760 = DIRECTION ( 'NONE',  ( -0.000000000000000000, -1.000000000000000000, 7.379191939847947013E-17 ) ) ;
#1761 = VECTOR ( 'NONE', #1042, 1000.000000000000000 ) ;
#1762 = DIRECTION ( 'NONE',  ( 0.000000000000000000, 0.000000000000000000, 1.000000000000000000 ) ) ;
#1763 = AXIS2_PLACEMENT_3D ( 'NONE', #2336, #574, #2279 ) ;
#1764 = FILL_AREA_STYLE_COLOUR ( '', #963 ) ;
#1765 = ORIENTED_EDGE ( 'NONE', *, *, #310, .T. ) ;
#1766 = PRESENTATION_STYLE_ASSIGNMENT (( #468 ) ) ;
#1767 = FILL_AREA_STYLE_COLOUR ( '', #604 ) ;
#1768 = ORIENTED_EDGE ( 'NONE', *, *, #2494, .T. ) ;
#1769 = SURFACE_STYLE_USAGE ( .BOTH. , #278 ) ;
#1770 = UNCERTAINTY_MEASURE_WITH_UNIT (LENGTH_MEASURE( 1.000000000000000082E-05 ), #2518, 'distance_accuracy_value', 'NONE');
#1771 = ORIENTED_EDGE ( 'NONE', *, *, #2084, .F. ) ;
#1772 = SURFACE_STYLE_USAGE ( .BOTH. , #2708 ) ;
#1773 = CARTESIAN_POINT ( 'NONE',  ( -0.9900000000000056533, -1.390196573203009045, -3.109999999999999876 ) ) ;
#1774 = LINE ( 'NONE', #1818, #1865 ) ;
#1775 = ORIENTED_EDGE ( 'NONE', *, *, #2192, .F. ) ;
#1776 = VECTOR ( 'NONE', #3045, 1000.000000000000000 ) ;
#1777 = ADVANCED_FACE ( 'NONE', ( #676 ), #2143, .F. ) ;
#1778 = ORIENTED_EDGE ( 'NONE', *, *, #1738, .T. ) ;
#1779 = EDGE_CURVE ( 'NONE', #1261, #2008, #1898, .T. ) ;
#1780 = EDGE_LOOP ( 'NONE', ( #1768, #558, #1454, #2170 ) ) ;
#1781 = LINE ( 'NONE', #50, #3174 ) ;
#1782 = VERTEX_POINT ( 'NONE', #434 ) ;
#1783 = SURFACE_STYLE_FILL_AREA ( #2765 ) ;
#1784 = CARTESIAN_POINT ( 'NONE',  ( -13.08000000000000362, -0.3901965732030093781, -6.110000000000000320 ) ) ;
#1785 = VECTOR ( 'NONE', #1607, 1000.000000000000000 ) ;
#1786 = DIRECTION ( 'NONE',  ( -0.000000000000000000, -1.000000000000000000, -0.000000000000000000 ) ) ;
#1787 = VERTEX_POINT ( 'NONE', #1126 ) ;
#1788 = CARTESIAN_POINT ( 'NONE',  ( -4.140000000000003233, -1.385196573203009152, -3.109999999999999876 ) ) ;
#1789 =( NAMED_UNIT ( * ) PLANE_ANGLE_UNIT ( ) SI_UNIT ( $, .RADIAN. ) );
#1790 = LINE ( 'NONE', #1550, #2802 ) ;
#1791 = PRESENTATION_LAYER_ASSIGNMENT (  '', '', ( #2300 ) ) ;
#1792 = ORIENTED_EDGE ( 'NONE', *, *, #895, .T. ) ;
#1793 = ADVANCED_FACE ( 'NONE', ( #3108 ), #2389, .F. ) ;
#1794 = AXIS2_PLACEMENT_3D ( 'NONE', #2693, #2706, #974 ) ;
#1795 = LINE ( 'NONE', #880, #709 ) ;
#1796 = EDGE_CURVE ( 'NONE', #2667, #2377, #925, .T. ) ;
#1797 = DIRECTION ( 'NONE',  ( 1.000000000000000000, 0.000000000000000000, 0.000000000000000000 ) ) ;
#1798 = DIRECTION ( 'NONE',  ( -0.000000000000000000, -1.000000000000000000, 7.379191939847947013E-17 ) ) ;
#1799 = ORIENTED_EDGE ( 'NONE', *, *, #398, .T. ) ;
#1800 = DIRECTION ( 'NONE',  ( 0.000000000000000000, 0.000000000000000000, -1.000000000000000000 ) ) ;
#1801 = FILL_AREA_STYLE_COLOUR ( '', #1017 ) ;
#1802 = ORIENTED_EDGE ( 'NONE', *, *, #3149, .F. ) ;
#1803 =( NAMED_UNIT ( * ) PLANE_ANGLE_UNIT ( ) SI_UNIT ( $, .RADIAN. ) );
#1804 = DIRECTION ( 'NONE',  ( 0.000000000000000000, 0.000000000000000000, 1.000000000000000000 ) ) ;
#1805 = EDGE_LOOP ( 'NONE', ( #130, #2286, #627, #2801 ) ) ;
#1806 = DIRECTION ( 'NONE',  ( -0.000000000000000000, -1.000000000000000000, 7.379191939847947013E-17 ) ) ;
#1807 = CARTESIAN_POINT ( 'NONE',  ( 0.4099999999999937028, -1.390196573203009045, -3.109999999999999876 ) ) ;
#1808 = COLOUR_RGB ( '',0.4039215686274509887, 0.3176470588235293935, 0.000000000000000000 ) ;
#1809 = EDGE_LOOP ( 'NONE', ( #884, #3141, #2615, #1624 ) ) ;
#1810 = CARTESIAN_POINT ( 'NONE',  ( -5.890000000000003233, -1.385196573203009152, -3.109999999999999876 ) ) ;
#1811 = PLANE ( 'NONE',  #1854 ) ;
#1812 = ORIENTED_EDGE ( 'NONE', *, *, #2882, .F. ) ;
#1813 = ORIENTED_EDGE ( 'NONE', *, *, #1509, .T. ) ;
#1814 = LINE ( 'NONE', #1514, #2535 ) ;
#1815 =( NAMED_UNIT ( * ) SI_UNIT ( $, .STERADIAN. ) SOLID_ANGLE_UNIT ( ) );
#1816 = ORIENTED_EDGE ( 'NONE', *, *, #198, .F. ) ;
#1817 = LINE ( 'NONE', #1889, #1222 ) ;
#1818 = CARTESIAN_POINT ( 'NONE',  ( -5.540000000000002700, -1.390196573203009045, -3.109999999999999876 ) ) ;
#1819 = VERTEX_POINT ( 'NONE', #2167 ) ;
#1820 = AXIS2_PLACEMENT_3D ( 'NONE', #655, #404, #1450 ) ;
#1821 = AXIS2_PLACEMENT_3D ( 'NONE', #1936, #1692, #2661 ) ;
#1822 = CARTESIAN_POINT ( 'NONE',  ( 25.72960514313748348, -1.390196573203009045, -3.109999999999999876 ) ) ;
#1823 = SURFACE_STYLE_USAGE ( .BOTH. , #559 ) ;
#1824 = CARTESIAN_POINT ( 'NONE',  ( -9.620000000000002771, -1.390196573203009267, -6.110000000000000320 ) ) ;
#1825 = DIRECTION ( 'NONE',  ( -0.000000000000000000, -1.000000000000000000, 7.379191939847947013E-17 ) ) ;
#1826 = ORIENTED_EDGE ( 'NONE', *, *, #1265, .F. ) ;
#1827 = CARTESIAN_POINT ( 'NONE',  ( 25.72960514313748348, -1.390196573203009045, -3.109999999999999876 ) ) ;
#1828 = DIRECTION ( 'NONE',  ( 1.000000000000000000, 0.000000000000000000, 0.000000000000000000 ) ) ;
#1829 = ORIENTED_EDGE ( 'NONE', *, *, #2277, .T. ) ;
#1830 = DIRECTION ( 'NONE',  ( -2.891205793294678326E-16, 7.228014483236695816E-17, 1.000000000000000000 ) ) ;
#1831 = ORIENTED_EDGE ( 'NONE', *, *, #1438, .T. ) ;
#1832 = CARTESIAN_POINT ( 'NONE',  ( -8.620000000000002771, -1.190196573203009089, -4.109999999999999432 ) ) ;
#1833 = ORIENTED_EDGE ( 'NONE', *, *, #2784, .T. ) ;
#1834 = CARTESIAN_POINT ( 'NONE',  ( -0.6400000000000051203, -1.385196573203009374, -6.110000000000000320 ) ) ;
#1835 =( NAMED_UNIT ( * ) SI_UNIT ( $, .STERADIAN. ) SOLID_ANGLE_UNIT ( ) );
#1836 = DIRECTION ( 'NONE',  ( 0.000000000000000000, 7.228014483236695816E-17, 1.000000000000000000 ) ) ;
#1837 = ORIENTED_EDGE ( 'NONE', *, *, #639, .T. ) ;
#1838 = EDGE_CURVE ( 'NONE', #1683, #1638, #939, .T. ) ;
#1839 = ADVANCED_FACE ( 'NONE', ( #2342 ), #1608, .F. ) ;
#1840 = ADVANCED_FACE ( 'NONE', ( #2830 ), #2712, .T. ) ;
#1841 = PRESENTATION_LAYER_ASSIGNMENT (  '', '', ( #2800 ) ) ;
#1842 = PRESENTATION_STYLE_ASSIGNMENT (( #2521 ) ) ;
#1843 = PRESENTATION_STYLE_ASSIGNMENT (( #1823 ) ) ;
#1844 = LINE ( 'NONE', #2299, #287 ) ;
#1845 = AXIS2_PLACEMENT_3D ( 'NONE', #701, #2647, #2592 ) ;
#1846 = DIRECTION ( 'NONE',  ( -1.000000000000000000, 0.000000000000000000, -0.000000000000000000 ) ) ;
#1847 = CARTESIAN_POINT ( 'NONE',  ( -2.390000000000005009, -1.385196573203009152, -3.109999999999999876 ) ) ;
#1848 =( NAMED_UNIT ( * ) PLANE_ANGLE_UNIT ( ) SI_UNIT ( $, .RADIAN. ) );
#1849 = VECTOR ( 'NONE', #2677, 1000.000000000000000 ) ;
#1850 = ORIENTED_EDGE ( 'NONE', *, *, #163, .F. ) ;
#1851 = LINE ( 'NONE', #115, #3103 ) ;
#1852 = ORIENTED_EDGE ( 'NONE', *, *, #2954, .T. ) ;
#1853 = DIRECTION ( 'NONE',  ( 0.000000000000000000, 0.000000000000000000, -1.000000000000000000 ) ) ;
#1854 = AXIS2_PLACEMENT_3D ( 'NONE', #1407, #1913, #152 ) ;
#1855 = ORIENTED_EDGE ( 'NONE', *, *, #2405, .T. ) ;
#1856 =( NAMED_UNIT ( * ) SI_UNIT ( $, .STERADIAN. ) SOLID_ANGLE_UNIT ( ) );
#1857 = CARTESIAN_POINT ( 'NONE',  ( -5.540000000000002700, -1.385196573203009374, -6.110000000000000320 ) ) ;
#1858 = SURFACE_STYLE_FILL_AREA ( #875 ) ;
#1859 = SURFACE_STYLE_USAGE ( .BOTH. , #861 ) ;
#1860 = AXIS2_PLACEMENT_3D ( 'NONE', #439, #1383, #2838 ) ;
#1861 = MECHANICAL_DESIGN_GEOMETRIC_PRESENTATION_REPRESENTATION (  '', ( #306 ), #1201 ) ;
#1862 = ADVANCED_FACE ( 'NONE', ( #732 ), #2195, .F. ) ;
#1863 = DIRECTION ( 'NONE',  ( 1.000000000000000000, 2.133476248632177812E-32, 2.891205793294678819E-16 ) ) ;
#1864 = DIRECTION ( 'NONE',  ( 0.000000000000000000, 0.000000000000000000, -1.000000000000000000 ) ) ;
#1865 = VECTOR ( 'NONE', #3015, 1000.000000000000000 ) ;
#1866 = VECTOR ( 'NONE', #455, 1000.000000000000000 ) ;
#1867 = ORIENTED_EDGE ( 'NONE', *, *, #2406, .T. ) ;
#1868 = VERTEX_POINT ( 'NONE', #764 ) ;
#1869 = DIRECTION ( 'NONE',  ( 0.000000000000000000, 1.000000000000000000, -7.379191939847947013E-17 ) ) ;
#1870 = FILL_AREA_STYLE_COLOUR ( '', #1463 ) ;
#1871 = VERTEX_POINT ( 'NONE', #1729 ) ;
#1872 = SURFACE_SIDE_STYLE ('',( #1641 ) ) ;
#1873 = CARTESIAN_POINT ( 'NONE',  ( -11.69999999999999574, 1.500000000000000000, 13.27999999999999936 ) ) ;
#1874 = UNCERTAINTY_MEASURE_WITH_UNIT (LENGTH_MEASURE( 1.000000000000000082E-05 ), #327, 'distance_accuracy_value', 'NONE');
#1875 = DIRECTION ( 'NONE',  ( -1.000000000000000000, 0.000000000000000000, -0.000000000000000000 ) ) ;
#1876 =( LENGTH_UNIT ( ) NAMED_UNIT ( * ) SI_UNIT ( .MILLI., .METRE. ) );
#1877 = CARTESIAN_POINT ( 'NONE',  ( -1.690000000000003944, -1.385196573203009374, -6.110000000000000320 ) ) ;
#1878 = STYLED_ITEM ( 'NONE', ( #178 ), #792 ) ;
#1879 = LINE ( 'NONE', #2843, #2454 ) ;
#1880 = CARTESIAN_POINT ( 'NONE',  ( 1.109999999999994769, -1.385196573203009374, -6.110000000000000320 ) ) ;
#1881 = EDGE_CURVE ( 'NONE', #1915, #363, #3153, .T. ) ;
#1882 = PRODUCT_DEFINITION ( 'æœ', '', #2997, #2606 ) ;
#1883 = VERTEX_POINT ( 'NONE', #2465 ) ;
#1884 = VECTOR ( 'NONE', #818, 1000.000000000000000 ) ;
#1885 = EDGE_LOOP ( 'NONE', ( #277, #2256, #1753, #1339 ) ) ;
#1886 = PRESENTATION_STYLE_ASSIGNMENT (( #2584 ) ) ;
#1887 = LINE ( 'NONE', #914, #247 ) ;
#1888 = PRESENTATION_LAYER_ASSIGNMENT (  '', '', ( #1748 ) ) ;
#1889 = CARTESIAN_POINT ( 'NONE',  ( -2.040000000000003588, -1.385196573203009152, -3.109999999999999876 ) ) ;
#1890 = DIRECTION ( 'NONE',  ( -0.000000000000000000, -1.000000000000000000, 7.379191939847947013E-17 ) ) ;
#1891 = PLANE ( 'NONE',  #92 ) ;
#1892 = PRESENTATION_LAYER_ASSIGNMENT (  '', '', ( #488 ) ) ;
#1893 = PLANE ( 'NONE',  #632 ) ;
#1894 = DIRECTION ( 'NONE',  ( -0.000000000000000000, 0.000000000000000000, 1.000000000000000000 ) ) ;
#1895 = SURFACE_STYLE_USAGE ( .BOTH. , #2403 ) ;
#1896 = AXIS2_PLACEMENT_3D ( 'NONE', #2268, #1555, #549 ) ;
#1897 = FACE_OUTER_BOUND ( 'NONE', #2010, .T. ) ;
#1898 = LINE ( 'NONE', #420, #3078 ) ;
#1899 = ADVANCED_FACE ( 'NONE', ( #2476 ), #2652, .F. ) ;
#1900 = ORIENTED_EDGE ( 'NONE', *, *, #1009, .F. ) ;
#1901 = EDGE_CURVE ( 'NONE', #2408, #1499, #448, .T. ) ;
#1902 = ORIENTED_EDGE ( 'NONE', *, *, #660, .F. ) ;
#1903 = FACE_OUTER_BOUND ( 'NONE', #3190, .T. ) ;
#1904 = SURFACE_SIDE_STYLE ('',( #886 ) ) ;
#1905 = AXIS2_PLACEMENT_3D ( 'NONE', #858, #1579, #3049 ) ;
#1906 = APPLICATION_PROTOCOL_DEFINITION ( 'draft international standard', 'automotive_design', 1998, #1617 ) ;
#1907 = CARTESIAN_POINT ( 'NONE',  ( -8.620000000000002771, -1.390196573203009267, -5.110000000000000320 ) ) ;
#1908 = AXIS2_PLACEMENT_3D ( 'NONE', #424, #438, #691 ) ;
#1909 =( GEOMETRIC_REPRESENTATION_CONTEXT ( 3 ) GLOBAL_UNCERTAINTY_ASSIGNED_CONTEXT ( ( #131 ) ) GLOBAL_UNIT_ASSIGNED_CONTEXT ( ( #2216, #1689, #1720 ) ) REPRESENTATION_CONTEXT ( 'NONE', 'WORKASPACE' ) );
#1910 = SURFACE_STYLE_FILL_AREA ( #919 ) ;
#1911 = LINE ( 'NONE', #2635, #2126 ) ;
#1912 = FILL_AREA_STYLE_COLOUR ( '', #1717 ) ;
#1913 = DIRECTION ( 'NONE',  ( 0.000000000000000000, -7.379191939847947013E-17, -1.000000000000000000 ) ) ;
#1914 = ORIENTED_EDGE ( 'NONE', *, *, #2491, .T. ) ;
#1915 = VERTEX_POINT ( 'NONE', #3183 ) ;
#1916 = SURFACE_STYLE_USAGE ( .BOTH. , #928 ) ;
#1917 = DIRECTION ( 'NONE',  ( 0.000000000000000000, 7.228014483236695816E-17, 1.000000000000000000 ) ) ;
#1918 = CARTESIAN_POINT ( 'NONE',  ( -0.9900000000000056533, -1.385196573203009152, -3.109999999999999876 ) ) ;
#1919 = PLANE ( 'NONE',  #1235 ) ;
#1920 = LINE ( 'NONE', #993, #1673 ) ;
#1921 = CARTESIAN_POINT ( 'NONE',  ( 25.72960514313748348, -1.390196573203009045, -3.109999999999999876 ) ) ;
#1922 = LINE ( 'NONE', #416, #728 ) ;
#1923 = PRESENTATION_STYLE_ASSIGNMENT (( #1940 ) ) ;
#1924 = EDGE_CURVE ( 'NONE', #3172, #2113, #983, .T. ) ;
#1925 = DIRECTION ( 'NONE',  ( -0.000000000000000000, 0.000000000000000000, 1.000000000000000000 ) ) ;
#1926 = SURFACE_STYLE_FILL_AREA ( #716 ) ;
#1927 = AXIS2_PLACEMENT_3D ( 'NONE', #2337, #94, #810 ) ;
#1928 = ORIENTED_EDGE ( 'NONE', *, *, #2210, .F. ) ;
#1929 = ORIENTED_EDGE ( 'NONE', *, *, #753, .F. ) ;
#1930 = PLANE ( 'NONE',  #730 ) ;
#1931 = CARTESIAN_POINT ( 'NONE',  ( -3.440000000000003499, -1.385196573203009152, -3.109999999999999876 ) ) ;
#1932 = VECTOR ( 'NONE', #1710, 1000.000000000000000 ) ;
#1933 = SURFACE_STYLE_FILL_AREA ( #943 ) ;
#1934 = MECHANICAL_DESIGN_GEOMETRIC_PRESENTATION_REPRESENTATION (  '', ( #2487 ), #2789 ) ;
#1935 = LINE ( 'NONE', #944, #1380 ) ;
#1936 = CARTESIAN_POINT ( 'NONE',  ( 0.7599999999999950129, -1.385196573203009152, -3.109999999999999876 ) ) ;
#1937 = ADVANCED_FACE ( 'NONE', ( #748 ), #781, .F. ) ;
#1939 = EDGE_CURVE ( 'NONE', #100, #2571, #2439, .T. ) ;
#1938 = CARTESIAN_POINT ( 'NONE',  ( -3.440000000000003499, -1.385196573203009374, -6.110000000000000320 ) ) ;
#1940 = SURFACE_STYLE_USAGE ( .BOTH. , #921 ) ;
#1941 = EDGE_CURVE ( 'NONE', #378, #1031, #991, .T. ) ;
#1942 =( GEOMETRIC_REPRESENTATION_CONTEXT ( 3 ) GLOBAL_UNCERTAINTY_ASSIGNED_CONTEXT ( ( #2852 ) ) GLOBAL_UNIT_ASSIGNED_CONTEXT ( ( #2930, #2162, #1688 ) ) REPRESENTATION_CONTEXT ( 'NONE', 'WORKASPACE' ) );
#1943 = PLANE ( 'NONE',  #1570 ) ;
#1944 = ORIENTED_EDGE ( 'NONE', *, *, #161, .F. ) ;
#1945 = AXIS2_PLACEMENT_3D ( 'NONE', #23, #213, #1299 ) ;
#1946 = ORIENTED_EDGE ( 'NONE', *, *, #1311, .F. ) ;
#1947 = DIRECTION ( 'NONE',  ( -2.891205793294678326E-16, 7.228014483236695816E-17, 1.000000000000000000 ) ) ;
#1948 = FILL_AREA_STYLE ('',( #2866 ) ) ;
#1949 =( NAMED_UNIT ( * ) PLANE_ANGLE_UNIT ( ) SI_UNIT ( $, .RADIAN. ) );
#1950 =( GEOMETRIC_REPRESENTATION_CONTEXT ( 3 ) GLOBAL_UNCERTAINTY_ASSIGNED_CONTEXT ( ( #2397 ) ) GLOBAL_UNIT_ASSIGNED_CONTEXT ( ( #1104, #2577, #1335 ) ) REPRESENTATION_CONTEXT ( 'NONE', 'WORKASPACE' ) );
#1951 = SURFACE_SIDE_STYLE ('',( #956 ) ) ;
#1952 = CARTESIAN_POINT ( 'NONE',  ( -4.840000000000002522, -1.385196573203009374, -6.110000000000000320 ) ) ;
#1953 =( GEOMETRIC_REPRESENTATION_CONTEXT ( 3 ) GLOBAL_UNCERTAINTY_ASSIGNED_CONTEXT ( ( #49 ) ) GLOBAL_UNIT_ASSIGNED_CONTEXT ( ( #2906, #2181, #2446 ) ) REPRESENTATION_CONTEXT ( 'NONE', 'WORKASPACE' ) );
#1954 = SURFACE_STYLE_FILL_AREA ( #255 ) ;
#1955 = FILL_AREA_STYLE ('',( #1258 ) ) ;
#1956 = COLOUR_RGB ( '',0.4039215686274509887, 0.3176470588235293935, 0.000000000000000000 ) ;
#1957 = VERTEX_POINT ( 'NONE', #3192 ) ;
#1958 = ADVANCED_FACE ( 'NONE', ( #508 ), #2933, .F. ) ;
#1959 = EDGE_LOOP ( 'NONE', ( #1391, #2769, #1344, #911 ) ) ;
#1960 = UNCERTAINTY_MEASURE_WITH_UNIT (LENGTH_MEASURE( 1.000000000000000082E-05 ), #1267, 'distance_accuracy_value', 'NONE');
#1961 = APPLICATION_PROTOCOL_DEFINITION ( 'draft international standard', 'automotive_design', 1998, #2735 ) ;
#1962 = FILL_AREA_STYLE_COLOUR ( '', #3129 ) ;
#1963 = ORIENTED_EDGE ( 'NONE', *, *, #2723, .T. ) ;
#1964 = VECTOR ( 'NONE', #863, 1000.000000000000000 ) ;
#1965 = EDGE_CURVE ( 'NONE', #1065, #1782, #30, .T. ) ;
#1966 = LINE ( 'NONE', #2221, #10 ) ;
#1967 = LINE ( 'NONE', #473, #2860 ) ;
#1968 = CARTESIAN_POINT ( 'NONE',  ( -1.340000000000004299, -1.390196573203009267, -6.110000000000000320 ) ) ;
#1969 = ORIENTED_EDGE ( 'NONE', *, *, #1120, .T. ) ;
#1970 = VERTEX_POINT ( 'NONE', #1227 ) ;
#1971 = SURFACE_SIDE_STYLE ('',( #3187 ) ) ;
#1972 =( GEOMETRIC_REPRESENTATION_CONTEXT ( 3 ) GLOBAL_UNCERTAINTY_ASSIGNED_CONTEXT ( ( #214 ) ) GLOBAL_UNIT_ASSIGNED_CONTEXT ( ( #1439, #2127, #2419 ) ) REPRESENTATION_CONTEXT ( 'NONE', 'WORKASPACE' ) );
#1973 = CARTESIAN_POINT ( 'NONE',  ( 11.70000000000000284, 1.399999999999999911, -10.11999999999999744 ) ) ;
#1974 = EDGE_CURVE ( 'NONE', #1787, #1868, #957, .T. ) ;
#1975 = CIRCLE ( 'NONE', #2637, 0.7950982866015057215 ) ;
#1976 = PRESENTATION_LAYER_ASSIGNMENT (  '', '', ( #474 ) ) ;
#1977 = FILL_AREA_STYLE ('',( #2229 ) ) ;
#1978 = VERTEX_POINT ( 'NONE', #2949 ) ;
#1979 =( LENGTH_UNIT ( ) NAMED_UNIT ( * ) SI_UNIT ( .MILLI., .METRE. ) );
#1980 = STYLED_ITEM ( 'NONE', ( #973 ), #2581 ) ;
#1981 = DIRECTION ( 'NONE',  ( 0.000000000000000000, -7.228014483236695816E-17, -1.000000000000000000 ) ) ;
#1982 = FACE_OUTER_BOUND ( 'NONE', #2102, .T. ) ;
#1983 = COLOUR_RGB ( '',1.000000000000000000, 0.8901960784313724950, 0.000000000000000000 ) ;
#1984 = MECHANICAL_DESIGN_GEOMETRIC_PRESENTATION_REPRESENTATION (  '', ( #2633 ), #2945 ) ;
#1985 = PRESENTATION_STYLE_ASSIGNMENT (( #726 ) ) ;
#1986 = DIRECTION ( 'NONE',  ( 0.000000000000000000, 7.228014483236695816E-17, 1.000000000000000000 ) ) ;
#1987 =( NAMED_UNIT ( * ) PLANE_ANGLE_UNIT ( ) SI_UNIT ( $, .RADIAN. ) );
#1988 = SURFACE_STYLE_USAGE ( .BOTH. , #1713 ) ;
#1989 = EDGE_LOOP ( 'NONE', ( #2846, #1316, #1668, #1914 ) ) ;
#1990 =( GEOMETRIC_REPRESENTATION_CONTEXT ( 3 ) GLOBAL_UNCERTAINTY_ASSIGNED_CONTEXT ( ( #1874 ) ) GLOBAL_UNIT_ASSIGNED_CONTEXT ( ( #327, #1803, #2992 ) ) REPRESENTATION_CONTEXT ( 'NONE', 'WORKASPACE' ) );
#1991 = CARTESIAN_POINT ( 'NONE',  ( 25.72960514313748348, -1.390196573203009045, -3.109999999999999876 ) ) ;
#1992 = MECHANICAL_DESIGN_GEOMETRIC_PRESENTATION_REPRESENTATION (  '', ( #1748 ), #1583 ) ;
#1993 = ADVANCED_FACE ( 'NONE', ( #1007 ), #2962, .T. ) ;
#1994 = PLANE ( 'NONE',  #2402 ) ;
#1995 = ORIENTED_EDGE ( 'NONE', *, *, #532, .T. ) ;
#1996 = CARTESIAN_POINT ( 'NONE',  ( -0.2900000000000055311, -1.390196573203009267, -6.110000000000000320 ) ) ;
#1997 = VECTOR ( 'NONE', #623, 1000.000000000000000 ) ;
#1998 = LINE ( 'NONE', #222, #1424 ) ;
#1999 = PLANE ( 'NONE',  #2766 ) ;
#2000 = CARTESIAN_POINT ( 'NONE',  ( -0.9900000000000056533, -1.385196573203009152, -3.109999999999999876 ) ) ;
#2001 = STYLED_ITEM ( 'NONE', ( #523 ), #1993 ) ;
#2002 = STYLED_ITEM ( 'NONE', ( #1510 ), #1899 ) ;
#2003 = FILL_AREA_STYLE ('',( #1764 ) ) ;
#2004 = ORIENTED_EDGE ( 'NONE', *, *, #2405, .F. ) ;
#2005 = CARTESIAN_POINT ( 'NONE',  ( -0.2900000000000064193, -1.390196573203009045, -3.109999999999999876 ) ) ;
#2006 = UNCERTAINTY_MEASURE_WITH_UNIT (LENGTH_MEASURE( 1.000000000000000082E-05 ), #1503, 'distance_accuracy_value', 'NONE');
#2007 = COLOUR_RGB ( '',0.4039215686274509887, 0.3176470588235293935, 0.000000000000000000 ) ;
#2008 = VERTEX_POINT ( 'NONE', #1543 ) ;
#2009 = LINE ( 'NONE', #2240, #1671 ) ;
#2010 = EDGE_LOOP ( 'NONE', ( #1829, #1771, #1541, #2313 ) ) ;
#2011 = SURFACE_STYLE_FILL_AREA ( #2502 ) ;
#2012 = CIRCLE ( 'NONE', #106, 1.000000000000000000 ) ;
#2013 =( NAMED_UNIT ( * ) SI_UNIT ( $, .STERADIAN. ) SOLID_ANGLE_UNIT ( ) );
#2014 = ADVANCED_FACE ( 'NONE', ( #2816 ), #2799, .F. ) ;
#2015 = LINE ( 'NONE', #1474, #2388 ) ;
#2016 =( GEOMETRIC_REPRESENTATION_CONTEXT ( 3 ) GLOBAL_UNCERTAINTY_ASSIGNED_CONTEXT ( ( #279 ) ) GLOBAL_UNIT_ASSIGNED_CONTEXT ( ( #1355, #2341, #2829 ) ) REPRESENTATION_CONTEXT ( 'NONE', 'WORKASPACE' ) );
#2017 = LINE ( 'NONE', #108, #1657 ) ;
#2018 = ORIENTED_EDGE ( 'NONE', *, *, #6, .F. ) ;
#2019 = MECHANICAL_DESIGN_GEOMETRIC_PRESENTATION_REPRESENTATION (  '', ( #2417 ), #2672 ) ;
#2020 = EDGE_CURVE ( 'NONE', #2796, #1043, #1360, .T. ) ;
#2021 =( LENGTH_UNIT ( ) NAMED_UNIT ( * ) SI_UNIT ( .MILLI., .METRE. ) );
#2022 = ORIENTED_EDGE ( 'NONE', *, *, #1066, .F. ) ;
#2023 = CARTESIAN_POINT ( 'NONE',  ( -13.08000000000000362, -1.190196573203009089, -14.86415607913129477 ) ) ;
#2024 = ORIENTED_EDGE ( 'NONE', *, *, #1265, .T. ) ;
#2025 =( LENGTH_UNIT ( ) NAMED_UNIT ( * ) SI_UNIT ( .MILLI., .METRE. ) );
#2026 = UNCERTAINTY_MEASURE_WITH_UNIT (LENGTH_MEASURE( 1.000000000000000082E-05 ), #1979, 'distance_accuracy_value', 'NONE');
#2027 = ORIENTED_EDGE ( 'NONE', *, *, #981, .T. ) ;
#2028 = LINE ( 'NONE', #2471, #1385 ) ;
#2029 = ORIENTED_EDGE ( 'NONE', *, *, #737, .T. ) ;
#2030 = EDGE_CURVE ( 'NONE', #232, #788, #1113, .T. ) ;
#2031 = COLOUR_RGB ( '',0.4117647058823529216, 0.4117647058823529216, 0.4117647058823529216 ) ;
#2032 =( NAMED_UNIT ( * ) SI_UNIT ( $, .STERADIAN. ) SOLID_ANGLE_UNIT ( ) );
#2033 = EDGE_CURVE ( 'NONE', #3171, #1957, #86, .T. ) ;
#2034 = FACE_OUTER_BOUND ( 'NONE', #4, .T. ) ;
#2035 = LINE ( 'NONE', #827, #177 ) ;
#2036 = ORIENTED_EDGE ( 'NONE', *, *, #449, .T. ) ;
#2037 = DIRECTION ( 'NONE',  ( -1.000000000000000000, 0.000000000000000000, 0.000000000000000000 ) ) ;
#2038 = FILL_AREA_STYLE ('',( #63 ) ) ;
#2039 = CARTESIAN_POINT ( 'NONE',  ( -5.540000000000002700, -1.385196573203009374, -6.110000000000000320 ) ) ;
#2040 = ORIENTED_EDGE ( 'NONE', *, *, #877, .T. ) ;
#2041 = DIRECTION ( 'NONE',  ( -0.000000000000000000, -1.000000000000000000, 7.379191939847947013E-17 ) ) ;
#2042 = CARTESIAN_POINT ( 'NONE',  ( -12.08000000000000362, -1.190196573203009089, -7.110000000000000320 ) ) ;
#2043 = ORIENTED_EDGE ( 'NONE', *, *, #2255, .F. ) ;
#2044 = SURFACE_SIDE_STYLE ('',( #1783 ) ) ;
#2045 = VECTOR ( 'NONE', #1404, 1000.000000000000000 ) ;
#2046 = MECHANICAL_DESIGN_GEOMETRIC_PRESENTATION_REPRESENTATION (  '', ( #2495 ), #1388 ) ;
#2047 = DIRECTION ( 'NONE',  ( -2.891205793294678326E-16, 7.228014483236695816E-17, 1.000000000000000000 ) ) ;
#2048 = ORIENTED_EDGE ( 'NONE', *, *, #874, .T. ) ;
#2049 = SURFACE_SIDE_STYLE ('',( #2790 ) ) ;
#2050 = SURFACE_STYLE_USAGE ( .BOTH. , #1351 ) ;
#2051 = DIRECTION ( 'NONE',  ( -0.000000000000000000, 7.228014483236695816E-17, 1.000000000000000000 ) ) ;
#2052 = COLOUR_RGB ( '',1.000000000000000000, 1.000000000000000000, 1.000000000000000000 ) ;
#2053 = VERTEX_POINT ( 'NONE', #67 ) ;
#2054 = ORIENTED_EDGE ( 'NONE', *, *, #3149, .T. ) ;
#2055 = VECTOR ( 'NONE', #742, 1000.000000000000000 ) ;
#2056 = CARTESIAN_POINT ( 'NONE',  ( -0.9900000000000056533, -1.390196573203009045, -3.109999999999999876 ) ) ;
#2057 = CARTESIAN_POINT ( 'NONE',  ( -13.08000000000000362, 1.500000000000000000, 14.60999999999999943 ) ) ;
#2058 = STYLED_ITEM ( 'NONE', ( #2437 ), #511 ) ;
#2059 = VECTOR ( 'NONE', #2898, 1000.000000000000000 ) ;
#2060 = ORIENTED_EDGE ( 'NONE', *, *, #1025, .F. ) ;
#2061 = CARTESIAN_POINT ( 'NONE',  ( -11.69999999999999574, 1.399999999999999911, 13.27999999999999936 ) ) ;
#2062 = ORIENTED_EDGE ( 'NONE', *, *, #1115, .F. ) ;
#2063 = CARTESIAN_POINT ( 'NONE',  ( -0.2900000000000064193, -1.385196573203009152, -3.109999999999999876 ) ) ;
#2064 = ORIENTED_EDGE ( 'NONE', *, *, #1627, .T. ) ;
#2065 = CYLINDRICAL_SURFACE ( 'NONE', #78, 0.7950982866015057215 ) ;
#2066 = CARTESIAN_POINT ( 'NONE',  ( -6.940000000000001279, -1.385196573203009152, -3.109999999999999876 ) ) ;
#2067 = PLANE ( 'NONE',  #2073 ) ;
#2068 = ORIENTED_EDGE ( 'NONE', *, *, #598, .T. ) ;
#2069 = EDGE_CURVE ( 'NONE', #783, #3081, #311, .T. ) ;
#2070 = CARTESIAN_POINT ( 'NONE',  ( 0.4099999999999937028, -1.385196573203009152, -3.109999999999999876 ) ) ;
#2071 = CARTESIAN_POINT ( 'NONE',  ( 0.000000000000000000, -1.385196573203008930, 1.001146500595813351E-16 ) ) ;
#2072 = STYLED_ITEM ( 'NONE', ( #712 ), #2440 ) ;
#2073 = AXIS2_PLACEMENT_3D ( 'NONE', #1325, #370, #1836 ) ;
#2074 = EDGE_LOOP ( 'NONE', ( #2273, #1359, #2924, #659 ) ) ;
#2075 = CARTESIAN_POINT ( 'NONE',  ( -4.840000000000002522, -1.385196573203009152, -3.109999999999999876 ) ) ;
#2076 = CARTESIAN_POINT ( 'NONE',  ( -2.740000000000003766, -1.390196573203009267, -6.110000000000000320 ) ) ;
#2077 = ORIENTED_EDGE ( 'NONE', *, *, #1288, .F. ) ;
#2078 = LINE ( 'NONE', #3042, #2692 ) ;
#2079 = ORIENTED_EDGE ( 'NONE', *, *, #2761, .F. ) ;
#2080 = EDGE_CURVE ( 'NONE', #2377, #1970, #2558, .T. ) ;
#2081 = FACE_OUTER_BOUND ( 'NONE', #517, .T. ) ;
#2082 = EDGE_CURVE ( 'NONE', #1005, #2085, #1781, .T. ) ;
#2083 = DIRECTION ( 'NONE',  ( -1.000000000000000000, 0.000000000000000000, 0.000000000000000000 ) ) ;
#2084 = EDGE_CURVE ( 'NONE', #653, #3066, #1560, .T. ) ;
#2085 = VERTEX_POINT ( 'NONE', #3064 ) ;
#2086 = PLANE ( 'NONE',  #2191 ) ;
#2087 = FILL_AREA_STYLE_COLOUR ( '', #1071 ) ;
#2088 = CARTESIAN_POINT ( 'NONE',  ( 13.07999999999999652, 0.000000000000000000, -14.60999999999999943 ) ) ;
#2089 = VERTEX_POINT ( 'NONE', #553 ) ;
#2090 = STYLED_ITEM ( 'NONE', ( #2190 ), #272 ) ;
#2091 = FACE_OUTER_BOUND ( 'NONE', #912, .T. ) ;
#2092 = COLOUR_RGB ( '',0.4039215686274509887, 0.3176470588235293935, 0.000000000000000000 ) ;
#2093 = ORIENTED_EDGE ( 'NONE', *, *, #2907, .T. ) ;
#2094 = VECTOR ( 'NONE', #459, 1000.000000000000000 ) ;
#2095 = CARTESIAN_POINT ( 'NONE',  ( 13.07999999999999652, 1.500000000000000000, 14.60999999999999943 ) ) ;
#2096 = LINE ( 'NONE', #1049, #1274 ) ;
#2097 = ORIENTED_EDGE ( 'NONE', *, *, #2080, .F. ) ;
#2098 = FACE_OUTER_BOUND ( 'NONE', #2985, .T. ) ;
#2099 = ORIENTED_EDGE ( 'NONE', *, *, #2673, .F. ) ;
#2100 = DIRECTION ( 'NONE',  ( 0.000000000000000000, -7.228014483236695816E-17, -1.000000000000000000 ) ) ;
#2101 = CARTESIAN_POINT ( 'NONE',  ( -2.390000000000004121, -1.385196573203009374, -6.110000000000000320 ) ) ;
#2102 = EDGE_LOOP ( 'NONE', ( #2793, #1513, #2940, #717 ) ) ;
#2103 = CARTESIAN_POINT ( 'NONE',  ( -2.390000000000005009, -1.385196573203009152, -3.109999999999999876 ) ) ;
#2104 =( LENGTH_UNIT ( ) NAMED_UNIT ( * ) SI_UNIT ( .MILLI., .METRE. ) );
#2105 = SURFACE_SIDE_STYLE ('',( #1119 ) ) ;
#2106 = EDGE_CURVE ( 'NONE', #315, #2654, #588, .T. ) ;
#2107 = VECTOR ( 'NONE', #2770, 1000.000000000000000 ) ;
#2108 = CARTESIAN_POINT ( 'NONE',  ( -5.540000000000003588, -1.390196573203009045, -3.109999999999999876 ) ) ;
#2109 = DIRECTION ( 'NONE',  ( 0.000000000000000000, 1.000000000000000000, -7.228014483236695816E-17 ) ) ;
#2110 =( LENGTH_UNIT ( ) NAMED_UNIT ( * ) SI_UNIT ( .MILLI., .METRE. ) );
#2111 = CARTESIAN_POINT ( 'NONE',  ( -2.040000000000003588, -1.390196573203009267, -6.110000000000000320 ) ) ;
#2112 = UNCERTAINTY_MEASURE_WITH_UNIT (LENGTH_MEASURE( 1.000000000000000082E-05 ), #445, 'distance_accuracy_value', 'NONE');
#2113 = VERTEX_POINT ( 'NONE', #854 ) ;
#2114 = ORIENTED_EDGE ( 'NONE', *, *, #3193, .F. ) ;
#2115 = CARTESIAN_POINT ( 'NONE',  ( 2.779999999999995808, 0.000000000000000000, -14.60999999999999943 ) ) ;
#2116 = CARTESIAN_POINT ( 'NONE',  ( -12.08000000000000362, -0.3901965732030093781, -6.110000000000000320 ) ) ;
#2117 = VERTEX_POINT ( 'NONE', #2585 ) ;
#2118 = CARTESIAN_POINT ( 'NONE',  ( -0.2900000000000055311, -1.385196573203009374, -6.110000000000000320 ) ) ;
#2119 = ADVANCED_FACE ( 'NONE', ( #819 ), #379, .F. ) ;
#2120 = CARTESIAN_POINT ( 'NONE',  ( -3.090000000000003855, -1.385196573203009374, -6.110000000000000320 ) ) ;
#2121 = DIRECTION ( 'NONE',  ( -0.000000000000000000, 0.000000000000000000, 1.000000000000000000 ) ) ;
#2122 = SURFACE_STYLE_FILL_AREA ( #652 ) ;
#2123 = EDGE_CURVE ( 'NONE', #265, #788, #1644, .T. ) ;
#2124 = DIRECTION ( 'NONE',  ( -0.000000000000000000, 0.000000000000000000, 1.000000000000000000 ) ) ;
#2125 = VECTOR ( 'NONE', #1890, 1000.000000000000000 ) ;
#2126 = VECTOR ( 'NONE', #3105, 1000.000000000000000 ) ;
#2127 =( NAMED_UNIT ( * ) PLANE_ANGLE_UNIT ( ) SI_UNIT ( $, .RADIAN. ) );
#2128 = CARTESIAN_POINT ( 'NONE',  ( -1.340000000000004299, -1.385196573203009374, -6.110000000000000320 ) ) ;
#2129 =( GEOMETRIC_REPRESENTATION_CONTEXT ( 3 ) GLOBAL_UNCERTAINTY_ASSIGNED_CONTEXT ( ( #1458 ) ) GLOBAL_UNIT_ASSIGNED_CONTEXT ( ( #2223, #2919, #978 ) ) REPRESENTATION_CONTEXT ( 'NONE', 'WORKASPACE' ) );
#2130 = VECTOR ( 'NONE', #706, 1000.000000000000000 ) ;
#2131 = COLOUR_RGB ( '',0.4039215686274509887, 0.3176470588235293935, 0.000000000000000000 ) ;
#2132 = ORIENTED_EDGE ( 'NONE', *, *, #2810, .F. ) ;
#2133 = ORIENTED_EDGE ( 'NONE', *, *, #1901, .F. ) ;
#2134 = LINE ( 'NONE', #168, #3114 ) ;
#2135 = CARTESIAN_POINT ( 'NONE',  ( -2.040000000000003588, -1.385196573203009374, -6.110000000000000320 ) ) ;
#2136 = CARTESIAN_POINT ( 'NONE',  ( 0.000000000000000000, 0.000000000000000000, 0.000000000000000000 ) ) ;
#2137 = DIRECTION ( 'NONE',  ( -1.000000000000000000, 0.000000000000000000, -0.000000000000000000 ) ) ;
#2138 = CARTESIAN_POINT ( 'NONE',  ( -6.940000000000001279, -1.385196573203009152, -3.109999999999999876 ) ) ;
#2139 = ADVANCED_FACE ( 'NONE', ( #3098 ), #1163, .F. ) ;
#2140 = AXIS2_PLACEMENT_3D ( 'NONE', #1822, #2996, #1060 ) ;
#2141 = SURFACE_SIDE_STYLE ('',( #2372 ) ) ;
#2142 = CIRCLE ( 'NONE', #998, 0.9999999999999991118 ) ;
#2143 = PLANE ( 'NONE',  #2915 ) ;
#2144 = ORIENTED_EDGE ( 'NONE', *, *, #2404, .T. ) ;
#2145 = VECTOR ( 'NONE', #2566, 1000.000000000000000 ) ;
#2146 = ORIENTED_EDGE ( 'NONE', *, *, #2724, .T. ) ;
#2147 = LINE ( 'NONE', #3083, #2891 ) ;
#2148 = LINE ( 'NONE', #2894, #2130 ) ;
#2149 = CARTESIAN_POINT ( 'NONE',  ( -1.340000000000004299, -1.390196573203009267, -6.110000000000000320 ) ) ;
#2150 = DIRECTION ( 'NONE',  ( 1.000000000000000000, 0.000000000000000000, 0.000000000000000000 ) ) ;
#2151 = FACE_OUTER_BOUND ( 'NONE', #1159, .T. ) ;
#2152 = FILL_AREA_STYLE ('',( #2415 ) ) ;
#2153 = SURFACE_SIDE_STYLE ('',( #2122 ) ) ;
#2154 = VECTOR ( 'NONE', #2527, 1000.000000000000000 ) ;
#2155 = AXIS2_PLACEMENT_3D ( 'NONE', #2138, #908, #1894 ) ;
#2156 = CARTESIAN_POINT ( 'NONE',  ( -3.790000000000004476, -1.390196573203009045, -3.109999999999999876 ) ) ;
#2157 = PRESENTATION_STYLE_ASSIGNMENT (( #1144 ) ) ;
#2158 = ORIENTED_EDGE ( 'NONE', *, *, #1173, .T. ) ;
#2159 = EDGE_LOOP ( 'NONE', ( #116, #984, #2212, #290 ) ) ;
#2160 = SURFACE_STYLE_FILL_AREA ( #629 ) ;
#2161 = MECHANICAL_DESIGN_GEOMETRIC_PRESENTATION_REPRESENTATION (  '', ( #2001 ), #1076 ) ;
#2162 =( NAMED_UNIT ( * ) PLANE_ANGLE_UNIT ( ) SI_UNIT ( $, .RADIAN. ) );
#2163 = SURFACE_SIDE_STYLE ('',( #636 ) ) ;
#2164 = CARTESIAN_POINT ( 'NONE',  ( 0.4099999999999937028, -1.390196573203009045, -3.109999999999999876 ) ) ;
#2165 = DIRECTION ( 'NONE',  ( 0.000000000000000000, 0.000000000000000000, -1.000000000000000000 ) ) ;
#2166 = CARTESIAN_POINT ( 'NONE',  ( -11.69999999999999574, 1.399999999999999911, -10.11999999999999744 ) ) ;
#2167 = CARTESIAN_POINT ( 'NONE',  ( -6.590000000000003411, -1.385196573203009152, -3.109999999999999876 ) ) ;
#2168 = VECTOR ( 'NONE', #2150, 1000.000000000000000 ) ;
#2169 = EDGE_LOOP ( 'NONE', ( #2236, #1253, #1193, #591, #2497, #2701, #46, #2862, #2513, #381 ) ) ;
#2170 = ORIENTED_EDGE ( 'NONE', *, *, #1660, .T. ) ;
#2171 = STYLED_ITEM ( 'NONE', ( #3069 ), #1378 ) ;
#2172 = DIRECTION ( 'NONE',  ( 1.000000000000000000, 2.133476248632177812E-32, 2.891205793294678819E-16 ) ) ;
#2173 = EDGE_CURVE ( 'NONE', #435, #3111, #1887, .T. ) ;
#2174 = EDGE_CURVE ( 'NONE', #1479, #2753, #156, .T. ) ;
#2175 = PRESENTATION_STYLE_ASSIGNMENT (( #1198 ) ) ;
#2176 = EDGE_CURVE ( 'NONE', #11, #838, #2345, .T. ) ;
#2177 = PLANE ( 'NONE',  #2731 ) ;
#2178 = CARTESIAN_POINT ( 'NONE',  ( -1.340000000000004299, -1.390196573203009045, -3.109999999999999876 ) ) ;
#2179 = CARTESIAN_POINT ( 'NONE',  ( -4.840000000000002522, -1.385196573203009374, -6.110000000000000320 ) ) ;
#2180 = PLANE ( 'NONE',  #1820 ) ;
#2181 =( NAMED_UNIT ( * ) PLANE_ANGLE_UNIT ( ) SI_UNIT ( $, .RADIAN. ) );
#2182 = ORIENTED_EDGE ( 'NONE', *, *, #450, .T. ) ;
#2183 = ORIENTED_EDGE ( 'NONE', *, *, #2123, .F. ) ;
#2184 = COLOUR_RGB ( '',0.4039215686274509887, 0.3176470588235293935, 0.000000000000000000 ) ;
#2185 = UNCERTAINTY_MEASURE_WITH_UNIT (LENGTH_MEASURE( 1.000000000000000082E-05 ), #2320, 'distance_accuracy_value', 'NONE');
#2186 = LINE ( 'NONE', #215, #3059 ) ;
#2187 = LINE ( 'NONE', #3158, #1494 ) ;
#2188 = CARTESIAN_POINT ( 'NONE',  ( -2.040000000000003588, -1.385196573203009374, -6.110000000000000320 ) ) ;
#2189 = CARTESIAN_POINT ( 'NONE',  ( 0.7599999999999950129, -1.385196573203009152, -3.109999999999999876 ) ) ;
#2190 = PRESENTATION_STYLE_ASSIGNMENT (( #2233 ) ) ;
#2191 = AXIS2_PLACEMENT_3D ( 'NONE', #1918, #2172, #1658 ) ;
#2192 = EDGE_CURVE ( 'NONE', #1479, #2289, #1655, .T. ) ;
#2193 = AXIS2_PLACEMENT_3D ( 'NONE', #759, #2720, #2707 ) ;
#2194 = DIRECTION ( 'NONE',  ( -2.891205793294678326E-16, 7.228014483236695816E-17, 1.000000000000000000 ) ) ;
#2195 = PLANE ( 'NONE',  #1189 ) ;
#2196 = ORIENTED_EDGE ( 'NONE', *, *, #2690, .T. ) ;
#2197 = MECHANICAL_DESIGN_GEOMETRIC_PRESENTATION_REPRESENTATION (  '', ( #1486 ), #2744 ) ;
#2198 = EDGE_LOOP ( 'NONE', ( #2421, #56, #1092, #211 ) ) ;
#2199 = CARTESIAN_POINT ( 'NONE',  ( -3.440000000000003499, -1.390196573203009267, -6.110000000000000320 ) ) ;
#2200 = CARTESIAN_POINT ( 'NONE',  ( -3.790000000000004476, -1.385196573203009152, -3.109999999999999876 ) ) ;
#2201 = ORIENTED_EDGE ( 'NONE', *, *, #1438, .F. ) ;
#2202 = SURFACE_STYLE_USAGE ( .BOTH. , #1951 ) ;
#2203 = STYLED_ITEM ( 'NONE', ( #1041 ), #332 ) ;
#2204 = CARTESIAN_POINT ( 'NONE',  ( -6.590000000000003411, -1.390196573203009045, -3.109999999999999876 ) ) ;
#2205 = VECTOR ( 'NONE', #2331, 1000.000000000000000 ) ;
#2206 = SURFACE_STYLE_USAGE ( .BOTH. , #1231 ) ;
#2207 = COLOUR_RGB ( '',0.4039215686274509887, 0.3176470588235293935, 0.000000000000000000 ) ;
#2208 = EDGE_CURVE ( 'NONE', #11, #1883, #1626, .T. ) ;
#2209 = FILL_AREA_STYLE ('',( #2224 ) ) ;
#2210 = EDGE_CURVE ( 'NONE', #367, #3007, #2847, .T. ) ;
#2211 = FILL_AREA_STYLE_COLOUR ( '', #1956 ) ;
#2212 = ORIENTED_EDGE ( 'NONE', *, *, #1137, .F. ) ;
#2213 = ORIENTED_EDGE ( 'NONE', *, *, #1469, .F. ) ;
#2214 = DIRECTION ( 'NONE',  ( 0.000000000000000000, 1.000000000000000000, -7.228014483236695816E-17 ) ) ;
#2215 = CARTESIAN_POINT ( 'NONE',  ( -5.890000000000003233, -1.385196573203009152, -3.109999999999999876 ) ) ;
#2216 =( LENGTH_UNIT ( ) NAMED_UNIT ( * ) SI_UNIT ( .MILLI., .METRE. ) );
#2217 = ORIENTED_EDGE ( 'NONE', *, *, #2277, .F. ) ;
#2218 = PLANE ( 'NONE',  #225 ) ;
#2219 = MECHANICAL_DESIGN_GEOMETRIC_PRESENTATION_REPRESENTATION (  '', ( #2576 ), #3184 ) ;
#2220 = SURFACE_SIDE_STYLE ('',( #1243 ) ) ;
#2221 = CARTESIAN_POINT ( 'NONE',  ( -2.040000000000003588, -1.385196573203009374, -6.110000000000000320 ) ) ;
#2222 = CARTESIAN_POINT ( 'NONE',  ( 0.05999999999999495320, -1.390196573203009267, -6.110000000000000320 ) ) ;
#2223 =( LENGTH_UNIT ( ) NAMED_UNIT ( * ) SI_UNIT ( .MILLI., .METRE. ) );
#2224 = FILL_AREA_STYLE_COLOUR ( '', #1563 ) ;
#2225 = DIRECTION ( 'NONE',  ( 0.000000000000000000, -7.379191939847947013E-17, -1.000000000000000000 ) ) ;
#2226 = EDGE_CURVE ( 'NONE', #480, #2774, #929, .T. ) ;
#2227 = ORIENTED_EDGE ( 'NONE', *, *, #2352, .F. ) ;
#2228 = UNCERTAINTY_MEASURE_WITH_UNIT (LENGTH_MEASURE( 1.000000000000000082E-05 ), #1180, 'distance_accuracy_value', 'NONE');
#2229 = FILL_AREA_STYLE_COLOUR ( '', #2207 ) ;
#2230 = EDGE_LOOP ( 'NONE', ( #2158, #1778, #3095, #2597 ) ) ;
#2231 = CARTESIAN_POINT ( 'NONE',  ( -5.890000000000003233, -1.390196573203009045, -3.109999999999999876 ) ) ;
#2232 = FACE_OUTER_BOUND ( 'NONE', #2159, .T. ) ;
#2233 = SURFACE_STYLE_USAGE ( .BOTH. , #2427 ) ;
#2234 = CARTESIAN_POINT ( 'NONE',  ( -4.140000000000003233, -1.385196573203009374, -6.110000000000000320 ) ) ;
#2235 =( NAMED_UNIT ( * ) PLANE_ANGLE_UNIT ( ) SI_UNIT ( $, .RADIAN. ) );
#2236 = ORIENTED_EDGE ( 'NONE', *, *, #2352, .T. ) ;
#2237 = EDGE_CURVE ( 'NONE', #2392, #2732, #2618, .T. ) ;
#2238 = VECTOR ( 'NONE', #2544, 1000.000000000000000 ) ;
#2239 = ORIENTED_EDGE ( 'NONE', *, *, #3093, .T. ) ;
#2240 = CARTESIAN_POINT ( 'NONE',  ( 25.72960514313748348, 0.000000000000000000, -14.86415607913129477 ) ) ;
#2241 = COLOUR_RGB ( '',0.4039215686274509887, 0.3176470588235293935, 0.000000000000000000 ) ;
#2242 = UNCERTAINTY_MEASURE_WITH_UNIT (LENGTH_MEASURE( 1.000000000000000082E-05 ), #1422, 'distance_accuracy_value', 'NONE');
#2243 = ORIENTED_EDGE ( 'NONE', *, *, #471, .F. ) ;
#2244 = PRESENTATION_STYLE_ASSIGNMENT (( #775 ) ) ;
#2245 = EDGE_CURVE ( 'NONE', #2971, #465, #2148, .T. ) ;
#2246 = SURFACE_SIDE_STYLE ('',( #2662 ) ) ;
#2247 = AXIS2_PLACEMENT_3D ( 'NONE', #376, #1371, #1864 ) ;
#2248 = FILL_AREA_STYLE ('',( #17 ) ) ;
#2249 = ORIENTED_EDGE ( 'NONE', *, *, #491, .T. ) ;
#2250 = VECTOR ( 'NONE', #1429, 1000.000000000000000 ) ;
#2251 = ORIENTED_EDGE ( 'NONE', *, *, #2905, .F. ) ;
#2252 = LINE ( 'NONE', #344, #320 ) ;
#2253 = DIRECTION ( 'NONE',  ( 0.000000000000000000, 1.000000000000000000, -7.379191939847947013E-17 ) ) ;
#2254 = EDGE_CURVE ( 'NONE', #1308, #1915, #408, .T. ) ;
#2255 = EDGE_CURVE ( 'NONE', #1970, #2117, #1131, .T. ) ;
#2256 = ORIENTED_EDGE ( 'NONE', *, *, #1682, .F. ) ;
#2257 = AXIS2_PLACEMENT_3D ( 'NONE', #1306, #2274, #71 ) ;
#2258 = DIRECTION ( 'NONE',  ( 1.000000000000000000, -0.000000000000000000, 0.000000000000000000 ) ) ;
#2259 = PRESENTATION_LAYER_ASSIGNMENT (  '', '', ( #205 ) ) ;
#2260 = PRESENTATION_STYLE_ASSIGNMENT (( #1118 ) ) ;
#2261 = STYLED_ITEM ( 'NONE', ( #55 ), #1310 ) ;
#2262 = SURFACE_STYLE_FILL_AREA ( #3051 ) ;
#2263 = ORIENTED_EDGE ( 'NONE', *, *, #2069, .F. ) ;
#2264 = VECTOR ( 'NONE', #645, 1000.000000000000000 ) ;
#2265 = FILL_AREA_STYLE ('',( #1455 ) ) ;
#2266 = CARTESIAN_POINT ( 'NONE',  ( 0.05999999999999495320, -1.385196573203009152, -3.109999999999999876 ) ) ;
#2267 = ORIENTED_EDGE ( 'NONE', *, *, #2626, .F. ) ;
#2268 = CARTESIAN_POINT ( 'NONE',  ( 1.779999999999996030, -1.190196573203009089, -4.110000000000001208 ) ) ;
#2269 = LINE ( 'NONE', #2329, #2281 ) ;
#2270 = ORIENTED_EDGE ( 'NONE', *, *, #145, .F. ) ;
#2271 = DIRECTION ( 'NONE',  ( 0.000000000000000000, 1.000000000000000000, 0.000000000000000000 ) ) ;
#2272 = CARTESIAN_POINT ( 'NONE',  ( -13.08000000000000362, 1.500000000000000000, -14.60999999999999943 ) ) ;
#2273 = ORIENTED_EDGE ( 'NONE', *, *, #1779, .T. ) ;
#2274 = DIRECTION ( 'NONE',  ( 1.000000000000000000, 4.266952497264355624E-32, 5.782411586589357639E-16 ) ) ;
#2275 = LINE ( 'NONE', #1364, #1761 ) ;
#2276 = ORIENTED_EDGE ( 'NONE', *, *, #2174, .T. ) ;
#2277 = EDGE_CURVE ( 'NONE', #1782, #3066, #2865, .T. ) ;
#2278 = AXIS2_PLACEMENT_3D ( 'NONE', #1283, #2271, #2716 ) ;
#2279 = DIRECTION ( 'NONE',  ( 0.000000000000000000, 1.000000000000000000, -7.379191939847947013E-17 ) ) ;
#2280 = FILL_AREA_STYLE_COLOUR ( '', #2241 ) ;
#2281 = VECTOR ( 'NONE', #83, 1000.000000000000000 ) ;
#2282 = ORIENTED_EDGE ( 'NONE', *, *, #2245, .F. ) ;
#2283 = ORIENTED_EDGE ( 'NONE', *, *, #2901, .T. ) ;
#2284 = LINE ( 'NONE', #1569, #2238 ) ;
#2285 =( NAMED_UNIT ( * ) SI_UNIT ( $, .STERADIAN. ) SOLID_ANGLE_UNIT ( ) );
#2286 = ORIENTED_EDGE ( 'NONE', *, *, #2722, .F. ) ;
#2287 = CARTESIAN_POINT ( 'NONE',  ( -4.840000000000002522, -1.390196573203009267, -6.110000000000000320 ) ) ;
#2288 = ADVANCED_FACE ( 'NONE', ( #393 ), #1930, .F. ) ;
#2289 = VERTEX_POINT ( 'NONE', #2199 ) ;
#2290 = CARTESIAN_POINT ( 'NONE',  ( -3.440000000000003499, -1.385196573203009152, -3.109999999999999876 ) ) ;
#2291 =( LENGTH_UNIT ( ) NAMED_UNIT ( * ) SI_UNIT ( .MILLI., .METRE. ) );
#2292 = ORIENTED_EDGE ( 'NONE', *, *, #73, .F. ) ;
#2293 = DIRECTION ( 'NONE',  ( -0.000000000000000000, -1.000000000000000000, 7.379191939847947013E-17 ) ) ;
#2294 = MECHANICAL_DESIGN_GEOMETRIC_PRESENTATION_REPRESENTATION (  '', ( #1063 ), #2648 ) ;
#2295 = FILL_AREA_STYLE_COLOUR ( '', #207 ) ;
#2296 = ORIENTED_EDGE ( 'NONE', *, *, #245, .T. ) ;
#2297 = PRESENTATION_STYLE_ASSIGNMENT (( #1121 ) ) ;
#2298 = CARTESIAN_POINT ( 'NONE',  ( 0.000000000000000000, -1.385196573203008930, 1.001146500595813351E-16 ) ) ;
#2299 = CARTESIAN_POINT ( 'NONE',  ( -5.540000000000002700, -1.385196573203009152, -3.109999999999999876 ) ) ;
#2300 = STYLED_ITEM ( 'NONE', ( #2934 ), #312 ) ;
#2301 = DIRECTION ( 'NONE',  ( -2.891205793294678326E-16, 7.228014483236695816E-17, 1.000000000000000000 ) ) ;
#2302 = EDGE_CURVE ( 'NONE', #193, #37, #244, .T. ) ;
#2303 = ORIENTED_EDGE ( 'NONE', *, *, #145, .T. ) ;
#2304 = EDGE_CURVE ( 'NONE', #2908, #1365, #2893, .T. ) ;
#2305 = PRESENTATION_LAYER_ASSIGNMENT (  '', '', ( #1136 ) ) ;
#2306 = ADVANCED_FACE ( 'NONE', ( #1239 ), #212, .F. ) ;
#2307 = CARTESIAN_POINT ( 'NONE',  ( 0.7599999999999950129, -1.385196573203009152, -3.109999999999999876 ) ) ;
#2308 = DIRECTION ( 'NONE',  ( 2.891205793294678819E-16, 0.000000000000000000, -1.000000000000000000 ) ) ;
#2309 = MECHANICAL_DESIGN_GEOMETRIC_PRESENTATION_REPRESENTATION (  '', ( #2462 ), #1079 ) ;
#2310 = MECHANICAL_DESIGN_GEOMETRIC_PRESENTATION_REPRESENTATION (  '', ( #731 ), #506 ) ;
#2311 = ORIENTED_EDGE ( 'NONE', *, *, #2458, .T. ) ;
#2312 = SURFACE_STYLE_USAGE ( .BOTH. , #1300 ) ;
#2313 = ORIENTED_EDGE ( 'NONE', *, *, #1965, .T. ) ;
#2314 = CARTESIAN_POINT ( 'NONE',  ( 2.779999999999997584, -1.190196573203009089, -14.86415607913129477 ) ) ;
#2315 = CARTESIAN_POINT ( 'NONE',  ( 25.72960514313748348, -1.390196573203009933, -14.86415607913128767 ) ) ;
#2316 = EDGE_LOOP ( 'NONE', ( #346, #3142, #796, #2982 ) ) ;
#2317 = LINE ( 'NONE', #105, #599 ) ;
#2318 = CARTESIAN_POINT ( 'NONE',  ( -0.6400000000000051203, -1.390196573203009267, -6.110000000000000320 ) ) ;
#2319 = ORIENTED_EDGE ( 'NONE', *, *, #1660, .F. ) ;
#2320 =( LENGTH_UNIT ( ) NAMED_UNIT ( * ) SI_UNIT ( .MILLI., .METRE. ) );
#2321 = PRESENTATION_STYLE_ASSIGNMENT (( #2050 ) ) ;
#2322 = CARTESIAN_POINT ( 'NONE',  ( 1.779999999999996918, -1.190196573203009089, -3.109999999999999876 ) ) ;
#2323 = VECTOR ( 'NONE', #1649, 1000.000000000000000 ) ;
#2324 = FILL_AREA_STYLE_COLOUR ( '', #144 ) ;
#2325 = ORIENTED_EDGE ( 'NONE', *, *, #57, .T. ) ;
#2326 = EDGE_CURVE ( 'NONE', #2089, #2777, #2506, .T. ) ;
#2327 = LINE ( 'NONE', #2057, #916 ) ;
#2328 = ORIENTED_EDGE ( 'NONE', *, *, #2173, .T. ) ;
#2329 = CARTESIAN_POINT ( 'NONE',  ( 25.72960514313748348, 0.2000000000000007327, -14.60999999999999943 ) ) ;
#2330 = ORIENTED_EDGE ( 'NONE', *, *, #753, .T. ) ;
#2331 = DIRECTION ( 'NONE',  ( -0.000000000000000000, -1.000000000000000000, 7.379191939847947013E-17 ) ) ;
#2332 = ORIENTED_EDGE ( 'NONE', *, *, #642, .F. ) ;
#2333 = SURFACE_STYLE_FILL_AREA ( #3033 ) ;
#2334 = FACE_OUTER_BOUND ( 'NONE', #2198, .T. ) ;
#2335 = CARTESIAN_POINT ( 'NONE',  ( 11.70000000000000284, 1.399999999999999911, -10.11999999999999744 ) ) ;
#2336 = CARTESIAN_POINT ( 'NONE',  ( -4.140000000000003233, -1.385196573203009374, -6.110000000000000320 ) ) ;
#2337 = CARTESIAN_POINT ( 'NONE',  ( -11.69999999999999574, 1.399999999999999911, 13.27999999999999936 ) ) ;
#2338 = AXIS2_PLACEMENT_3D ( 'NONE', #365, #1377, #2378 ) ;
#2339 = LINE ( 'NONE', #2773, #400 ) ;
#2340 = VECTOR ( 'NONE', #2100, 1000.000000000000000 ) ;
#2341 =( NAMED_UNIT ( * ) PLANE_ANGLE_UNIT ( ) SI_UNIT ( $, .RADIAN. ) );
#2342 = FACE_OUTER_BOUND ( 'NONE', #1374, .T. ) ;
#2343 = ORIENTED_EDGE ( 'NONE', *, *, #893, .F. ) ;
#2344 = ORIENTED_EDGE ( 'NONE', *, *, #1645, .F. ) ;
#2345 = LINE ( 'NONE', #1197, #463 ) ;
#2346 = ADVANCED_FACE ( 'NONE', ( #301 ), #1294, .F. ) ;
#2347 = ORIENTED_EDGE ( 'NONE', *, *, #298, .F. ) ;
#2348 = DIRECTION ( 'NONE',  ( -1.000000000000000000, -0.000000000000000000, -0.000000000000000000 ) ) ;
#2349 = PRESENTATION_STYLE_ASSIGNMENT (( #3102 ) ) ;
#2350 = ADVANCED_FACE ( 'NONE', ( #842 ), #1122, .F. ) ;
#2351 = UNCERTAINTY_MEASURE_WITH_UNIT (LENGTH_MEASURE( 1.000000000000000082E-05 ), #3048, 'distance_accuracy_value', 'NONE');
#2352 = EDGE_CURVE ( 'NONE', #788, #2667, #2557, .T. ) ;
#2353 = VECTOR ( 'NONE', #1069, 1000.000000000000000 ) ;
#2354 = LINE ( 'NONE', #2382, #2864 ) ;
#2355 =( LENGTH_UNIT ( ) NAMED_UNIT ( * ) SI_UNIT ( .MILLI., .METRE. ) );
#2356 = DIRECTION ( 'NONE',  ( -0.000000000000000000, -1.000000000000000000, 7.379191939847947013E-17 ) ) ;
#2357 = PLANE ( 'NONE',  #667 ) ;
#2358 = CLOSED_SHELL ( 'NONE', ( #1793, #2014, #3002, #2855, #3071, #219, #1176, #272, #2845, #718, #3053, #2440, #2963, #1214, #342, #1840, #356, #2139, #2634, #1839, #965, #1051, #2828, #2581, #1378, #312, #239, #511, #1677, #1024, #836, #1194, #1937, #2763, #121, #2426, #3164, #477, #1090, #2350, #1632, #2586, #2966, #879, #547, #1958, #25, #2538, #932, #74, #2368, #1777, #1603, #2346, #2442, #2288, #360, #118, #1862, #2367, #399, #702, #792, #2119, #2306, #1737, #596, #1310, #1138, #2743, #1899, #1993 ) ) ;
#2359 = CARTESIAN_POINT ( 'NONE',  ( -3.440000000000002167, -1.390196573203009045, -3.109999999999999876 ) ) ;
#2360 = DIRECTION ( 'NONE',  ( 0.000000000000000000, -7.228014483236695816E-17, -1.000000000000000000 ) ) ;
#2361 = ORIENTED_EDGE ( 'NONE', *, *, #57, .F. ) ;
#2362 = ORIENTED_EDGE ( 'NONE', *, *, #2636, .T. ) ;
#2363 = CARTESIAN_POINT ( 'NONE',  ( -3.790000000000004476, -1.390196573203009045, -3.109999999999999876 ) ) ;
#2364 = PRESENTATION_STYLE_ASSIGNMENT (( #680 ) ) ;
#2365 = CARTESIAN_POINT ( 'NONE',  ( 0.05999999999999495320, -1.390196573203009267, -6.110000000000000320 ) ) ;
#2366 = CARTESIAN_POINT ( 'NONE',  ( -6.940000000000001279, -1.385196573203009152, -3.109999999999999876 ) ) ;
#2367 = ADVANCED_FACE ( 'NONE', ( #638 ), #3056, .F. ) ;
#2368 = ADVANCED_FACE ( 'NONE', ( #2034 ), #2771, .F. ) ;
#2369 = PRESENTATION_STYLE_ASSIGNMENT (( #2899 ) ) ;
#2370 = LINE ( 'NONE', #206, #2562 ) ;
#2371 = PRESENTATION_LAYER_ASSIGNMENT (  '', '', ( #1656 ) ) ;
#2372 = SURFACE_STYLE_FILL_AREA ( #1156 ) ;
#2373 = DIRECTION ( 'NONE',  ( -0.000000000000000000, -1.000000000000000000, 7.379191939847947013E-17 ) ) ;
#2374 = AXIS2_PLACEMENT_3D ( 'NONE', #1504, #1030, #806 ) ;
#2375 =( GEOMETRIC_REPRESENTATION_CONTEXT ( 3 ) GLOBAL_UNCERTAINTY_ASSIGNED_CONTEXT ( ( #918 ) ) GLOBAL_UNIT_ASSIGNED_CONTEXT ( ( #1664, #418, #403 ) ) REPRESENTATION_CONTEXT ( 'NONE', 'WORKASPACE' ) );
#2376 = ORIENTED_EDGE ( 'NONE', *, *, #2848, .F. ) ;
#2377 = VERTEX_POINT ( 'NONE', #3119 ) ;
#2378 = DIRECTION ( 'NONE',  ( 2.891205793294678819E-16, 0.000000000000000000, -1.000000000000000000 ) ) ;
#2379 = CARTESIAN_POINT ( 'NONE',  ( 0.7599999999999950129, -1.390196573203009267, -6.110000000000000320 ) ) ;
#2380 = DIRECTION ( 'NONE',  ( -0.000000000000000000, -1.000000000000000000, 7.379191939847947013E-17 ) ) ;
#2381 = DIRECTION ( 'NONE',  ( -1.000000000000000000, 0.000000000000000000, 0.000000000000000000 ) ) ;
#2382 = CARTESIAN_POINT ( 'NONE',  ( -2.040000000000003588, -1.385196573203009152, -3.109999999999999876 ) ) ;
#2383 = DIRECTION ( 'NONE',  ( -0.000000000000000000, -1.000000000000000000, 0.000000000000000000 ) ) ;
#2384 = CARTESIAN_POINT ( 'NONE',  ( -5.190000000000003055, -1.390196573203009267, -6.110000000000000320 ) ) ;
#2385 = PRESENTATION_LAYER_ASSIGNMENT (  '', '', ( #2 ) ) ;
#2386 = SURFACE_STYLE_USAGE ( .BOTH. , #1678 ) ;
#2387 = DIRECTION ( 'NONE',  ( -1.000000000000000000, 0.000000000000000000, -0.000000000000000000 ) ) ;
#2388 = VECTOR ( 'NONE', #1257, 1000.000000000000000 ) ;
#2389 = PLANE ( 'NONE',  #33 ) ;
#2390 = ORIENTED_EDGE ( 'NONE', *, *, #257, .F. ) ;
#2391 = STYLED_ITEM ( 'NONE', ( #569 ), #2963 ) ;
#2392 = VERTEX_POINT ( 'NONE', #892 ) ;
#2393 = DIRECTION ( 'NONE',  ( -1.000000000000000000, 0.000000000000000000, -0.000000000000000000 ) ) ;
#2394 = EDGE_CURVE ( 'NONE', #3027, #154, #1911, .T. ) ;
#2395 = LINE ( 'NONE', #1907, #2709 ) ;
#2396 = DIRECTION ( 'NONE',  ( 0.000000000000000000, 0.000000000000000000, -1.000000000000000000 ) ) ;
#2397 = UNCERTAINTY_MEASURE_WITH_UNIT (LENGTH_MEASURE( 1.000000000000000082E-05 ), #1104, 'distance_accuracy_value', 'NONE');
#2398 = DIRECTION ( 'NONE',  ( 0.000000000000000000, -7.228014483236695816E-17, -1.000000000000000000 ) ) ;
#2399 = AXIS2_PLACEMENT_3D ( 'NONE', #2786, #592, #903 ) ;
#2400 = SURFACE_SIDE_STYLE ('',( #1204 ) ) ;
#2401 = LINE ( 'NONE', #2179, #2045 ) ;
#2402 = AXIS2_PLACEMENT_3D ( 'NONE', #289, #2745, #45 ) ;
#2403 = SURFACE_SIDE_STYLE ('',( #1465 ) ) ;
#2404 = EDGE_CURVE ( 'NONE', #242, #870, #1922, .T. ) ;
#2405 = EDGE_CURVE ( 'NONE', #1129, #377, #430, .T. ) ;
#2406 = EDGE_CURVE ( 'NONE', #1572, #2798, #2012, .T. ) ;
#2407 = ORIENTED_EDGE ( 'NONE', *, *, #2394, .F. ) ;
#2408 = VERTEX_POINT ( 'NONE', #1153 ) ;
#2409 = SURFACE_STYLE_FILL_AREA ( #2265 ) ;
#2410 = CARTESIAN_POINT ( 'NONE',  ( -3.440000000000003499, -1.390196573203009045, -3.109999999999999876 ) ) ;
#2411 = FACE_OUTER_BOUND ( 'NONE', #2316, .T. ) ;
#2412 =( GEOMETRIC_REPRESENTATION_CONTEXT ( 3 ) GLOBAL_UNCERTAINTY_ASSIGNED_CONTEXT ( ( #1284 ) ) GLOBAL_UNIT_ASSIGNED_CONTEXT ( ( #113, #1848, #2624 ) ) REPRESENTATION_CONTEXT ( 'NONE', 'WORKASPACE' ) );
#2413 =( NAMED_UNIT ( * ) SI_UNIT ( $, .STERADIAN. ) SOLID_ANGLE_UNIT ( ) );
#2414 = LINE ( 'NONE', #2189, #533 ) ;
#2415 = FILL_AREA_STYLE_COLOUR ( '', #2623 ) ;
#2416 = PLANE ( 'NONE',  #2155 ) ;
#2417 = STYLED_ITEM ( 'NONE', ( #720 ), #2306 ) ;
#2418 = CARTESIAN_POINT ( 'NONE',  ( -4.140000000000003233, -1.390196573203009267, -6.110000000000000320 ) ) ;
#2419 =( NAMED_UNIT ( * ) SI_UNIT ( $, .STERADIAN. ) SOLID_ANGLE_UNIT ( ) );
#2420 = DIRECTION ( 'NONE',  ( -1.000000000000000000, 0.000000000000000000, -0.000000000000000000 ) ) ;
#2421 = ORIENTED_EDGE ( 'NONE', *, *, #198, .T. ) ;
#2422 = ORIENTED_EDGE ( 'NONE', *, *, #1457, .F. ) ;
#2423 = VECTOR ( 'NONE', #2037, 1000.000000000000000 ) ;
#2424 = VECTOR ( 'NONE', #1444, 1000.000000000000000 ) ;
#2425 = DIRECTION ( 'NONE',  ( 0.000000000000000000, 7.228014483236695816E-17, 1.000000000000000000 ) ) ;
#2426 = ADVANCED_FACE ( 'NONE', ( #1435 ), #1893, .F. ) ;
#2427 = SURFACE_SIDE_STYLE ('',( #1273 ) ) ;
#2428 = FILL_AREA_STYLE ('',( #1521 ) ) ;
#2429 = MECHANICAL_DESIGN_GEOMETRIC_PRESENTATION_REPRESENTATION (  '', ( #1878 ), #1972 ) ;
#2430 = DIRECTION ( 'NONE',  ( -1.000000000000000000, 0.000000000000000000, 0.000000000000000000 ) ) ;
#2431 = DIRECTION ( 'NONE',  ( 0.000000000000000000, 1.000000000000000000, -7.379191939847947013E-17 ) ) ;
#2432 = ORIENTED_EDGE ( 'NONE', *, *, #2920, .F. ) ;
#2433 = VERTEX_POINT ( 'NONE', #1938 ) ;
#2434 = DIRECTION ( 'NONE',  ( -0.000000000000000000, -1.000000000000000000, 7.379191939847947013E-17 ) ) ;
#2435 = STYLED_ITEM ( 'NONE', ( #3178 ), #2586 ) ;
#2436 = UNCERTAINTY_MEASURE_WITH_UNIT (LENGTH_MEASURE( 1.000000000000000082E-05 ), #2572, 'distance_accuracy_value', 'NONE');
#2437 = PRESENTATION_STYLE_ASSIGNMENT (( #1252 ) ) ;
#2438 = EDGE_LOOP ( 'NONE', ( #786, #1357, #1177, #2249, #2344, #658, #1615, #1867, #2347, #3041 ) ) ;
#2439 = LINE ( 'NONE', #1500, #3125 ) ;
#2440 = ADVANCED_FACE ( 'NONE', ( #2856 ), #1403, .T. ) ;
#2441 = PLANE ( 'NONE',  #1432 ) ;
#2442 = ADVANCED_FACE ( 'NONE', ( #512 ), #1999, .F. ) ;
#2443 = SURFACE_STYLE_FILL_AREA ( #3180 ) ;
#2444 = SURFACE_STYLE_FILL_AREA ( #2736 ) ;
#2445 = AXIS2_PLACEMENT_3D ( 'NONE', #1757, #805, #1080 ) ;
#2446 =( NAMED_UNIT ( * ) SI_UNIT ( $, .STERADIAN. ) SOLID_ANGLE_UNIT ( ) );
#2447 = ORIENTED_EDGE ( 'NONE', *, *, #1229, .F. ) ;
#2448 = VECTOR ( 'NONE', #526, 1000.000000000000000 ) ;
#2449 = PRESENTATION_LAYER_ASSIGNMENT (  '', '', ( #1063 ) ) ;
#2450 = ORIENTED_EDGE ( 'NONE', *, *, #245, .F. ) ;
#2451 = CARTESIAN_POINT ( 'NONE',  ( 0.000000000000000000, -1.385196573203008930, 1.001146500595813351E-16 ) ) ;
#2452 =( LENGTH_UNIT ( ) NAMED_UNIT ( * ) SI_UNIT ( .MILLI., .METRE. ) );
#2453 = VERTEX_POINT ( 'NONE', #2969 ) ;
#2454 = VECTOR ( 'NONE', #2301, 1000.000000000000000 ) ;
#2455 = VECTOR ( 'NONE', #1348, 1000.000000000000000 ) ;
#2456 = SURFACE_STYLE_FILL_AREA ( #266 ) ;
#2457 = DIRECTION ( 'NONE',  ( -1.000000000000000000, 0.000000000000000000, -0.000000000000000000 ) ) ;
#2458 = EDGE_CURVE ( 'NONE', #2861, #1133, #2952, .T. ) ;
#2459 =( GEOMETRIC_REPRESENTATION_CONTEXT ( 3 ) GLOBAL_UNCERTAINTY_ASSIGNED_CONTEXT ( ( #2026 ) ) GLOBAL_UNIT_ASSIGNED_CONTEXT ( ( #1979, #1270, #13 ) ) REPRESENTATION_CONTEXT ( 'NONE', 'WORKASPACE' ) );
#2460 = CARTESIAN_POINT ( 'NONE',  ( -13.08000000000000362, 0.2000000000000008438, -14.86415607913129477 ) ) ;
#2461 =( NAMED_UNIT ( * ) SI_UNIT ( $, .STERADIAN. ) SOLID_ANGLE_UNIT ( ) );
#2462 = STYLED_ITEM ( 'NONE', ( #2175 ), #477 ) ;
#2463 = VECTOR ( 'NONE', #1168, 1000.000000000000000 ) ;
#2464 = SURFACE_SIDE_STYLE ('',( #224 ) ) ;
#2465 = CARTESIAN_POINT ( 'NONE',  ( -11.69999999999999574, 1.500000000000000000, -10.11999999999999744 ) ) ;
#2466 = ORIENTED_EDGE ( 'NONE', *, *, #491, .F. ) ;
#2467 = ORIENTED_EDGE ( 'NONE', *, *, #2069, .T. ) ;
#2468 = FACE_OUTER_BOUND ( 'NONE', #2746, .T. ) ;
#2469 = EDGE_LOOP ( 'NONE', ( #1097, #153, #95, #2330 ) ) ;
#2470 = DIRECTION ( 'NONE',  ( 0.000000000000000000, -7.379191939847947013E-17, -1.000000000000000000 ) ) ;
#2471 = CARTESIAN_POINT ( 'NONE',  ( -0.2900000000000064193, -1.390196573203009045, -3.109999999999999876 ) ) ;
#2472 = FACE_OUTER_BOUND ( 'NONE', #2438, .T. ) ;
#2473 = CARTESIAN_POINT ( 'NONE',  ( -6.240000000000002878, -1.390196573203009045, -3.109999999999999876 ) ) ;
#2474 = SURFACE_STYLE_FILL_AREA ( #2428 ) ;
#2475 = DIRECTION ( 'NONE',  ( 0.000000000000000000, 7.228014483236695816E-17, 1.000000000000000000 ) ) ;
#2476 = FACE_OUTER_BOUND ( 'NONE', #1809, .T. ) ;
#2477 = ORIENTED_EDGE ( 'NONE', *, *, #1452, .T. ) ;
#2478 = FILL_AREA_STYLE_COLOUR ( '', #2902 ) ;
#2479 = MECHANICAL_DESIGN_GEOMETRIC_PRESENTATION_REPRESENTATION (  '', ( #2090 ), #2937 ) ;
#2480 = UNCERTAINTY_MEASURE_WITH_UNIT (LENGTH_MEASURE( 1.000000000000000082E-05 ), #600, 'distance_accuracy_value', 'NONE');
#2481 = VERTEX_POINT ( 'NONE', #1773 ) ;
#2482 = CARTESIAN_POINT ( 'NONE',  ( -11.69999999999999574, 1.500000000000000000, -10.11999999999999744 ) ) ;
#2483 = STYLED_ITEM ( 'NONE', ( #1526 ), #2743 ) ;
#2484 = ORIENTED_EDGE ( 'NONE', *, *, #236, .F. ) ;
#2485 = CARTESIAN_POINT ( 'NONE',  ( -1.340000000000004299, -1.390196573203009045, -3.109999999999999876 ) ) ;
#2486 =( NAMED_UNIT ( * ) PLANE_ANGLE_UNIT ( ) SI_UNIT ( $, .RADIAN. ) );
#2487 = STYLED_ITEM ( 'NONE', ( #1433 ), #2845 ) ;
#2488 = DIRECTION ( 'NONE',  ( 0.000000000000000000, 1.000000000000000000, -0.000000000000000000 ) ) ;
#2489 = PLANE ( 'NONE',  #1105 ) ;
#2490 = EDGE_LOOP ( 'NONE', ( #1315, #568, #3052, #2987 ) ) ;
#2491 = EDGE_CURVE ( 'NONE', #3111, #771, #744, .T. ) ;
#2492 = EDGE_CURVE ( 'NONE', #1638, #3171, #2935, .T. ) ;
#2493 = FILL_AREA_STYLE ('',( #1107 ) ) ;
#2494 = EDGE_CURVE ( 'NONE', #1572, #1970, #2015, .T. ) ;
#2495 = STYLED_ITEM ( 'NONE', ( #1766 ), #1603 ) ;
#2496 = DIRECTION ( 'NONE',  ( -0.000000000000000000, -1.000000000000000000, 7.379191939847947013E-17 ) ) ;
#2497 = ORIENTED_EDGE ( 'NONE', *, *, #2304, .T. ) ;
#2498 = MECHANICAL_DESIGN_GEOMETRIC_PRESENTATION_REPRESENTATION (  '', ( #442 ), #1277 ) ;
#2499 = UNCERTAINTY_MEASURE_WITH_UNIT (LENGTH_MEASURE( 1.000000000000000082E-05 ), #987, 'distance_accuracy_value', 'NONE');
#2500 = SURFACE_SIDE_STYLE ('',( #2456 ) ) ;
#2501 = ORIENTED_EDGE ( 'NONE', *, *, #2638, .F. ) ;
#2502 = FILL_AREA_STYLE ('',( #2980 ) ) ;
#2503 = CYLINDRICAL_SURFACE ( 'NONE', #3122, 0.9999999999999991118 ) ;
#2504 = DIRECTION ( 'NONE',  ( 0.000000000000000000, 1.000000000000000000, -0.000000000000000000 ) ) ;
#2505 = VERTEX_POINT ( 'NONE', #16 ) ;
#2506 = LINE ( 'NONE', #2927, #2424 ) ;
#2507 = CARTESIAN_POINT ( 'NONE',  ( -2.740000000000003766, -1.385196573203009374, -6.110000000000000320 ) ) ;
#2508 = ORIENTED_EDGE ( 'NONE', *, *, #2867, .F. ) ;
#2509 = CARTESIAN_POINT ( 'NONE',  ( -1.690000000000003944, -1.390196573203009267, -6.110000000000000320 ) ) ;
#2510 = ORIENTED_EDGE ( 'NONE', *, *, #893, .T. ) ;
#2511 = LINE ( 'NONE', #2482, #274 ) ;
#2512 = CARTESIAN_POINT ( 'NONE',  ( -6.240000000000002878, -1.390196573203009267, -6.110000000000000320 ) ) ;
#2513 = ORIENTED_EDGE ( 'NONE', *, *, #259, .T. ) ;
#2514 =( NAMED_UNIT ( * ) SI_UNIT ( $, .STERADIAN. ) SOLID_ANGLE_UNIT ( ) );
#2515 = FILL_AREA_STYLE_COLOUR ( '', #2052 ) ;
#2516 = EDGE_CURVE ( 'NONE', #1978, #100, #1725, .T. ) ;
#2517 = VECTOR ( 'NONE', #2047, 1000.000000000000000 ) ;
#2518 =( LENGTH_UNIT ( ) NAMED_UNIT ( * ) SI_UNIT ( .MILLI., .METRE. ) );
#2519 = ORIENTED_EDGE ( 'NONE', *, *, #1941, .T. ) ;
#2520 = VECTOR ( 'NONE', #437, 1000.000000000000000 ) ;
#2521 = SURFACE_STYLE_USAGE ( .BOTH. , #2555 ) ;
#2522 = PRESENTATION_STYLE_ASSIGNMENT (( #1859 ) ) ;
#2523 = EDGE_CURVE ( 'NONE', #2085, #232, #2721, .T. ) ;
#2524 = VERTEX_POINT ( 'NONE', #1520 ) ;
#2525 = DIRECTION ( 'NONE',  ( 0.000000000000000000, -7.228014483236695816E-17, -1.000000000000000000 ) ) ;
#2526 = CARTESIAN_POINT ( 'NONE',  ( -6.240000000000002878, -1.385196573203009152, -3.109999999999999876 ) ) ;
#2527 = DIRECTION ( 'NONE',  ( 1.000000000000000000, 0.000000000000000000, 0.000000000000000000 ) ) ;
#2528 = ORIENTED_EDGE ( 'NONE', *, *, #3099, .T. ) ;
#2529 = VECTOR ( 'NONE', #1636, 1000.000000000000000 ) ;
#2530 = CARTESIAN_POINT ( 'NONE',  ( -12.08000000000000362, -1.390196573203009267, -7.110000000000000320 ) ) ;
#2531 = MECHANICAL_DESIGN_GEOMETRIC_PRESENTATION_REPRESENTATION (  '', ( #2 ), #846 ) ;
#2532 = SURFACE_SIDE_STYLE ('',( #837 ) ) ;
#2533 =( GEOMETRIC_REPRESENTATION_CONTEXT ( 3 ) GLOBAL_UNCERTAINTY_ASSIGNED_CONTEXT ( ( #2185 ) ) GLOBAL_UNIT_ASSIGNED_CONTEXT ( ( #2320, #1384, #128 ) ) REPRESENTATION_CONTEXT ( 'NONE', 'WORKASPACE' ) );
#2534 = ORIENTED_EDGE ( 'NONE', *, *, #1212, .T. ) ;
#2535 = VECTOR ( 'NONE', #1558, 1000.000000000000000 ) ;
#2536 = DIRECTION ( 'NONE',  ( -0.000000000000000000, -1.000000000000000000, -0.000000000000000000 ) ) ;
#2537 = ORIENTED_EDGE ( 'NONE', *, *, #700, .F. ) ;
#2538 = ADVANCED_FACE ( 'NONE', ( #283 ), #493, .F. ) ;
#2539 = VECTOR ( 'NONE', #1213, 1000.000000000000000 ) ;
#2540 = FILL_AREA_STYLE ('',( #383 ) ) ;
#2541 = PLANE ( 'NONE',  #1013 ) ;
#2542 = SURFACE_STYLE_USAGE ( .BOTH. , #1142 ) ;
#2543 = ORIENTED_EDGE ( 'NONE', *, *, #962, .T. ) ;
#2544 = DIRECTION ( 'NONE',  ( -2.891205793294678326E-16, 7.228014483236695816E-17, 1.000000000000000000 ) ) ;
#2545 = ORIENTED_EDGE ( 'NONE', *, *, #8, .F. ) ;
#2546 = DIRECTION ( 'NONE',  ( -1.000000000000000000, -0.000000000000000000, -0.000000000000000000 ) ) ;
#2547 = VERTEX_POINT ( 'NONE', #1996 ) ;
#2548 = COLOUR_RGB ( '',1.000000000000000000, 0.8901960784313724950, 0.000000000000000000 ) ;
#2549 = MECHANICAL_DESIGN_GEOMETRIC_PRESENTATION_REPRESENTATION (  '', ( #758 ), #481 ) ;
#2550 = FACE_OUTER_BOUND ( 'NONE', #2738, .T. ) ;
#2551 = DIRECTION ( 'NONE',  ( 1.000000000000000000, 0.000000000000000000, -0.000000000000000000 ) ) ;
#2552 = VERTEX_POINT ( 'NONE', #2188 ) ;
#2553 = STYLED_ITEM ( 'NONE', ( #1276 ), #1176 ) ;
#2554 = ORIENTED_EDGE ( 'NONE', *, *, #2174, .F. ) ;
#2555 = SURFACE_SIDE_STYLE ('',( #841 ) ) ;
#2556 = EDGE_CURVE ( 'NONE', #1957, #2568, #220, .T. ) ;
#2557 = LINE ( 'NONE', #373, #1247 ) ;
#2558 = CIRCLE ( 'NONE', #1184, 1.000000000000000000 ) ;
#2559 = FILL_AREA_STYLE ('',( #1601 ) ) ;
#2560 = ORIENTED_EDGE ( 'NONE', *, *, #1401, .T. ) ;
#2561 = LINE ( 'NONE', #1554, #2423 ) ;
#2562 = VECTOR ( 'NONE', #2622, 1000.000000000000000 ) ;
#2563 = ORIENTED_EDGE ( 'NONE', *, *, #2923, .T. ) ;
#2564 = DIRECTION ( 'NONE',  ( -0.000000000000000000, -1.000000000000000000, 7.379191939847947013E-17 ) ) ;
#2565 = EDGE_LOOP ( 'NONE', ( #466, #2892, #1072, #1837 ) ) ;
#2566 = DIRECTION ( 'NONE',  ( 1.000000000000000000, 0.000000000000000000, 0.000000000000000000 ) ) ;
#2567 =( NAMED_UNIT ( * ) PLANE_ANGLE_UNIT ( ) SI_UNIT ( $, .RADIAN. ) );
#2568 = VERTEX_POINT ( 'NONE', #2231 ) ;
#2569 = LINE ( 'NONE', #616, #1233 ) ;
#2570 =( NAMED_UNIT ( * ) SI_UNIT ( $, .STERADIAN. ) SOLID_ANGLE_UNIT ( ) );
#2571 = VERTEX_POINT ( 'NONE', #1199 ) ;
#2572 =( LENGTH_UNIT ( ) NAMED_UNIT ( * ) SI_UNIT ( .MILLI., .METRE. ) );
#2573 = VECTOR ( 'NONE', #299, 1000.000000000000000 ) ;
#2574 = SURFACE_STYLE_FILL_AREA ( #93 ) ;
#2575 = PLANE ( 'NONE',  #608 ) ;
#2576 = STYLED_ITEM ( 'NONE', ( #2321 ), #2350 ) ;
#2577 =( NAMED_UNIT ( * ) PLANE_ANGLE_UNIT ( ) SI_UNIT ( $, .RADIAN. ) );
#2578 = UNCERTAINTY_MEASURE_WITH_UNIT (LENGTH_MEASURE( 1.000000000000000082E-05 ), #2675, 'distance_accuracy_value', 'NONE');
#2579 = EDGE_CURVE ( 'NONE', #2974, #84, #2895, .T. ) ;
#2580 = LINE ( 'NONE', #3025, #2607 ) ;
#2581 = ADVANCED_FACE ( 'NONE', ( #2948 ), #2218, .F. ) ;
#2582 = ORIENTED_EDGE ( 'NONE', *, *, #2326, .F. ) ;
#2583 = ORIENTED_EDGE ( 'NONE', *, *, #816, .T. ) ;
#2584 = SURFACE_STYLE_USAGE ( .BOTH. , #1130 ) ;
#2585 = CARTESIAN_POINT ( 'NONE',  ( -12.08000000000000362, -1.390196573203009267, -6.110000000000000320 ) ) ;
#2586 = ADVANCED_FACE ( 'NONE', ( #470 ), #2177, .F. ) ;
#2587 = EDGE_LOOP ( 'NONE', ( #2519, #1536, #3038, #1714 ) ) ;
#2588 = FACE_OUTER_BOUND ( 'NONE', #1195, .T. ) ;
#2589 = DIRECTION ( 'NONE',  ( 1.000000000000000000, 0.000000000000000000, 0.000000000000000000 ) ) ;
#2590 = DIRECTION ( 'NONE',  ( 0.000000000000000000, 1.000000000000000000, -7.379191939847947013E-17 ) ) ;
#2591 =( NAMED_UNIT ( * ) PLANE_ANGLE_UNIT ( ) SI_UNIT ( $, .RADIAN. ) );
#2592 = DIRECTION ( 'NONE',  ( -0.000000000000000000, 0.000000000000000000, 1.000000000000000000 ) ) ;
#2593 = LINE ( 'NONE', #2111, #3170 ) ;
#2594 = LINE ( 'NONE', #1620, #1552 ) ;
#2595 = SURFACE_STYLE_FILL_AREA ( #1390 ) ;
#2596 = EDGE_CURVE ( 'NONE', #2719, #1145, #3159, .T. ) ;
#2597 = ORIENTED_EDGE ( 'NONE', *, *, #1376, .T. ) ;
#2598 = ORIENTED_EDGE ( 'NONE', *, *, #577, .F. ) ;
#2599 = EDGE_CURVE ( 'NONE', #1146, #350, #291, .T. ) ;
#2600 =( NAMED_UNIT ( * ) PLANE_ANGLE_UNIT ( ) SI_UNIT ( $, .RADIAN. ) );
#2601 = CARTESIAN_POINT ( 'NONE',  ( 0.05999999999999495320, -1.390196573203009045, -3.109999999999999876 ) ) ;
#2602 = ORIENTED_EDGE ( 'NONE', *, *, #1941, .F. ) ;
#2603 = LINE ( 'NONE', #1834, #1327 ) ;
#2604 = VECTOR ( 'NONE', #1117, 1000.000000000000000 ) ;
#2605 = CARTESIAN_POINT ( 'NONE',  ( -0.2900000000000064193, -1.385196573203009152, -3.109999999999999876 ) ) ;
#2606 = PRODUCT_DEFINITION_CONTEXT ( 'detailed design', #1617, 'design' ) ;
#2607 = VECTOR ( 'NONE', #1317, 1000.000000000000000 ) ;
#2608 = DIRECTION ( 'NONE',  ( -1.000000000000000000, 0.000000000000000000, 0.000000000000000000 ) ) ;
#2609 = FILL_AREA_STYLE_COLOUR ( '', #865 ) ;
#2610 = DIRECTION ( 'NONE',  ( 0.000000000000000000, 1.000000000000000000, -7.379191939847947013E-17 ) ) ;
#2611 = VECTOR ( 'NONE', #355, 1000.000000000000000 ) ;
#2612 = LINE ( 'NONE', #1406, #590 ) ;
#2613 = CARTESIAN_POINT ( 'NONE',  ( -0.9900000000000047651, -1.385196573203009374, -6.110000000000000320 ) ) ;
#2614 =( GEOMETRIC_REPRESENTATION_CONTEXT ( 3 ) GLOBAL_UNCERTAINTY_ASSIGNED_CONTEXT ( ( #2977 ) ) GLOBAL_UNIT_ASSIGNED_CONTEXT ( ( #3046, #613, #1670 ) ) REPRESENTATION_CONTEXT ( 'NONE', 'WORKASPACE' ) );
#2615 = ORIENTED_EDGE ( 'NONE', *, *, #2954, .F. ) ;
#2616 = VERTEX_POINT ( 'NONE', #1095 ) ;
#2617 = CARTESIAN_POINT ( 'NONE',  ( 25.72960514313748348, -1.190196573203009089, -3.109999999999999876 ) ) ;
#2618 = LINE ( 'NONE', #1931, #2264 ) ;
#2619 = DIRECTION ( 'NONE',  ( -0.000000000000000000, -1.000000000000000000, 7.379191939847947013E-17 ) ) ;
#2620 = PLANE ( 'NONE',  #3019 ) ;
#2621 = LINE ( 'NONE', #3135, #495 ) ;
#2622 = DIRECTION ( 'NONE',  ( -0.000000000000000000, -1.000000000000000000, 7.379191939847947013E-17 ) ) ;
#2623 = COLOUR_RGB ( '',0.4039215686274509887, 0.3176470588235293935, 0.000000000000000000 ) ;
#2624 =( NAMED_UNIT ( * ) SI_UNIT ( $, .STERADIAN. ) SOLID_ANGLE_UNIT ( ) );
#2625 = PRESENTATION_LAYER_ASSIGNMENT (  '', '', ( #2261 ) ) ;
#2626 = EDGE_CURVE ( 'NONE', #2713, #2908, #2009, .T. ) ;
#2627 = ORIENTED_EDGE ( 'NONE', *, *, #1330, .F. ) ;
#2628 = ORIENTED_EDGE ( 'NONE', *, *, #217, .T. ) ;
#2629 = DIRECTION ( 'NONE',  ( -0.000000000000000000, -1.000000000000000000, 7.379191939847947013E-17 ) ) ;
#2630 = CARTESIAN_POINT ( 'NONE',  ( 0.000000000000000000, 0.000000000000000000, 0.000000000000000000 ) ) ;
#2631 = FILL_AREA_STYLE ('',( #2868 ) ) ;
#2632 = DIRECTION ( 'NONE',  ( -0.000000000000000000, -1.000000000000000000, 7.379191939847947013E-17 ) ) ;
#2633 = STYLED_ITEM ( 'NONE', ( #1508 ), #932 ) ;
#2634 = ADVANCED_FACE ( 'NONE', ( #2081 ), #2975, .T. ) ;
#2635 = CARTESIAN_POINT ( 'NONE',  ( 11.70000000000000284, 1.500000000000000000, 13.27999999999999936 ) ) ;
#2636 = EDGE_CURVE ( 'NONE', #3001, #1496, #66, .T. ) ;
#2637 = AXIS2_PLACEMENT_3D ( 'NONE', #1448, #159, #1152 ) ;
#2638 = EDGE_CURVE ( 'NONE', #1145, #1480, #2252, .T. ) ;
#2639 = LINE ( 'NONE', #686, #2780 ) ;
#2640 = ORIENTED_EDGE ( 'NONE', *, *, #411, .T. ) ;
#2641 = PRESENTATION_LAYER_ASSIGNMENT (  '', '', ( #2487 ) ) ;
#2642 = ORIENTED_EDGE ( 'NONE', *, *, #1507, .F. ) ;
#2643 = DIRECTION ( 'NONE',  ( 0.000000000000000000, 5.421010862427522170E-17, 1.000000000000000000 ) ) ;
#2644 = SURFACE_SIDE_STYLE ('',( #1672 ) ) ;
#2645 = LINE ( 'NONE', #2204, #276 ) ;
#2646 = SURFACE_STYLE_FILL_AREA ( #3148 ) ;
#2647 = DIRECTION ( 'NONE',  ( -1.000000000000000000, 0.000000000000000000, -0.000000000000000000 ) ) ;
#2648 =( GEOMETRIC_REPRESENTATION_CONTEXT ( 3 ) GLOBAL_UNCERTAINTY_ASSIGNED_CONTEXT ( ( #2499 ) ) GLOBAL_UNIT_ASSIGNED_CONTEXT ( ( #987, #784, #1240 ) ) REPRESENTATION_CONTEXT ( 'NONE', 'WORKASPACE' ) );
#2649 = DIRECTION ( 'NONE',  ( 0.000000000000000000, 1.000000000000000000, -7.379191939847947013E-17 ) ) ;
#2650 = EDGE_CURVE ( 'NONE', #154, #1883, #2511, .T. ) ;
#2651 = LINE ( 'NONE', #2166, #2529 ) ;
#2652 = PLANE ( 'NONE',  #1343 ) ;
#2653 = ORIENTED_EDGE ( 'NONE', *, *, #451, .F. ) ;
#2654 = VERTEX_POINT ( 'NONE', #1053 ) ;
#2655 =( NAMED_UNIT ( * ) SI_UNIT ( $, .STERADIAN. ) SOLID_ANGLE_UNIT ( ) );
#2656 = DIRECTION ( 'NONE',  ( -0.000000000000000000, -0.000000000000000000, 1.000000000000000000 ) ) ;
#2657 = VECTOR ( 'NONE', #226, 1000.000000000000000 ) ;
#2658 = UNCERTAINTY_MEASURE_WITH_UNIT (LENGTH_MEASURE( 1.000000000000000082E-05 ), #1475, 'distance_accuracy_value', 'NONE');
#2659 =( GEOMETRIC_REPRESENTATION_CONTEXT ( 3 ) GLOBAL_UNCERTAINTY_ASSIGNED_CONTEXT ( ( #2242 ) ) GLOBAL_UNIT_ASSIGNED_CONTEXT ( ( #1422, #641, #1157 ) ) REPRESENTATION_CONTEXT ( 'NONE', 'WORKASPACE' ) );
#2660 =( LENGTH_UNIT ( ) NAMED_UNIT ( * ) SI_UNIT ( .MILLI., .METRE. ) );
#2661 = DIRECTION ( 'NONE',  ( -0.000000000000000000, 0.000000000000000000, 1.000000000000000000 ) ) ;
#2662 = SURFACE_STYLE_FILL_AREA ( #1955 ) ;
#2663 = STYLED_ITEM ( 'NONE', ( #2364 ), #2288 ) ;
#2664 = LINE ( 'NONE', #151, #1158 ) ;
#2665 = COLOUR_RGB ( '',0.4039215686274509887, 0.3176470588235293935, 0.000000000000000000 ) ;
#2666 = PRESENTATION_LAYER_ASSIGNMENT (  '', '', ( #2576 ) ) ;
#2667 = VERTEX_POINT ( 'NONE', #1021 ) ;
#2668 = EDGE_CURVE ( 'NONE', #2117, #2667, #2142, .T. ) ;
#2669 = ORIENTED_EDGE ( 'NONE', *, *, #2869, .T. ) ;
#2670 = MECHANICAL_DESIGN_GEOMETRIC_PRESENTATION_REPRESENTATION (  '', ( #2171 ), #2016 ) ;
#2671 = SURFACE_STYLE_USAGE ( .BOTH. , #1264 ) ;
#2672 =( GEOMETRIC_REPRESENTATION_CONTEXT ( 3 ) GLOBAL_UNCERTAINTY_ASSIGNED_CONTEXT ( ( #1751 ) ) GLOBAL_UNIT_ASSIGNED_CONTEXT ( ( #1700, #2740, #467 ) ) REPRESENTATION_CONTEXT ( 'NONE', 'WORKASPACE' ) );
#2673 = EDGE_CURVE ( 'NONE', #435, #1592, #2760, .T. ) ;
#2674 =( LENGTH_UNIT ( ) NAMED_UNIT ( * ) SI_UNIT ( .MILLI., .METRE. ) );
#2675 =( LENGTH_UNIT ( ) NAMED_UNIT ( * ) SI_UNIT ( .MILLI., .METRE. ) );
#2676 =( NAMED_UNIT ( * ) SI_UNIT ( $, .STERADIAN. ) SOLID_ANGLE_UNIT ( ) );
#2677 = DIRECTION ( 'NONE',  ( -0.000000000000000000, -1.000000000000000000, 7.379191939847947013E-17 ) ) ;
#2678 = DIRECTION ( 'NONE',  ( 1.000000000000000000, 0.000000000000000000, 0.000000000000000000 ) ) ;
#2679 = CARTESIAN_POINT ( 'NONE',  ( 11.70000000000000284, 1.399999999999999911, 13.27999999999999936 ) ) ;
#2680 = CARTESIAN_POINT ( 'NONE',  ( 2.779999999999997584, -1.390196573203009045, -3.109999999999999876 ) ) ;
#2681 = SURFACE_STYLE_USAGE ( .BOTH. , #2246 ) ;
#2682 = AXIS2_PLACEMENT_3D ( 'NONE', #545, #1712, #2475 ) ;
#2683 = DIRECTION ( 'NONE',  ( 1.000000000000000000, 2.133476248632177812E-32, 2.891205793294678819E-16 ) ) ;
#2684 = STYLED_ITEM ( 'NONE', ( #1842 ), #718 ) ;
#2685 = ORIENTED_EDGE ( 'NONE', *, *, #1643, .F. ) ;
#2686 = ORIENTED_EDGE ( 'NONE', *, *, #2254, .F. ) ;
#2687 = DIRECTION ( 'NONE',  ( 1.000000000000000000, 2.133476248632177812E-32, 2.891205793294678819E-16 ) ) ;
#2688 = EDGE_CURVE ( 'NONE', #1145, #1031, #2781, .T. ) ;
#2689 = VECTOR ( 'NONE', #776, 1000.000000000000000 ) ;
#2690 = EDGE_CURVE ( 'NONE', #2726, #1005, #1542, .T. ) ;
#2691 = ORIENTED_EDGE ( 'NONE', *, *, #1175, .F. ) ;
#2692 = VECTOR ( 'NONE', #2496, 1000.000000000000000 ) ;
#2693 = CARTESIAN_POINT ( 'NONE',  ( -0.2900000000000064193, -1.385196573203009152, -3.109999999999999876 ) ) ;
#2694 = DIRECTION ( 'NONE',  ( 0.000000000000000000, 0.000000000000000000, 1.000000000000000000 ) ) ;
#2695 = CARTESIAN_POINT ( 'NONE',  ( -5.190000000000003055, -1.385196573203009374, -6.110000000000000320 ) ) ;
#2696 = LINE ( 'NONE', #1490, #44 ) ;
#2697 = VECTOR ( 'NONE', #2619, 1000.000000000000000 ) ;
#2698 = EDGE_LOOP ( 'NONE', ( #406, #1756, #2832, #1517 ) ) ;
#2699 = VECTOR ( 'NONE', #2999, 1000.000000000000000 ) ;
#2700 = VECTOR ( 'NONE', #2434, 1000.000000000000000 ) ;
#2701 = ORIENTED_EDGE ( 'NONE', *, *, #1375, .F. ) ;
#2702 = UNCERTAINTY_MEASURE_WITH_UNIT (LENGTH_MEASURE( 1.000000000000000082E-05 ), #1705, 'distance_accuracy_value', 'NONE');
#2703 =( NAMED_UNIT ( * ) SI_UNIT ( $, .STERADIAN. ) SOLID_ANGLE_UNIT ( ) );
#2704 = ORIENTED_EDGE ( 'NONE', *, *, #2106, .F. ) ;
#2705 =( GEOMETRIC_REPRESENTATION_CONTEXT ( 3 ) GLOBAL_UNCERTAINTY_ASSIGNED_CONTEXT ( ( #1185 ) ) GLOBAL_UNIT_ASSIGNED_CONTEXT ( ( #1363, #328, #1835 ) ) REPRESENTATION_CONTEXT ( 'NONE', 'WORKASPACE' ) );
#2706 = DIRECTION ( 'NONE',  ( 1.000000000000000000, 2.133476248632177812E-32, 2.891205793294678819E-16 ) ) ;
#2707 = DIRECTION ( 'NONE',  ( 0.000000000000000000, 0.000000000000000000, 1.000000000000000000 ) ) ;
#2708 = SURFACE_SIDE_STYLE ('',( #2443 ) ) ;
#2709 = VECTOR ( 'NONE', #931, 1000.000000000000000 ) ;
#2710 = PRESENTATION_LAYER_ASSIGNMENT (  '', '', ( #1749 ) ) ;
#2711 = CARTESIAN_POINT ( 'NONE',  ( 13.07999999999999652, 0.000000000000000000, 14.60999999999999943 ) ) ;
#2712 = CYLINDRICAL_SURFACE ( 'NONE', #556, 1.000000000000000000 ) ;
#2713 = VERTEX_POINT ( 'NONE', #787 ) ;
#2714 = CARTESIAN_POINT ( 'NONE',  ( -5.540000000000002700, -1.385196573203009152, -3.109999999999999876 ) ) ;
#2715 = ORIENTED_EDGE ( 'NONE', *, *, #1046, .F. ) ;
#2716 = DIRECTION ( 'NONE',  ( 0.000000000000000000, 0.000000000000000000, 1.000000000000000000 ) ) ;
#2717 =( GEOMETRIC_REPRESENTATION_CONTEXT ( 3 ) GLOBAL_UNCERTAINTY_ASSIGNED_CONTEXT ( ( #519 ) ) GLOBAL_UNIT_ASSIGNED_CONTEXT ( ( #2879, #735, #1468 ) ) REPRESENTATION_CONTEXT ( 'NONE', 'WORKASPACE' ) );
#2718 = SURFACE_STYLE_USAGE ( .BOTH. , #2220 ) ;
#2719 = VERTEX_POINT ( 'NONE', #853 ) ;
#2720 = DIRECTION ( 'NONE',  ( -1.000000000000000000, 0.000000000000000000, 0.000000000000000000 ) ) ;
#2721 = LINE ( 'NONE', #2680, #2941 ) ;
#2722 = EDGE_CURVE ( 'NONE', #31, #465, #1575, .T. ) ;
#2723 = EDGE_CURVE ( 'NONE', #87, #1026, #745, .T. ) ;
#2724 = EDGE_CURVE ( 'NONE', #3007, #1031, #1814, .T. ) ;
#2725 = SURFACE_STYLE_FILL_AREA ( #2003 ) ;
#2726 = VERTEX_POINT ( 'NONE', #2314 ) ;
#2727 =( NAMED_UNIT ( * ) SI_UNIT ( $, .STERADIAN. ) SOLID_ANGLE_UNIT ( ) );
#2728 =( NAMED_UNIT ( * ) SI_UNIT ( $, .STERADIAN. ) SOLID_ANGLE_UNIT ( ) );
#2729 = ORIENTED_EDGE ( 'NONE', *, *, #1497, .T. ) ;
#2730 = CARTESIAN_POINT ( 'NONE',  ( 25.72960514313748348, -1.390196573203009045, -3.109999999999999876 ) ) ;
#2731 = AXIS2_PLACEMENT_3D ( 'NONE', #1006, #2961, #457 ) ;
#2732 = VERTEX_POINT ( 'NONE', #2290 ) ;
#2733 =( NAMED_UNIT ( * ) PLANE_ANGLE_UNIT ( ) SI_UNIT ( $, .RADIAN. ) );
#2734 = VECTOR ( 'NONE', #3146, 1000.000000000000000 ) ;
#2735 = APPLICATION_CONTEXT ( 'automotive_design' ) ;
#2736 = FILL_AREA_STYLE ('',( #1275 ) ) ;
#2737 =( NAMED_UNIT ( * ) PLANE_ANGLE_UNIT ( ) SI_UNIT ( $, .RADIAN. ) );
#2738 = EDGE_LOOP ( 'NONE', ( #2093, #2642, #614, #2785 ) ) ;
#2739 = PRESENTATION_LAYER_ASSIGNMENT (  '', '', ( #387 ) ) ;
#2740 =( NAMED_UNIT ( * ) PLANE_ANGLE_UNIT ( ) SI_UNIT ( $, .RADIAN. ) );
#2741 = SURFACE_STYLE_USAGE ( .BOTH. , #2464 ) ;
#2742 = ORIENTED_EDGE ( 'NONE', *, *, #1212, .F. ) ;
#2743 = ADVANCED_FACE ( 'NONE', ( #2550 ), #47, .F. ) ;
#2744 =( GEOMETRIC_REPRESENTATION_CONTEXT ( 3 ) GLOBAL_UNCERTAINTY_ASSIGNED_CONTEXT ( ( #537 ) ) GLOBAL_UNIT_ASSIGNED_CONTEXT ( ( #97, #798, #2285 ) ) REPRESENTATION_CONTEXT ( 'NONE', 'WORKASPACE' ) );
#2745 = DIRECTION ( 'NONE',  ( 1.000000000000000000, 2.133476248632177812E-32, 2.891205793294678819E-16 ) ) ;
#2746 = EDGE_LOOP ( 'NONE', ( #1016, #3034, #866, #2467 ) ) ;
#2747 = UNCERTAINTY_MEASURE_WITH_UNIT (LENGTH_MEASURE( 1.000000000000000082E-05 ), #2291, 'distance_accuracy_value', 'NONE');
#2748 = VERTEX_POINT ( 'NONE', #2815 ) ;
#2749 = DIRECTION ( 'NONE',  ( 0.000000000000000000, -1.000000000000000000, 0.000000000000000000 ) ) ;
#2750 = PRESENTATION_LAYER_ASSIGNMENT (  '', '', ( #961 ) ) ;
#2751 = FACE_OUTER_BOUND ( 'NONE', #1553, .T. ) ;
#2752 = LINE ( 'NONE', #571, #2573 ) ;
#2753 = VERTEX_POINT ( 'NONE', #2363 ) ;
#2754 = DIRECTION ( 'NONE',  ( -0.000000000000000000, 1.000000000000000000, -0.000000000000000000 ) ) ;
#2755 = VECTOR ( 'NONE', #882, 1000.000000000000000 ) ;
#2756 = LINE ( 'NONE', #302, #117 ) ;
#2757 = ORIENTED_EDGE ( 'NONE', *, *, #824, .T. ) ;
#2758 = CARTESIAN_POINT ( 'NONE',  ( -1.690000000000004832, -1.390196573203009045, -3.109999999999999876 ) ) ;
#2759 = EDGE_LOOP ( 'NONE', ( #1482, #250, #1654, #1566 ) ) ;
#2760 = LINE ( 'NONE', #2063, #3152 ) ;
#2761 = EDGE_CURVE ( 'NONE', #480, #755, #1613, .T. ) ;
#2762 = CARTESIAN_POINT ( 'NONE',  ( 0.000000000000000000, -1.385196573203008930, 1.001146500595813351E-16 ) ) ;
#2763 = ADVANCED_FACE ( 'NONE', ( #1903 ), #392, .F. ) ;
#2764 = VERTEX_POINT ( 'NONE', #2115 ) ;
#2765 = FILL_AREA_STYLE ('',( #1545 ) ) ;
#2766 = AXIS2_PLACEMENT_3D ( 'NONE', #3165, #475, #977 ) ;
#2767 = VECTOR ( 'NONE', #562, 1000.000000000000000 ) ;
#2768 = DIRECTION ( 'NONE',  ( -1.000000000000000000, 0.000000000000000000, 0.000000000000000000 ) ) ;
#2769 = ORIENTED_EDGE ( 'NONE', *, *, #2020, .F. ) ;
#2770 = DIRECTION ( 'NONE',  ( -1.000000000000000000, 0.000000000000000000, 0.000000000000000000 ) ) ;
#2771 = PLANE ( 'NONE',  #2822 ) ;
#2772 = FILL_AREA_STYLE ('',( #2280 ) ) ;
#2773 = CARTESIAN_POINT ( 'NONE',  ( -11.69999999999999574, 1.399999999999999911, 13.27999999999999936 ) ) ;
#2774 = VERTEX_POINT ( 'NONE', #120 ) ;
#2775 = LINE ( 'NONE', #580, #1034 ) ;
#2776 = SURFACE_STYLE_FILL_AREA ( #2038 ) ;
#2777 = VERTEX_POINT ( 'NONE', #1832 ) ;
#2778 = LINE ( 'NONE', #1050, #1328 ) ;
#2779 = VERTEX_POINT ( 'NONE', #869 ) ;
#2780 = VECTOR ( 'NONE', #1192, 1000.000000000000000 ) ;
#2781 = LINE ( 'NONE', #1075, #1109 ) ;
#2782 = VECTOR ( 'NONE', #1709, 1000.000000000000000 ) ;
#2783 = VECTOR ( 'NONE', #2754, 1000.000000000000000 ) ;
#2784 = EDGE_CURVE ( 'NONE', #3111, #1129, #913, .T. ) ;
#2785 = ORIENTED_EDGE ( 'NONE', *, *, #2599, .T. ) ;
#2786 = CARTESIAN_POINT ( 'NONE',  ( 1.779999999999996030, -1.390196573203009045, -4.110000000000001208 ) ) ;
#2787 = AXIS2_PLACEMENT_3D ( 'NONE', #1321, #522, #101 ) ;
#2788 = ORIENTED_EDGE ( 'NONE', *, *, #1173, .F. ) ;
#2789 =( GEOMETRIC_REPRESENTATION_CONTEXT ( 3 ) GLOBAL_UNCERTAINTY_ASSIGNED_CONTEXT ( ( #1400 ) ) GLOBAL_UNIT_ASSIGNED_CONTEXT ( ( #1723, #724, #1690 ) ) REPRESENTATION_CONTEXT ( 'NONE', 'WORKASPACE' ) );
#2790 = SURFACE_STYLE_FILL_AREA ( #1102 ) ;
#2791 = DIRECTION ( 'NONE',  ( -1.000000000000000000, -0.000000000000000000, -0.000000000000000000 ) ) ;
#2792 = VERTEX_POINT ( 'NONE', #1593 ) ;
#2793 = ORIENTED_EDGE ( 'NONE', *, *, #2254, .T. ) ;
#2794 = LINE ( 'NONE', #2056, #1964 ) ;
#2795 = FACE_OUTER_BOUND ( 'NONE', #1220, .T. ) ;
#2796 = VERTEX_POINT ( 'NONE', #407 ) ;
#2797 = CARTESIAN_POINT ( 'NONE',  ( 0.05999999999999495320, -1.385196573203009374, -6.110000000000000320 ) ) ;
#2798 = VERTEX_POINT ( 'NONE', #137 ) ;
#2799 = PLANE ( 'NONE',  #1234 ) ;
#2800 = STYLED_ITEM ( 'NONE', ( #848 ), #1737 ) ;
#2801 = ORIENTED_EDGE ( 'NONE', *, *, #119, .T. ) ;
#2802 = VECTOR ( 'NONE', #2356, 1000.000000000000000 ) ;
#2803 = CARTESIAN_POINT ( 'NONE',  ( -0.6400000000000051203, -1.390196573203009045, -3.109999999999999876 ) ) ;
#2804 = ORIENTED_EDGE ( 'NONE', *, *, #1027, .F. ) ;
#2805 = EDGE_CURVE ( 'NONE', #1043, #242, #1162, .T. ) ;
#2806 = LINE ( 'NONE', #1314, #339 ) ;
#2807 = VECTOR ( 'NONE', #2939, 1000.000000000000000 ) ;
#2808 = CARTESIAN_POINT ( 'NONE',  ( -5.540000000000002700, -1.390196573203009267, -6.110000000000000320 ) ) ;
#2809 = PRESENTATION_LAYER_ASSIGNMENT (  '', '', ( #1399 ) ) ;
#2810 = EDGE_CURVE ( 'NONE', #2774, #2861, #1411, .T. ) ;
#2811 = LINE ( 'NONE', #1810, #2767 ) ;
#2812 = CARTESIAN_POINT ( 'NONE',  ( -6.240000000000002878, -1.385196573203009152, -3.109999999999999876 ) ) ;
#2813 = ORIENTED_EDGE ( 'NONE', *, *, #2492, .T. ) ;
#2814 = EDGE_LOOP ( 'NONE', ( #852, #898, #2598, #336 ) ) ;
#2815 = CARTESIAN_POINT ( 'NONE',  ( -2.740000000000003766, -1.385196573203009152, -3.109999999999999876 ) ) ;
#2816 = FACE_OUTER_BOUND ( 'NONE', #1084, .T. ) ;
#2817 = ORIENTED_EDGE ( 'NONE', *, *, #1682, .T. ) ;
#2818 = FILL_AREA_STYLE ('',( #889 ) ) ;
#2819 = CARTESIAN_POINT ( 'NONE',  ( -4.140000000000003233, -1.385196573203009152, -3.109999999999999876 ) ) ;
#2820 = SURFACE_STYLE_USAGE ( .BOTH. , #2105 ) ;
#2821 = PRESENTATION_LAYER_ASSIGNMENT (  '', '', ( #1460 ) ) ;
#2822 = AXIS2_PLACEMENT_3D ( 'NONE', #147, #2137, #2121 ) ;
#2823 = CARTESIAN_POINT ( 'NONE',  ( -1.340000000000004299, -1.385196573203009374, -6.110000000000000320 ) ) ;
#2824 = CIRCLE ( 'NONE', #1462, 0.5950982866015052108 ) ;
#2825 = STYLED_ITEM ( 'NONE', ( #1196 ), #2346 ) ;
#2826 = ORIENTED_EDGE ( 'NONE', *, *, #2984, .F. ) ;
#2827 = EDGE_CURVE ( 'NONE', #2524, #3027, #2147, .T. ) ;
#2828 = ADVANCED_FACE ( 'NONE', ( #1625 ), #155, .F. ) ;
#2829 =( NAMED_UNIT ( * ) SI_UNIT ( $, .STERADIAN. ) SOLID_ANGLE_UNIT ( ) );
#2830 = FACE_OUTER_BOUND ( 'NONE', #1959, .T. ) ;
#2831 = ORIENTED_EDGE ( 'NONE', *, *, #471, .T. ) ;
#2832 = ORIENTED_EDGE ( 'NONE', *, *, #1738, .F. ) ;
#2833 = CARTESIAN_POINT ( 'NONE',  ( -11.69999999999999574, 1.399999999999999911, -10.11999999999999744 ) ) ;
#2834 = DIRECTION ( 'NONE',  ( -1.000000000000000000, -0.000000000000000000, -0.000000000000000000 ) ) ;
#2835 = ORIENTED_EDGE ( 'NONE', *, *, #780, .F. ) ;
#2836 = CARTESIAN_POINT ( 'NONE',  ( 25.72960514313748348, -0.5950982866015045447, -14.86415607913129477 ) ) ;
#2837 = PRESENTATION_LAYER_ASSIGNMENT (  '', '', ( #578 ) ) ;
#2838 = DIRECTION ( 'NONE',  ( 2.891205793294678819E-16, 0.000000000000000000, -1.000000000000000000 ) ) ;
#2839 =( GEOMETRIC_REPRESENTATION_CONTEXT ( 3 ) GLOBAL_UNCERTAINTY_ASSIGNED_CONTEXT ( ( #2436 ) ) GLOBAL_UNIT_ASSIGNED_CONTEXT ( ( #2572, #621, #2032 ) ) REPRESENTATION_CONTEXT ( 'NONE', 'WORKASPACE' ) );
#2840 = SURFACE_SIDE_STYLE ('',( #1910 ) ) ;
#2841 =( NAMED_UNIT ( * ) SI_UNIT ( $, .STERADIAN. ) SOLID_ANGLE_UNIT ( ) );
#2842 =( GEOMETRIC_REPRESENTATION_CONTEXT ( 3 ) GLOBAL_UNCERTAINTY_ASSIGNED_CONTEXT ( ( #1498 ) ) GLOBAL_UNIT_ASSIGNED_CONTEXT ( ( #2660, #1483, #12 ) ) REPRESENTATION_CONTEXT ( 'NONE', 'WORKASPACE' ) );
#2843 = CARTESIAN_POINT ( 'NONE',  ( -3.090000000000004743, -1.385196573203009152, -3.109999999999999876 ) ) ;
#2844 = VERTEX_POINT ( 'NONE', #184 ) ;
#2845 = ADVANCED_FACE ( 'NONE', ( #1179 ), #427, .T. ) ;
#2846 = ORIENTED_EDGE ( 'NONE', *, *, #1330, .T. ) ;
#2847 = LINE ( 'NONE', #662, #458 ) ;
#2848 = EDGE_CURVE ( 'NONE', #2971, #3172, #253, .T. ) ;
#2849 = CARTESIAN_POINT ( 'NONE',  ( -6.940000000000001279, -1.390196573203009045, -3.109999999999999876 ) ) ;
#2850 = AXIS2_PLACEMENT_3D ( 'NONE', #3032, #1134, #1616 ) ;
#2851 = CARTESIAN_POINT ( 'NONE',  ( -3.790000000000003588, -1.385196573203009374, -6.110000000000000320 ) ) ;
#2852 = UNCERTAINTY_MEASURE_WITH_UNIT (LENGTH_MEASURE( 1.000000000000000082E-05 ), #2930, 'distance_accuracy_value', 'NONE');
#2853 = PRESENTATION_LAYER_ASSIGNMENT (  '', '', ( #2553 ) ) ;
#2854 = LINE ( 'NONE', #2120, #675 ) ;
#2855 = ADVANCED_FACE ( 'NONE', ( #490 ), #2441, .F. ) ;
#2856 = FACE_OUTER_BOUND ( 'NONE', #1715, .T. ) ;
#2857 = CARTESIAN_POINT ( 'NONE',  ( -4.490000000000004654, -1.385196573203009152, -3.109999999999999876 ) ) ;
#2858 = PRESENTATION_STYLE_ASSIGNMENT (( #1895 ) ) ;
#2859 = MECHANICAL_DESIGN_GEOMETRIC_PRESENTATION_REPRESENTATION (  '', ( #241 ), #1950 ) ;
#2860 = VECTOR ( 'NONE', #1519, 1000.000000000000000 ) ;
#2861 = VERTEX_POINT ( 'NONE', #1183 ) ;
#2862 = ORIENTED_EDGE ( 'NONE', *, *, #2579, .T. ) ;
#2863 = PRESENTATION_LAYER_ASSIGNMENT (  '', '', ( #2462 ) ) ;
#2864 = VECTOR ( 'NONE', #3089, 1000.000000000000000 ) ;
#2865 = LINE ( 'NONE', #2601, #890 ) ;
#2866 = FILL_AREA_STYLE_COLOUR ( '', #1219 ) ;
#2867 = EDGE_CURVE ( 'NONE', #1562, #972, #710, .T. ) ;
#2868 = FILL_AREA_STYLE_COLOUR ( '', #2665 ) ;
#2869 = EDGE_CURVE ( 'NONE', #1499, #2779, #2414, .T. ) ;
#2870 = EDGE_CURVE ( 'NONE', #2552, #2453, #1966, .T. ) ;
#2871 = UNCERTAINTY_MEASURE_WITH_UNIT (LENGTH_MEASURE( 1.000000000000000082E-05 ), #1758, 'distance_accuracy_value', 'NONE');
#2872 = DIRECTION ( 'NONE',  ( 0.000000000000000000, 1.000000000000000000, -7.228014483236695816E-17 ) ) ;
#2873 =( NAMED_UNIT ( * ) PLANE_ANGLE_UNIT ( ) SI_UNIT ( $, .RADIAN. ) );
#2874 = PRESENTATION_STYLE_ASSIGNMENT (( #923 ) ) ;
#2875 = DIRECTION ( 'NONE',  ( 1.000000000000000000, 0.000000000000000000, 0.000000000000000000 ) ) ;
#2876 = CARTESIAN_POINT ( 'NONE',  ( -13.08000000000000362, 1.499999999999998446, -7.110000000000000320 ) ) ;
#2877 = ORIENTED_EDGE ( 'NONE', *, *, #2326, .T. ) ;
#2878 = ORIENTED_EDGE ( 'NONE', *, *, #1262, .F. ) ;
#2879 =( LENGTH_UNIT ( ) NAMED_UNIT ( * ) SI_UNIT ( .MILLI., .METRE. ) );
#2880 = SURFACE_STYLE_FILL_AREA ( #1948 ) ;
#2881 = FILL_AREA_STYLE_COLOUR ( '', #821 ) ;
#2882 = EDGE_CURVE ( 'NONE', #2654, #350, #1920, .T. ) ;
#2883 = DIRECTION ( 'NONE',  ( 1.000000000000000000, 0.000000000000000000, 0.000000000000000000 ) ) ;
#2884 = CARTESIAN_POINT ( 'NONE',  ( -1.340000000000004299, -1.385196573203009152, -3.109999999999999876 ) ) ;
#2885 = VECTOR ( 'NONE', #1032, 1000.000000000000000 ) ;
#2886 =( NAMED_UNIT ( * ) PLANE_ANGLE_UNIT ( ) SI_UNIT ( $, .RADIAN. ) );
#2887 =( NAMED_UNIT ( * ) PLANE_ANGLE_UNIT ( ) SI_UNIT ( $, .RADIAN. ) );
#2888 = MECHANICAL_DESIGN_GEOMETRIC_PRESENTATION_REPRESENTATION (  '', ( #2483 ), #530 ) ;
#2889 = SURFACE_SIDE_STYLE ('',( #1926 ) ) ;
#2890 = ORIENTED_EDGE ( 'NONE', *, *, #2905, .T. ) ;
#2891 = VECTOR ( 'NONE', #1428, 1000.000000000000000 ) ;
#2892 = ORIENTED_EDGE ( 'NONE', *, *, #357, .F. ) ;
#2893 = LINE ( 'NONE', #690, #3085 ) ;
#2894 = CARTESIAN_POINT ( 'NONE',  ( 25.72960514313748348, -1.390196573203009045, -3.109999999999999876 ) ) ;
#2895 = LINE ( 'NONE', #1242, #1724 ) ;
#2896 = AXIS2_PLACEMENT_3D ( 'NONE', #2630, #692, #3144 ) ;
#2897 = CARTESIAN_POINT ( 'NONE',  ( -13.08000000000000362, 1.500000000000000000, 14.60999999999999943 ) ) ;
#2898 = DIRECTION ( 'NONE',  ( -1.000000000000000000, -0.000000000000000000, -0.000000000000000000 ) ) ;
#2899 = SURFACE_STYLE_USAGE ( .BOTH. , #2400 ) ;
#2900 = CARTESIAN_POINT ( 'NONE',  ( -13.08000000000000362, 0.000000000000000000, -14.60999999999999943 ) ) ;
#2901 = EDGE_CURVE ( 'NONE', #2433, #421, #934, .T. ) ;
#2902 = COLOUR_RGB ( '',0.4039215686274509887, 0.3176470588235293935, 0.000000000000000000 ) ;
#2903 = AXIS2_PLACEMENT_3D ( 'NONE', #1418, #1188, #2165 ) ;
#2904 = CARTESIAN_POINT ( 'NONE',  ( -3.440000000000003499, -1.390196573203009267, -6.110000000000000320 ) ) ;
#2905 = EDGE_CURVE ( 'NONE', #951, #1308, #1935, .T. ) ;
#2906 =( LENGTH_UNIT ( ) NAMED_UNIT ( * ) SI_UNIT ( .MILLI., .METRE. ) );
#2907 = EDGE_CURVE ( 'NONE', #350, #1557, #2645, .T. ) ;
#2908 = VERTEX_POINT ( 'NONE', #441 ) ;
#2909 = ORIENTED_EDGE ( 'NONE', *, *, #597, .F. ) ;
#2910 = FILL_AREA_STYLE ('',( #2478 ) ) ;
#2911 = MECHANICAL_DESIGN_GEOMETRIC_PRESENTATION_REPRESENTATION (  '', ( #2002 ), #1953 ) ;
#2912 = UNCERTAINTY_MEASURE_WITH_UNIT (LENGTH_MEASURE( 1.000000000000000082E-05 ), #1014, 'distance_accuracy_value', 'NONE');
#2913 =( NAMED_UNIT ( * ) PLANE_ANGLE_UNIT ( ) SI_UNIT ( $, .RADIAN. ) );
#2914 = LINE ( 'NONE', #218, #352 ) ;
#2915 = AXIS2_PLACEMENT_3D ( 'NONE', #656, #1621, #1652 ) ;
#2916 = PRESENTATION_STYLE_ASSIGNMENT (( #292 ) ) ;
#2917 = CARTESIAN_POINT ( 'NONE',  ( -6.940000000000001279, -1.385196573203009374, -6.110000000000000320 ) ) ;
#2918 = SURFACE_SIDE_STYLE ('',( #1954 ) ) ;
#2919 =( NAMED_UNIT ( * ) PLANE_ANGLE_UNIT ( ) SI_UNIT ( $, .RADIAN. ) );
#2920 = EDGE_CURVE ( 'NONE', #2616, #3154, #200, .T. ) ;
#2921 =( NAMED_UNIT ( * ) PLANE_ANGLE_UNIT ( ) SI_UNIT ( $, .RADIAN. ) );
#2922 = CARTESIAN_POINT ( 'NONE',  ( -6.940000000000001279, -1.385196573203009374, -6.110000000000000320 ) ) ;
#2923 = EDGE_CURVE ( 'NONE', #2408, #363, #1464, .T. ) ;
#2924 = ORIENTED_EDGE ( 'NONE', *, *, #54, .F. ) ;
#2925 = ORIENTED_EDGE ( 'NONE', *, *, #948, .F. ) ;
#2926 = VECTOR ( 'NONE', #2536, 1000.000000000000000 ) ;
#2927 = CARTESIAN_POINT ( 'NONE',  ( -8.620000000000002771, -1.190196573203009089, -4.110000000000000320 ) ) ;
#2928 = CARTESIAN_POINT ( 'NONE',  ( -6.590000000000003411, -1.390196573203009045, -3.109999999999999876 ) ) ;
#2929 = PRESENTATION_LAYER_ASSIGNMENT (  '', '', ( #2663 ) ) ;
#2930 =( LENGTH_UNIT ( ) NAMED_UNIT ( * ) SI_UNIT ( .MILLI., .METRE. ) );
#2931 = SURFACE_STYLE_FILL_AREA ( #769 ) ;
#2932 = ORIENTED_EDGE ( 'NONE', *, *, #1288, .T. ) ;
#2933 = PLANE ( 'NONE',  #351 ) ;
#2934 = PRESENTATION_STYLE_ASSIGNMENT (( #1772 ) ) ;
#2935 = LINE ( 'NONE', #2473, #1932 ) ;
#2936 = MECHANICAL_DESIGN_GEOMETRIC_PRESENTATION_REPRESENTATION (  '', ( #1666 ), #897 ) ;
#2937 =( GEOMETRIC_REPRESENTATION_CONTEXT ( 3 ) GLOBAL_UNCERTAINTY_ASSIGNED_CONTEXT ( ( #1661 ) ) GLOBAL_UNIT_ASSIGNED_CONTEXT ( ( #3163, #2733, #492 ) ) REPRESENTATION_CONTEXT ( 'NONE', 'WORKASPACE' ) );
#2938 = SURFACE_STYLE_FILL_AREA ( #2248 ) ;
#2939 = DIRECTION ( 'NONE',  ( 1.000000000000000000, 0.000000000000000000, 0.000000000000000000 ) ) ;
#2940 = ORIENTED_EDGE ( 'NONE', *, *, #1497, .F. ) ;
#2941 = VECTOR ( 'NONE', #1029, 1000.000000000000000 ) ;
#2942 = VERTEX_POINT ( 'NONE', #1952 ) ;
#2943 = SURFACE_STYLE_USAGE ( .BOTH. , #1971 ) ;
#2944 = MECHANICAL_DESIGN_GEOMETRIC_PRESENTATION_REPRESENTATION (  '', ( #2391 ), #334 ) ;
#2945 =( GEOMETRIC_REPRESENTATION_CONTEXT ( 3 ) GLOBAL_UNCERTAINTY_ASSIGNED_CONTEXT ( ( #2912 ) ) GLOBAL_UNIT_ASSIGNED_CONTEXT ( ( #1014, #2921, #964 ) ) REPRESENTATION_CONTEXT ( 'NONE', 'WORKASPACE' ) );
#2946 = DIRECTION ( 'NONE',  ( -0.000000000000000000, -1.000000000000000000, 7.379191939847947013E-17 ) ) ;
#2947 = ORIENTED_EDGE ( 'NONE', *, *, #310, .F. ) ;
#2948 = FACE_OUTER_BOUND ( 'NONE', #829, .T. ) ;
#2949 = CARTESIAN_POINT ( 'NONE',  ( -4.140000000000003233, -1.385196573203009374, -6.110000000000000320 ) ) ;
#2950 = PLANE ( 'NONE',  #910 ) ;
#2951 = DIRECTION ( 'NONE',  ( -1.000000000000000000, -0.000000000000000000, -0.000000000000000000 ) ) ;
#2952 = LINE ( 'NONE', #2695, #3050 ) ;
#2953 = FACE_OUTER_BOUND ( 'NONE', #3126, .T. ) ;
#2954 = EDGE_CURVE ( 'NONE', #315, #1146, #975, .T. ) ;
#2955 = CIRCLE ( 'NONE', #2399, 1.000000000000000000 ) ;
#2956 = VERTEX_POINT ( 'NONE', #472 ) ;
#2957 = PRESENTATION_LAYER_ASSIGNMENT (  '', '', ( #1333 ) ) ;
#2958 = UNCERTAINTY_MEASURE_WITH_UNIT (LENGTH_MEASURE( 1.000000000000000082E-05 ), #1876, 'distance_accuracy_value', 'NONE');
#2959 = CARTESIAN_POINT ( 'NONE',  ( -1.340000000000004299, -1.385196573203009374, -6.110000000000000320 ) ) ;
#2960 = EDGE_LOOP ( 'NONE', ( #343, #1826, #453, #501 ) ) ;
#2961 = DIRECTION ( 'NONE',  ( 0.000000000000000000, -7.379191939847947013E-17, -1.000000000000000000 ) ) ;
#2962 = PLANE ( 'NONE',  #766 ) ;
#2963 = ADVANCED_FACE ( 'NONE', ( #1472 ), #314, .F. ) ;
#2964 = EDGE_CURVE ( 'NONE', #2792, #2764, #1305, .T. ) ;
#2965 = CARTESIAN_POINT ( 'NONE',  ( -13.08000000000000362, 0.2000000000000007327, -14.60999999999999943 ) ) ;
#2966 = ADVANCED_FACE ( 'NONE', ( #1055 ), #539, .F. ) ;
#2967 = MECHANICAL_DESIGN_GEOMETRIC_PRESENTATION_REPRESENTATION (  '', ( #1399 ), #2659 ) ;
#2968 = LINE ( 'NONE', #1256, #2782 ) ;
#2969 = CARTESIAN_POINT ( 'NONE',  ( -2.040000000000003588, -1.390196573203009267, -6.110000000000000320 ) ) ;
#2970 = SURFACE_STYLE_USAGE ( .BOTH. , #1015 ) ;
#2971 = VERTEX_POINT ( 'NONE', #2485 ) ;
#2972 =( GEOMETRIC_REPRESENTATION_CONTEXT ( 3 ) GLOBAL_UNCERTAINTY_ASSIGNED_CONTEXT ( ( #3133 ) ) GLOBAL_UNIT_ASSIGNED_CONTEXT ( ( #2104, #872, #1856 ) ) REPRESENTATION_CONTEXT ( 'NONE', 'WORKASPACE' ) );
#2973 = FACE_OUTER_BOUND ( 'NONE', #123, .T. ) ;
#2974 = VERTEX_POINT ( 'NONE', #282 ) ;
#2975 = CYLINDRICAL_SURFACE ( 'NONE', #2278, 1.000000000000000000 ) ;
#2976 = PRESENTATION_LAYER_ASSIGNMENT (  '', '', ( #2072 ) ) ;
#2977 = UNCERTAINTY_MEASURE_WITH_UNIT (LENGTH_MEASURE( 1.000000000000000082E-05 ), #3046, 'distance_accuracy_value', 'NONE');
#2978 = DIRECTION ( 'NONE',  ( -5.782411586589356653E-16, 7.228014483236695816E-17, 1.000000000000000000 ) ) ;
#2979 = ORIENTED_EDGE ( 'NONE', *, *, #1408, .F. ) ;
#2980 = FILL_AREA_STYLE_COLOUR ( '', #1633 ) ;
#2981 = CARTESIAN_POINT ( 'NONE',  ( -4.840000000000004299, -1.390196573203009045, -3.109999999999999876 ) ) ;
#2982 = ORIENTED_EDGE ( 'NONE', *, *, #780, .T. ) ;
#2983 = LINE ( 'NONE', #795, #1516 ) ;
#2984 = EDGE_CURVE ( 'NONE', #1480, #2942, #1739, .T. ) ;
#2985 = EDGE_LOOP ( 'NONE', ( #2325, #688, #2132, #166 ) ) ;
#2986 = DIRECTION ( 'NONE',  ( 1.000000000000000000, 2.133476248632177812E-32, 2.891205793294678819E-16 ) ) ;
#2987 = ORIENTED_EDGE ( 'NONE', *, *, #548, .T. ) ;
#2988 = DIRECTION ( 'NONE',  ( -0.000000000000000000, -1.000000000000000000, 7.379191939847947013E-17 ) ) ;
#2989 = DIRECTION ( 'NONE',  ( 0.000000000000000000, 1.000000000000000000, -0.000000000000000000 ) ) ;
#2990 = PRESENTATION_LAYER_ASSIGNMENT (  '', '', ( #1980 ) ) ;
#2991 = ORIENTED_EDGE ( 'NONE', *, *, #3024, .F. ) ;
#2992 =( NAMED_UNIT ( * ) SI_UNIT ( $, .STERADIAN. ) SOLID_ANGLE_UNIT ( ) );
#2993 = FILL_AREA_STYLE ('',( #2515 ) ) ;
#2994 = CARTESIAN_POINT ( 'NONE',  ( -7.620000000000001883, -1.190196573203009089, -4.110000000000000320 ) ) ;
#2995 = ORIENTED_EDGE ( 'NONE', *, *, #2723, .F. ) ;
#2996 = DIRECTION ( 'NONE',  ( 0.000000000000000000, -1.000000000000000000, 7.379191939847947013E-17 ) ) ;
#2997 = PRODUCT_DEFINITION_FORMATION_WITH_SPECIFIED_SOURCE ( 'ä»', '', #3115, .NOT_KNOWN. ) ;
#2998 = DIRECTION ( 'NONE',  ( 0.000000000000000000, 1.000000000000000000, -7.228014483236695816E-17 ) ) ;
#2999 = DIRECTION ( 'NONE',  ( -0.000000000000000000, -1.000000000000000000, 7.379191939847947013E-17 ) ) ;
#3000 = MECHANICAL_DESIGN_GEOMETRIC_PRESENTATION_REPRESENTATION (  '', ( #757 ), #1990 ) ;
#3001 = VERTEX_POINT ( 'NONE', #1501 ) ;
#3002 = ADVANCED_FACE ( 'NONE', ( #555 ), #2950, .F. ) ;
#3003 = CARTESIAN_POINT ( 'NONE',  ( 13.07999999999999652, 0.000000000000000000, 14.60999999999999943 ) ) ;
#3004 = PLANE ( 'NONE',  #1010 ) ;
#3005 = CIRCLE ( 'NONE', #2903, 1.000000000000000000 ) ;
#3006 = VECTOR ( 'NONE', #1732, 1000.000000000000000 ) ;
#3007 = VERTEX_POINT ( 'NONE', #509 ) ;
#3008 = CARTESIAN_POINT ( 'NONE',  ( -4.490000000000004654, -1.385196573203009152, -3.109999999999999876 ) ) ;
#3009 = DIRECTION ( 'NONE',  ( 0.000000000000000000, -1.000000000000000000, 0.000000000000000000 ) ) ;
#3010 = ORIENTED_EDGE ( 'NONE', *, *, #411, .F. ) ;
#3011 = SURFACE_SIDE_STYLE ('',( #2011 ) ) ;
#3012 = VECTOR ( 'NONE', #374, 1000.000000000000000 ) ;
#3013 = CARTESIAN_POINT ( 'NONE',  ( -6.590000000000002522, -1.390196573203009267, -6.110000000000000320 ) ) ;
#3014 = MECHANICAL_DESIGN_GEOMETRIC_PRESENTATION_REPRESENTATION (  '', ( #2300 ), #1338 ) ;
#3015 = DIRECTION ( 'NONE',  ( 0.000000000000000000, -7.228014483236695816E-17, -1.000000000000000000 ) ) ;
#3016 = EDGE_LOOP ( 'NONE', ( #2628, #2528, #98, #1813 ) ) ;
#3017 = AXIS2_PLACEMENT_3D ( 'NONE', #1412, #138, #1917 ) ;
#3018 = DIRECTION ( 'NONE',  ( 0.000000000000000000, -7.379191939847947013E-17, -1.000000000000000000 ) ) ;
#3019 = AXIS2_PLACEMENT_3D ( 'NONE', #3134, #1875, #1140 ) ;
#3020 = SURFACE_SIDE_STYLE ('',( #316 ) ) ;
#3021 = DIRECTION ( 'NONE',  ( -1.000000000000000000, 0.000000000000000000, 0.000000000000000000 ) ) ;
#3022 = ORIENTED_EDGE ( 'NONE', *, *, #2084, .T. ) ;
#3023 = VERTEX_POINT ( 'NONE', #52 ) ;
#3024 = EDGE_CURVE ( 'NONE', #2547, #1592, #2028, .T. ) ;
#3025 = CARTESIAN_POINT ( 'NONE',  ( -6.590000000000003411, -1.385196573203009152, -3.109999999999999876 ) ) ;
#3026 = CARTESIAN_POINT ( 'NONE',  ( -6.240000000000002878, -1.390196573203009045, -3.109999999999999876 ) ) ;
#3027 = VERTEX_POINT ( 'NONE', #141 ) ;
#3028 = DIRECTION ( 'NONE',  ( -1.000000000000000000, 0.000000000000000000, -0.000000000000000000 ) ) ;
#3029 = ORIENTED_EDGE ( 'NONE', *, *, #2304, .F. ) ;
#3030 = DIRECTION ( 'NONE',  ( -1.000000000000000000, -0.000000000000000000, -0.000000000000000000 ) ) ;
#3031 = ORIENTED_EDGE ( 'NONE', *, *, #1559, .F. ) ;
#3032 = CARTESIAN_POINT ( 'NONE',  ( 0.000000000000000000, 1.500000000000000000, 0.000000000000000000 ) ) ;
#3033 = FILL_AREA_STYLE ('',( #2087 ) ) ;
#3034 = ORIENTED_EDGE ( 'NONE', *, *, #3072, .F. ) ;
#3035 = FACE_OUTER_BOUND ( 'NONE', #888, .T. ) ;
#3036 =( NAMED_UNIT ( * ) PLANE_ANGLE_UNIT ( ) SI_UNIT ( $, .RADIAN. ) );
#3037 = LINE ( 'NONE', #843, #1070 ) ;
#3038 = ORIENTED_EDGE ( 'NONE', *, *, #2596, .F. ) ;
#3039 = DIRECTION ( 'NONE',  ( -0.000000000000000000, -1.000000000000000000, 7.379191939847947013E-17 ) ) ;
#3040 = CARTESIAN_POINT ( 'NONE',  ( 0.4099999999999937028, -1.385196573203009152, -3.109999999999999876 ) ) ;
#3041 = ORIENTED_EDGE ( 'NONE', *, *, #1262, .T. ) ;
#3042 = CARTESIAN_POINT ( 'NONE',  ( -6.240000000000002878, -1.385196573203009374, -6.110000000000000320 ) ) ;
#3043 = ORIENTED_EDGE ( 'NONE', *, *, #2870, .F. ) ;
#3044 = VECTOR ( 'NONE', #1278, 1000.000000000000000 ) ;
#3045 = DIRECTION ( 'NONE',  ( 0.000000000000000000, 0.000000000000000000, 1.000000000000000000 ) ) ;
#3046 =( LENGTH_UNIT ( ) NAMED_UNIT ( * ) SI_UNIT ( .MILLI., .METRE. ) );
#3047 = ORIENTED_EDGE ( 'NONE', *, *, #2020, .T. ) ;
#3048 =( LENGTH_UNIT ( ) NAMED_UNIT ( * ) SI_UNIT ( .MILLI., .METRE. ) );
#3049 = DIRECTION ( 'NONE',  ( 0.000000000000000000, 1.000000000000000000, -7.379191939847947013E-17 ) ) ;
#3050 = VECTOR ( 'NONE', #1760, 1000.000000000000000 ) ;
#3051 = FILL_AREA_STYLE ('',( #1546 ) ) ;
#3052 = ORIENTED_EDGE ( 'NONE', *, *, #895, .F. ) ;
#3053 = ADVANCED_FACE ( 'NONE', ( #2588 ), #2065, .T. ) ;
#3054 = MECHANICAL_DESIGN_GEOMETRIC_PRESENTATION_REPRESENTATION (  '', ( #797 ), #1167 ) ;
#3055 = FILL_AREA_STYLE ('',( #1548 ) ) ;
#3056 = PLANE ( 'NONE',  #1606 ) ;
#3057 = FACE_OUTER_BOUND ( 'NONE', #300, .T. ) ;
#3058 = FILL_AREA_STYLE ('',( #2324 ) ) ;
#3059 = VECTOR ( 'NONE', #1211, 1000.000000000000000 ) ;
#3060 = VERTEX_POINT ( 'NONE', #1396 ) ;
#3061 = PLANE ( 'NONE',  #581 ) ;
#3062 = ORIENTED_EDGE ( 'NONE', *, *, #874, .F. ) ;
#3063 = CARTESIAN_POINT ( 'NONE',  ( -0.6400000000000051203, -1.385196573203009374, -6.110000000000000320 ) ) ;
#3064 = CARTESIAN_POINT ( 'NONE',  ( 2.779999999999997584, -1.390196573203009045, -4.110000000000001208 ) ) ;
#3065 = VECTOR ( 'NONE', #952, 1000.000000000000000 ) ;
#3066 = VERTEX_POINT ( 'NONE', #2365 ) ;
#3067 = LINE ( 'NONE', #1150, #603 ) ;
#3068 = MECHANICAL_DESIGN_GEOMETRIC_PRESENTATION_REPRESENTATION (  '', ( #1333 ), #143 ) ;
#3069 = PRESENTATION_STYLE_ASSIGNMENT (( #2820 ) ) ;
#3070 = EDGE_CURVE ( 'NONE', #1279, #579, #1415, .T. ) ;
#3071 = ADVANCED_FACE ( 'NONE', ( #857, #839 ), #1629, .F. ) ;
#3072 = EDGE_CURVE ( 'NONE', #1427, #1496, #647, .T. ) ;
#3073 = CARTESIAN_POINT ( 'NONE',  ( -0.6400000000000051203, -1.390196573203009045, -3.109999999999999876 ) ) ;
#3074 = DIRECTION ( 'NONE',  ( 0.000000000000000000, 7.228014483236695816E-17, 1.000000000000000000 ) ) ;
#3075 =( NAMED_UNIT ( * ) SI_UNIT ( $, .STERADIAN. ) SOLID_ANGLE_UNIT ( ) );
#3076 = VECTOR ( 'NONE', #2989, 1000.000000000000000 ) ;
#3077 = CARTESIAN_POINT ( 'NONE',  ( -2.740000000000003766, -1.385196573203009152, -3.109999999999999876 ) ) ;
#3078 = VECTOR ( 'NONE', #181, 1000.000000000000000 ) ;
#3079 = DIRECTION ( 'NONE',  ( -0.000000000000000000, -1.000000000000000000, 7.379191939847947013E-17 ) ) ;
#3080 = CARTESIAN_POINT ( 'NONE',  ( 13.07999999999999652, 1.500000000000000000, 14.60999999999999943 ) ) ;
#3081 = VERTEX_POINT ( 'NONE', #615 ) ;
#3082 = ORIENTED_EDGE ( 'NONE', *, *, #1506, .T. ) ;
#3083 = CARTESIAN_POINT ( 'NONE',  ( -11.69999999999999574, 1.500000000000000000, 13.27999999999999936 ) ) ;
#3084 = FILL_AREA_STYLE ('',( #1870 ) ) ;
#3085 = VECTOR ( 'NONE', #229, 1000.000000000000000 ) ;
#3086 = ORIENTED_EDGE ( 'NONE', *, *, #2556, .F. ) ;
#3087 = CARTESIAN_POINT ( 'NONE',  ( -4.840000000000002522, -1.390196573203009045, -3.109999999999999876 ) ) ;
#3088 = CIRCLE ( 'NONE', #305, 0.5950982866015052108 ) ;
#3089 = DIRECTION ( 'NONE',  ( -1.000000000000000000, -0.000000000000000000, -0.000000000000000000 ) ) ;
#3090 = COLOUR_RGB ( '',0.4039215686274509887, 0.3176470588235293935, 0.000000000000000000 ) ;
#3091 = LINE ( 'NONE', #417, #1735 ) ;
#3092 = CARTESIAN_POINT ( 'NONE',  ( -1.340000000000004299, -1.385196573203009374, -6.110000000000000320 ) ) ;
#3093 = EDGE_CURVE ( 'NONE', #1129, #1320, #2603, .T. ) ;
#3094 = FILL_AREA_STYLE_COLOUR ( '', #1018 ) ;
#3095 = ORIENTED_EDGE ( 'NONE', *, *, #1046, .T. ) ;
#3096 = ORIENTED_EDGE ( 'NONE', *, *, #1524, .T. ) ;
#3097 = DIRECTION ( 'NONE',  ( -0.000000000000000000, -1.000000000000000000, 7.379191939847947013E-17 ) ) ;
#3098 = FACE_OUTER_BOUND ( 'NONE', #3185, .T. ) ;
#3099 = EDGE_CURVE ( 'NONE', #1567, #2552, #1817, .T. ) ;
#3100 = DIRECTION ( 'NONE',  ( -1.000000000000000000, 0.000000000000000000, 0.000000000000000000 ) ) ;
#3101 = PRESENTATION_LAYER_ASSIGNMENT (  '', '', ( #1878 ) ) ;
#3102 = SURFACE_STYLE_USAGE ( .BOTH. , #2163 ) ;
#3103 = VECTOR ( 'NONE', #1110, 1000.000000000000000 ) ;
#3104 = DIRECTION ( 'NONE',  ( 0.000000000000000000, -0.000000000000000000, -1.000000000000000000 ) ) ;
#3105 = DIRECTION ( 'NONE',  ( 0.000000000000000000, 0.000000000000000000, -1.000000000000000000 ) ) ;
#3106 =( GEOMETRIC_REPRESENTATION_CONTEXT ( 3 ) GLOBAL_UNCERTAINTY_ASSIGNED_CONTEXT ( ( #752 ) ) GLOBAL_UNIT_ASSIGNED_CONTEXT ( ( #541, #1290, #2413 ) ) REPRESENTATION_CONTEXT ( 'NONE', 'WORKASPACE' ) );
#3107 = CARTESIAN_POINT ( 'NONE',  ( -8.620000000000002771, -1.390196573203009267, -5.110000000000000320 ) ) ;
#3108 = FACE_OUTER_BOUND ( 'NONE', #2960, .T. ) ;
#3109 = EDGE_CURVE ( 'NONE', #364, #2974, #3067, .T. ) ;
#3110 = PRODUCT_RELATED_PRODUCT_CATEGORY ( 'part', '', ( #3115 ) ) ;
#3111 = VERTEX_POINT ( 'NONE', #871 ) ;
#3112 = ORIENTED_EDGE ( 'NONE', *, *, #1165, .F. ) ;
#3113 = FILL_AREA_STYLE_COLOUR ( '', #1983 ) ;
#3114 = VECTOR ( 'NONE', #3100, 1000.000000000000000 ) ;
#3115 = PRODUCT ( '1.3\X2\5bf8\X0\240\X2\5c4f5e55710a63a5\X0\', '1.3\X2\5bf8\X0\240\X2\5c4f5e55710a63a5\X0\', '', ( #954 ) ) ;
#3116 = VECTOR ( 'NONE', #1830, 1000.000000000000000 ) ;
#3117 =( GEOMETRIC_REPRESENTATION_CONTEXT ( 3 ) GLOBAL_UNCERTAINTY_ASSIGNED_CONTEXT ( ( #3175 ) ) GLOBAL_UNIT_ASSIGNED_CONTEXT ( ( #2110, #3036, #3075 ) ) REPRESENTATION_CONTEXT ( 'NONE', 'WORKASPACE' ) );
#3118 = DIRECTION ( 'NONE',  ( 0.000000000000000000, -1.000000000000000000, 0.000000000000000000 ) ) ;
#3119 = CARTESIAN_POINT ( 'NONE',  ( -13.08000000000000362, -1.190196573203009089, -7.110000000000000320 ) ) ;
#3120 = FACE_OUTER_BOUND ( 'NONE', #628, .T. ) ;
#3121 = SURFACE_STYLE_FILL_AREA ( #3150 ) ;
#3122 = AXIS2_PLACEMENT_3D ( 'NONE', #107, #2293, #88 ) ;
#3123 = PRESENTATION_STYLE_ASSIGNMENT (( #3139 ) ) ;
#3124 = DIRECTION ( 'NONE',  ( 0.000000000000000000, 0.000000000000000000, 1.000000000000000000 ) ) ;
#3125 = VECTOR ( 'NONE', #1527, 1000.000000000000000 ) ;
#3126 = EDGE_LOOP ( 'NONE', ( #3010, #677, #2422, #2466 ) ) ;
#3127 = EDGE_CURVE ( 'NONE', #1279, #1868, #2134, .T. ) ;
#3128 = ORIENTED_EDGE ( 'NONE', *, *, #1115, .T. ) ;
#3129 = COLOUR_RGB ( '',0.4039215686274509887, 0.3176470588235293935, 0.000000000000000000 ) ;
#3130 = PRESENTATION_LAYER_ASSIGNMENT (  '', '', ( #731 ) ) ;
#3131 = DIRECTION ( 'NONE',  ( 0.000000000000000000, 0.000000000000000000, 1.000000000000000000 ) ) ;
#3132 = DIRECTION ( 'NONE',  ( 0.000000000000000000, -7.228014483236695816E-17, -1.000000000000000000 ) ) ;
#3133 = UNCERTAINTY_MEASURE_WITH_UNIT (LENGTH_MEASURE( 1.000000000000000082E-05 ), #2104, 'distance_accuracy_value', 'NONE');
#3134 = CARTESIAN_POINT ( 'NONE',  ( -0.6400000000000051203, -1.385196573203009152, -3.109999999999999876 ) ) ;
#3135 = CARTESIAN_POINT ( 'NONE',  ( -0.2900000000000055311, -1.385196573203009374, -6.110000000000000320 ) ) ;
#3136 =( NAMED_UNIT ( * ) PLANE_ANGLE_UNIT ( ) SI_UNIT ( $, .RADIAN. ) );
#3137 = VECTOR ( 'NONE', #618, 1000.000000000000000 ) ;
#3138 = COLOUR_RGB ( '',0.4039215686274509887, 0.3176470588235293935, 0.000000000000000000 ) ;
#3139 = SURFACE_STYLE_USAGE ( .BOTH. , #2141 ) ;
#3140 = LINE ( 'NONE', #2128, #966 ) ;
#3141 = ORIENTED_EDGE ( 'NONE', *, *, #2599, .F. ) ;
#3142 = ORIENTED_EDGE ( 'NONE', *, *, #1740, .F. ) ;
#3143 = CARTESIAN_POINT ( 'NONE',  ( -5.540000000000002700, -1.385196573203009152, -3.109999999999999876 ) ) ;
#3144 = DIRECTION ( 'NONE',  ( 1.000000000000000000, 0.000000000000000000, 0.000000000000000000 ) ) ;
#3145 = EDGE_CURVE ( 'NONE', #2085, #2796, #2955, .T. ) ;
#3146 = DIRECTION ( 'NONE',  ( 1.000000000000000000, 0.000000000000000000, 0.000000000000000000 ) ) ;
#3147 =( LENGTH_UNIT ( ) NAMED_UNIT ( * ) SI_UNIT ( .MILLI., .METRE. ) );
#3148 = FILL_AREA_STYLE ('',( #699 ) ) ;
#3149 = EDGE_CURVE ( 'NONE', #1669, #2654, #1578, .T. ) ;
#3150 = FILL_AREA_STYLE ('',( #1206 ) ) ;
#3151 = DIRECTION ( 'NONE',  ( 1.000000000000000000, 0.000000000000000000, 0.000000000000000000 ) ) ;
#3152 = VECTOR ( 'NONE', #2041, 1000.000000000000000 ) ;
#3153 = LINE ( 'NONE', #479, #1594 ) ;
#3154 = VERTEX_POINT ( 'NONE', #665 ) ;
#3155 = PRESENTATION_LAYER_ASSIGNMENT (  '', '', ( #2391 ) ) ;
#3156 = ORIENTED_EDGE ( 'NONE', *, *, #179, .T. ) ;
#3157 = FILL_AREA_STYLE_COLOUR ( '', #862 ) ;
#3158 = CARTESIAN_POINT ( 'NONE',  ( 25.72960514313748348, -1.190196573203009089, -14.86415607913129477 ) ) ;
#3159 = LINE ( 'NONE', #3008, #1884 ) ;
#3160 = VECTOR ( 'NONE', #2749, 1000.000000000000000 ) ;
#3161 = CARTESIAN_POINT ( 'NONE',  ( 1.109999999999993880, -1.385196573203009152, -3.109999999999999876 ) ) ;
#3162 = EDGE_CURVE ( 'NONE', #771, #2481, #2317, .T. ) ;
#3163 =( LENGTH_UNIT ( ) NAMED_UNIT ( * ) SI_UNIT ( .MILLI., .METRE. ) );
#3164 = ADVANCED_FACE ( 'NONE', ( #1098 ), #2086, .F. ) ;
#3165 = CARTESIAN_POINT ( 'NONE',  ( -4.140000000000003233, -1.385196573203009152, -3.109999999999999876 ) ) ;
#3166 = DIRECTION ( 'NONE',  ( -1.000000000000000000, 0.000000000000000000, 0.000000000000000000 ) ) ;
#3167 = VECTOR ( 'NONE', #3079, 1000.000000000000000 ) ;
#3168 = DIRECTION ( 'NONE',  ( 0.000000000000000000, -7.228014483236695816E-17, -1.000000000000000000 ) ) ;
#3169 =( LENGTH_UNIT ( ) NAMED_UNIT ( * ) SI_UNIT ( .MILLI., .METRE. ) );
#3170 = VECTOR ( 'NONE', #77, 1000.000000000000000 ) ;
#3171 = VERTEX_POINT ( 'NONE', #1459 ) ;
#3172 = VERTEX_POINT ( 'NONE', #2149 ) ;
#3173 = CARTESIAN_POINT ( 'NONE',  ( -3.790000000000004476, -1.385196573203009152, -3.109999999999999876 ) ) ;
#3174 = VECTOR ( 'NONE', #3009, 1000.000000000000000 ) ;
#3175 = UNCERTAINTY_MEASURE_WITH_UNIT (LENGTH_MEASURE( 1.000000000000000082E-05 ), #2110, 'distance_accuracy_value', 'NONE');
#3176 = DIRECTION ( 'NONE',  ( -0.000000000000000000, -1.000000000000000000, 7.379191939847947013E-17 ) ) ;
#3177 = ORIENTED_EDGE ( 'NONE', *, *, #1838, .F. ) ;
#3178 = PRESENTATION_STYLE_ASSIGNMENT (( #2202 ) ) ;
#3179 = DIRECTION ( 'NONE',  ( -2.891205793294678326E-16, 7.228014483236695816E-17, 1.000000000000000000 ) ) ;
#3180 = FILL_AREA_STYLE ('',( #1741 ) ) ;
#3181 = PRESENTATION_STYLE_ASSIGNMENT (( #2206 ) ) ;
#3182 = PRESENTATION_STYLE_ASSIGNMENT (( #2741 ) ) ;
#3183 = CARTESIAN_POINT ( 'NONE',  ( 1.109999999999994769, -1.390196573203009267, -6.110000000000000320 ) ) ;
#3184 =( GEOMETRIC_REPRESENTATION_CONTEXT ( 3 ) GLOBAL_UNCERTAINTY_ASSIGNED_CONTEXT ( ( #1266 ) ) GLOBAL_UNIT_ASSIGNED_CONTEXT ( ( #1366, #1789, #826 ) ) REPRESENTATION_CONTEXT ( 'NONE', 'WORKASPACE' ) );
#3185 = EDGE_LOOP ( 'NONE', ( #135, #2319, #2995, #2243 ) ) ;
#3186 = ORIENTED_EDGE ( 'NONE', *, *, #855, .T. ) ;
#3187 = SURFACE_STYLE_FILL_AREA ( #705 ) ;
#3188 =( NAMED_UNIT ( * ) PLANE_ANGLE_UNIT ( ) SI_UNIT ( $, .RADIAN. ) );
#3189 = DIRECTION ( 'NONE',  ( 0.000000000000000000, 7.228014483236695816E-17, 1.000000000000000000 ) ) ;
#3190 = EDGE_LOOP ( 'NONE', ( #2048, #1590, #2004, #2239 ) ) ;
#3191 = DIRECTION ( 'NONE',  ( 0.000000000000000000, -0.000000000000000000, -1.000000000000000000 ) ) ;
#3192 = CARTESIAN_POINT ( 'NONE',  ( -5.890000000000003233, -1.390196573203009267, -6.110000000000000320 ) ) ;
#3193 = EDGE_CURVE ( 'NONE', #653, #1178, #2186, .T. ) ;
#3194 = DIRECTION ( 'NONE',  ( 1.000000000000000000, 0.000000000000000000, 0.000000000000000000 ) ) ;
ENDSEC;
END-ISO-10303-21;
